Application,ProcessID,SwapChainAddress,Runtime,SyncInterval,PresentFlags,Dropped,TimeInSeconds,msInPresentAPI,msBetweenPresents,AllowsTearing,PresentMode,msUntilRenderComplete,msUntilDisplayed,msBetweenDisplayChange,msFlipDelay,msUntilRenderStart,msGPUActive,msSinceInput
mpc-hc64.exe,73104,0x0000000006963910,DXGI,0,512,1,5.69309540000000,0.93560000000000,0.55340000000000,0,Composed: Flip,0.93730000000000,0.00000000000000,0.00000000000000,0.00000000000000,-0.01770000000000,0.13980000000000,0.00000000000000
mpc-hc64.exe,73104,0x0000000006963910,DXGI,0,512,1,5.87738270000000,0.11060000000000,184.28730000000002,0,Composed: Flip,0.13280000000000,0.00000000000000,0.00000000000000,0.00000000000000,-0.01930000000000,0.14420000000000,0.00000000000000
mpc-hc64.exe,73104,0x0000000006963910,DXGI,0,512,1,5.87590720000000,1.37810000000000,0.00000000000000,0,Composed: Flip,1.37930000000000,0.00000000000000,0.00000000000000,0.00000000000000,-175.12800000000001,25.12580000000000,0.00000000000000
mpc-hc64.exe,73104,0x0000000006963910,DXGI,0,512,1,5.89359660000000,0.13480000000000,17.68940000000000,0,Composed: Flip,0.90670000000000,0.00000000000000,0.00000000000000,0.00000000000000,-11.37940000000000,10.35580000000000,0.00000000000000
mpc-hc64.exe,73104,0x0000000006963910,DXGI,0,512,0,5.89459170000000,0.42650000000000,0.99510000000000,1,Hardware: Independent Flip,0.46650000000000,14.44530000000000,208.22600000000000,0.00000000000000,-0.08840000000000,0.10320000000000,0.00000000000000
mpc-hc64.exe,73104,0x0000000006963910,DXGI,0,512,0,5.91320450000000,0.18260000000000,18.61280000000000,1,Hardware: Independent Flip,1.03130000000000,1.03130000000000,5.19880000000000,0.00000000000000,-16.94510000000000,12.48380000000000,0.00000000000000
mpc-hc64.exe,73104,0x0000000006963910,DXGI,0,512,0,5.91344740000000,0.98180000000000,0.24290000000000,1,Hardware: Independent Flip,1.01790000000000,6.92770000000000,6.13930000000000,5.90980000000000,0.78840000000000,0.06680000000000,0.00000000000000
mpc-hc64.exe,73104,0x0000000006963910,DXGI,0,512,0,5.92695450000000,0.18180000000000,13.50710000000000,1,Hardware: Independent Flip,1.06770000000000,2.54870000000000,9.12810000000000,1.48100000000000,-12.48920000000000,11.98160000000000,0.00000000000000
mpc-hc64.exe,73104,0x0000000006963910,DXGI,0,512,0,5.92721300000000,0.13340000000000,0.25850000000000,1,Hardware: Independent Flip,0.87150000000000,7.59890000000000,5.30870000000000,6.72740000000000,0.80920000000000,0.05900000000000,0.00000000000000
mpc-hc64.exe,73104,0x0000000006963910,DXGI,0,512,0,5.94027500000000,0.15600000000000,13.06200000000000,1,Hardware: Independent Flip,0.96720000000000,0.96720000000000,6.43030000000000,0.00000000000000,-12.19050000000000,11.65460000000000,0.00000000000000
mpc-hc64.exe,73104,0x0000000006963910,DXGI,0,512,0,5.94048660000000,0.08960000000000,0.21160000000000,1,Hardware: Independent Flip,0.81470000000000,7.34540000000000,6.58980000000000,6.53070000000000,0.75560000000000,0.05640000000000,0.00000000000000
mpc-hc64.exe,73104,0x0000000006963910,DXGI,0,512,0,5.95414160000000,0.21350000000000,13.65500000000000,1,Hardware: Independent Flip,0.96760000000000,2.51600000000000,8.82560000000000,1.54840000000000,-12.84030000000000,11.74190000000000,0.00000000000000
mpc-hc64.exe,73104,0x0000000006963910,DXGI,0,512,0,5.95441700000000,0.08920000000000,0.27540000000000,1,Hardware: Independent Flip,0.75730000000000,7.60380000000000,5.36320000000000,6.84650000000000,0.69220000000000,0.06220000000000,0.00000000000000
mpc-hc64.exe,73104,0x0000000006963910,DXGI,0,512,0,5.96830720000000,0.13480000000000,13.89020000000000,1,Hardware: Independent Flip,0.98360000000000,0.98360000000000,7.27000000000000,0.00000000000000,-13.13290000000000,11.84030000000000,0.00000000000000
mpc-hc64.exe,73104,0x0000000006963910,DXGI,0,512,0,5.96849820000000,0.08730000000000,0.19100000000000,1,Hardware: Independent Flip,0.84980000000000,7.86280000000000,7.07020000000000,7.01300000000000,0.79260000000000,0.05430000000000,0.00000000000000
mpc-hc64.exe,73104,0x0000000006963910,DXGI,0,512,0,6.00806240000000,0.19800000000000,39.56420000000000,1,Hardware: Independent Flip,1.41160000000000,4.74060000000000,36.44200000000000,3.32900000000000,-38.71440000000000,11.63720000000000,0.00000000000000
mpc-hc64.exe,73104,0x0000000006963910,DXGI,0,512,0,6.00832660000000,0.09010000000000,0.26420000000000,1,Hardware: Independent Flip,1.20610000000000,21.22610000000000,16.74970000000000,20.02000000000000,1.14740000000000,0.05700000000000,0.00000000000000
mpc-hc64.exe,73104,0x0000000006963910,DXGI,0,512,0,6.04810510000000,0.15360000000000,39.77850000000000,1,Hardware: Independent Flip,0.97890000000000,0.97890000000000,19.53130000000000,0.00000000000000,-38.57240000000000,11.24640000000000,0.00000000000000
mpc-hc64.exe,73104,0x0000000006963910,DXGI,0,512,0,6.04831760000000,0.09440000000000,0.21250000000000,1,Hardware: Independent Flip,1.33510000000000,1.33510000000000,0.56870000000000,0.00000000000000,0.76640000000000,0.52210000000000,0.00000000000000
mpc-hc64.exe,73104,0x0000000006963910,DXGI,0,512,0,6.08922460000000,0.15490000000000,40.90700000000000,1,Hardware: Independent Flip,1.26020000000000,6.73830000000000,46.31020000000000,5.47810000000000,-39.57190000000000,11.07050000000000,0.00000000000000
mpc-hc64.exe,73104,0x0000000006963910,DXGI,0,512,0,6.08944090000000,0.08920000000000,0.21630000000000,1,Hardware: Independent Flip,1.10250000000000,21.46520000000000,14.94320000000000,20.36270000000000,1.04390000000000,0.05860000000000,0.00000000000000
mpc-hc64.exe,73104,0x0000000006963910,DXGI,0,512,0,6.13118550000000,0.23960000000000,41.74460000000001,1,Hardware: Independent Flip,1.23240000000000,13.73150000000000,34.01090000000000,12.49910000000000,-40.64210000000000,10.24030000000000,0.00000000000000
mpc-hc64.exe,73104,0x0000000006963910,DXGI,0,512,0,6.13151280000000,0.13390000000000,0.32730000000000,1,Hardware: Independent Flip,0.97360000000000,21.85620000000000,8.45200000000000,20.88260000000000,0.90510000000000,0.06850000000000,0.00000000000000
mpc-hc64.exe,73104,0x0000000006963910,DXGI,0,512,0,6.17570330000000,0.25610000000000,44.19050000000000,1,Hardware: Independent Flip,1.25460000000000,21.46320000000000,43.79750000000000,20.20860000000000,-43.21690000000000,11.10210000000000,0.00000000000000
mpc-hc64.exe,73104,0x0000000006963910,DXGI,0,512,0,6.17603560000000,0.10760000000000,0.33230000000000,1,Hardware: Independent Flip,0.97950000000000,23.16800000000000,2.03710000000000,22.18850000000000,0.92230000000000,0.05720000000000,0.00000000000000
mpc-hc64.exe,73104,0x0000000006963910,DXGI,0,512,0,6.21426910000000,0.14200000000000,38.23350000000000,1,Hardware: Independent Flip,1.22570000000000,11.85120000000000,26.91670000000000,10.62550000000000,-37.25400000000000,10.36880000000000,0.00000000000000
mpc-hc64.exe,73104,0x0000000006963910,DXGI,0,512,0,6.21446740000000,0.08670000000000,0.19830000000000,1,Hardware: Independent Flip,1.76140000000000,11.65290000000000,0.00000000000000,9.89150000000000,1.02740000000000,0.73400000000000,0.00000000000000
mpc-hc64.exe,73104,0x0000000006963910,DXGI,0,512,0,6.25891840000000,0.25420000000000,44.45100000000000,1,Hardware: Independent Flip,1.75710000000000,1.75710000000000,34.55520000000000,0.00000000000000,-42.68960000000000,10.45560000000000,0.00000000000000
mpc-hc64.exe,73104,0x0000000006963910,DXGI,0,512,0,6.25927190000000,0.14750000000000,0.35350000000000,1,Hardware: Independent Flip,1.46200000000000,23.63800000000000,22.23440000000000,22.17600000000000,1.40360000000000,0.05840000000000,0.00000000000000
mpc-hc64.exe,73104,0x0000000006963910,DXGI,0,512,0,6.29697240000000,0.17100000000000,37.70050000000001,1,Hardware: Independent Flip,1.32590000000000,11.53940000000000,25.60190000000000,10.21350000000000,-36.23850000000000,10.08270000000000,0.00000000000000
mpc-hc64.exe,73104,0x0000000006963910,DXGI,0,512,0,6.29723220000000,0.10180000000000,0.25980000000000,1,Hardware: Independent Flip,1.14900000000000,19.86160000000000,8.58200000000000,18.71260000000000,1.06610000000000,0.08290000000000,0.00000000000000
mpc-hc64.exe,73104,0x0000000006963910,DXGI,0,512,0,6.33871470000000,0.16450000000000,41.48250000000000,1,Hardware: Independent Flip,1.19700000000000,1.19700000000000,22.81790000000000,0.00000000000000,-40.33350000000000,10.27180000000000,0.00000000000000
mpc-hc64.exe,73104,0x0000000006963910,DXGI,0,512,0,6.33893610000000,0.09010000000000,0.22140000000000,1,Hardware: Independent Flip,1.04210000000000,21.75850000000000,20.78290000000000,20.71640000000000,0.97560000000000,0.06650000000000,0.00000000000000
mpc-hc64.exe,73104,0x0000000006963910,DXGI,0,512,0,6.38026280000000,0.13060000000000,41.32670000000000,1,Hardware: Independent Flip,1.20820000000000,1.20820000000000,20.77640000000000,0.00000000000000,-40.28460000000000,10.13370000000000,0.00000000000000
mpc-hc64.exe,73104,0x0000000006963910,DXGI,0,512,0,6.38044880000000,0.08590000000000,0.18600000000000,1,Hardware: Independent Flip,1.08180000000000,21.77820000000000,20.75600000000000,20.69640000000000,1.02220000000000,0.05960000000000,0.00000000000000
mpc-hc64.exe,73104,0x0000000006963910,DXGI,0,512,0,6.42119720000000,0.15190000000000,40.74840000000000,1,Hardware: Independent Flip,1.20570000000000,20.57200000000000,39.54220000000000,19.36630000000000,-39.66660000000000,9.89000000000000,0.00000000000000
mpc-hc64.exe,73104,0x0000000006963910,DXGI,0,512,0,6.42140820000000,0.08370000000000,0.21100000000000,1,Hardware: Independent Flip,1.04950000000000,21.44100000000000,1.08000000000000,20.39150000000000,0.99470000000000,0.05480000000000,0.00000000000000
mpc-hc64.exe,73104,0x0000000006963910,DXGI,0,512,0,6.46375940000000,0.14900000000000,42.35120000000000,1,Hardware: Independent Flip,1.22390000000000,1.22390000000000,22.13410000000000,0.00000000000000,-41.30170000000000,9.79430000000000,0.00000000000000
mpc-hc64.exe,73104,0x0000000006963910,DXGI,0,512,0,6.46396530000000,0.08860000000000,0.20590000000000,1,Hardware: Independent Flip,1.08180000000000,22.29260000000000,21.27460000000000,21.21080000000000,1.01800000000000,0.06380000000000,0.00000000000000
mpc-hc64.exe,73104,0x0000000006963910,DXGI,0,512,0,6.50549240000000,0.16460000000000,41.52710000000000,1,Hardware: Independent Flip,1.22270000000000,1.22270000000000,20.45720000000000,0.00000000000000,-40.44530000000000,9.93910000000000,0.00000000000000
mpc-hc64.exe,73104,0x0000000006963910,DXGI,0,512,0,6.50571780000000,0.09120000000000,0.22540000000000,1,Hardware: Independent Flip,1.06020000000000,21.84210000000000,20.84480000000000,20.78190000000000,0.99730000000000,0.06290000000000,0.00000000000000
mpc-hc64.exe,73104,0x0000000006963910,DXGI,0,512,0,6.54673350000000,0.13030000000000,41.01570000000000,1,Hardware: Independent Flip,1.27280000000000,13.97110000000000,33.14470000000000,12.69830000000000,-39.95550000000000,9.85150000000000,0.00000000000000
mpc-hc64.exe,73104,0x0000000006963910,DXGI,0,512,0,6.54696550000000,0.09310000000000,0.23200000000000,1,Hardware: Independent Flip,1.11390000000000,21.68730000000000,7.94820000000000,20.57340000000000,1.04080000000000,0.07310000000000,0.00000000000000
mpc-hc64.exe,73104,0x0000000006963910,DXGI,0,512,0,6.58933970000000,0.15990000000000,42.37420000000000,1,Hardware: Independent Flip,1.25330000000000,1.25330000000000,21.94020000000000,0.00000000000000,-41.26030000000000,10.54350000000000,0.00000000000000
mpc-hc64.exe,73104,0x0000000006963910,DXGI,0,512,0,6.58955590000000,0.14250000000000,0.21620000000000,1,Hardware: Independent Flip,1.09840000000000,22.30190000000000,21.26480000000000,21.20350000000000,1.03710000000000,0.06130000000000,0.00000000000000
mpc-hc64.exe,73104,0x0000000006963910,DXGI,0,512,0,6.63340280000000,0.12940000000000,43.84690000000001,1,Hardware: Independent Flip,1.17620000000000,21.04100000000000,42.58600000000000,19.86480000000000,-42.74850000000000,10.32880000000000,0.00000000000000
mpc-hc64.exe,73104,0x0000000006963910,DXGI,0,512,0,6.63358560000000,0.08100000000000,0.18280000000000,1,Hardware: Independent Flip,1.04940000000000,22.96620000000000,2.10800000000000,21.91680000000000,0.99340000000000,0.05600000000000,0.00000000000000
mpc-hc64.exe,73104,0x0000000006963910,DXGI,0,512,0,6.67084250000000,0.14770000000000,37.25690000000000,1,Hardware: Independent Flip,1.25850000000000,1.25850000000000,15.54920000000000,0.00000000000000,-36.20750000000000,9.78160000000000,0.00000000000000
mpc-hc64.exe,73104,0x0000000006963910,DXGI,0,512,0,6.67104490000000,0.08410000000000,0.20240000000000,1,Hardware: Independent Flip,1.11350000000000,19.79650000000000,18.74040000000000,18.68300000000000,1.05610000000000,0.05740000000000,0.00000000000000
mpc-hc64.exe,73104,0x0000000006963910,DXGI,0,512,0,6.71461130000000,0.25760000000000,43.56640000000000,1,Hardware: Independent Flip,1.28110000000000,1.28110000000000,25.05100000000000,0.00000000000000,-42.45290000000000,10.00330000000000,0.00000000000000
mpc-hc64.exe,73104,0x0000000006963910,DXGI,0,512,0,6.71494010000000,0.08830000000000,0.32880000000000,1,Hardware: Independent Flip,1.44320000000000,1.44320000000000,0.49090000000000,0.00000000000000,0.95230000000000,0.49090000000000,0.00000000000000
mpc-hc64.exe,73104,0x0000000006963910,DXGI,0,512,0,6.75503450000000,0.15390000000000,40.09440000000000,1,Hardware: Independent Flip,1.25500000000000,9.11730000000000,47.76850000000000,7.86230000000000,-38.65120000000000,9.64350000000000,0.00000000000000
mpc-hc64.exe,73104,0x0000000006963910,DXGI,0,512,0,6.75524270000000,0.08200000000000,0.20820000000000,1,Hardware: Independent Flip,1.12050000000000,20.99080000000000,12.08170000000000,19.87030000000000,1.04680000000000,0.07370000000000,0.00000000000000
mpc-hc64.exe,73104,0x0000000006963910,DXGI,0,512,0,6.79747840000000,0.21500000000000,42.23570000000000,1,Hardware: Independent Flip,1.21800000000000,1.21800000000000,22.46290000000000,0.00000000000000,-41.11520000000000,9.69650000000000,0.00000000000000
mpc-hc64.exe,73104,0x0000000006963910,DXGI,0,512,0,6.79777010000000,0.11250000000000,0.29170000000000,1,Hardware: Independent Flip,0.98750000000000,22.10000000000000,21.17370000000000,21.11250000000000,0.92630000000000,0.06120000000000,0.00000000000000
mpc-hc64.exe,73104,0x0000000006963910,DXGI,0,512,0,6.83841010000000,0.14780000000000,40.64000000000000,1,Hardware: Independent Flip,1.35400000000000,13.88510000000000,32.42510000000000,12.53110000000000,-39.65250000000000,10.24990000000000,0.00000000000000
mpc-hc64.exe,73104,0x0000000006963910,DXGI,0,512,0,6.83861070000000,0.08400000000000,0.20060000000000,1,Hardware: Independent Flip,1.19530000000000,21.67210000000000,7.98760000000000,20.47680000000000,1.15340000000000,0.04190000000000,0.00000000000000
mpc-hc64.exe,73104,0x0000000006963910,DXGI,0,512,0,6.88348730000000,0.13030000000000,44.87660000000000,1,Hardware: Independent Flip,1.20650000000000,20.37390000000000,43.57840000000000,19.16740000000000,-43.68130000000000,10.21700000000000,0.00000000000000
mpc-hc64.exe,73104,0x0000000006963910,DXGI,0,512,0,6.88367060000000,0.07910000000000,0.18330000000000,1,Hardware: Independent Flip,1.07780000000000,23.47540000000000,3.28480000000000,22.39760000000000,1.02320000000000,0.05460000000000,0.00000000000000
mpc-hc64.exe,73104,0x0000000006963910,DXGI,0,512,0,6.92081340000000,0.14920000000000,37.14280000000000,1,Hardware: Independent Flip,1.29290000000000,1.29290000000000,14.96030000000000,0.00000000000000,-36.06500000000000,9.82340000000000,0.00000000000000
mpc-hc64.exe,73104,0x0000000006963910,DXGI,0,512,0,6.92101430000000,0.08270000000000,0.20090000000000,1,Hardware: Independent Flip,1.15230000000000,19.78130000000000,18.68930000000000,18.62900000000000,1.09200000000000,0.06030000000000,0.00000000000000
mpc-hc64.exe,73104,0x0000000006963910,DXGI,0,512,0,6.96379340000000,0.13030000000000,42.77910000000000,1,Hardware: Independent Flip,1.23390000000000,1.23390000000000,24.23170000000000,0.00000000000000,-41.62680000000000,9.75000000000000,0.00000000000000
mpc-hc64.exe,73104,0x0000000006963910,DXGI,0,512,0,6.96397560000000,0.08260000000000,0.18220000000000,1,Hardware: Independent Flip,1.11070000000000,22.49120000000000,21.43950000000000,21.38050000000000,1.05170000000000,0.05900000000000,0.00000000000000
mpc-hc64.exe,73104,0x0000000006963910,DXGI,0,512,0,7.00670890000000,0.16670000000000,42.73330000000000,1,Hardware: Independent Flip,1.36630000000000,1.36630000000000,21.60840000000000,0.00000000000000,-41.62260000000000,10.04780000000000,0.00000000000000
mpc-hc64.exe,73104,0x0000000006963910,DXGI,0,512,0,7.00692940000000,0.06940000000000,0.22050000000000,1,Hardware: Independent Flip,1.22030000000000,22.67600000000000,21.53020000000000,21.45570000000000,1.14580000000000,0.07450000000000,0.00000000000000
mpc-hc64.exe,73104,0x0000000006963910,DXGI,0,512,0,7.04678970000000,0.13830000000000,39.86030000000000,1,Hardware: Independent Flip,1.25790000000000,16.23030000000000,33.41460000000000,14.97240000000000,-38.64000000000000,9.68570000000000,0.00000000000000
mpc-hc64.exe,73104,0x0000000006963910,DXGI,0,512,0,7.04698330000000,0.08250000000000,0.19360000000000,1,Hardware: Independent Flip,1.16030000000000,21.04730000000000,5.01060000000000,19.88700000000000,1.06430000000000,0.09600000000000,0.00000000000000
mpc-hc64.exe,73104,0x0000000006963910,DXGI,0,512,0,7.08888940000000,0.15150000000000,41.90610000000000,1,Hardware: Independent Flip,1.25680000000000,1.25680000000000,22.11560000000000,0.00000000000000,-40.74580000000000,9.64070000000000,0.00000000000000
mpc-hc64.exe,73104,0x0000000006963910,DXGI,0,512,0,7.08909590000000,0.08610000000000,0.20650000000000,1,Hardware: Independent Flip,1.11060000000000,22.05630000000000,21.00600000000000,20.94570000000000,1.05030000000000,0.06030000000000,0.00000000000000
mpc-hc64.exe,73104,0x0000000006963910,DXGI,0,512,0,7.13038630000000,0.13160000000000,41.29040000000001,1,Hardware: Independent Flip,1.21720000000000,1.21720000000000,20.45130000000000,0.00000000000000,-40.17980000000000,9.83420000000000,0.00000000000000
mpc-hc64.exe,73104,0x0000000006963910,DXGI,0,512,0,7.13057030000000,0.08040000000000,0.18400000000000,1,Hardware: Independent Flip,1.19840000000000,21.79730000000000,20.76410000000000,20.59890000000000,1.03320000000000,0.16520000000000,0.00000000000000
mpc-hc64.exe,73104,0x0000000006963910,DXGI,0,512,0,7.17098110000000,0.20190000000000,40.41080000000000,1,Hardware: Independent Flip,1.17180000000000,12.81430000000000,31.42780000000000,11.64250000000000,-39.21240000000000,9.48460000000000,0.00000000000000
mpc-hc64.exe,73104,0x0000000006963910,DXGI,0,512,0,7.17124780000000,0.09150000000000,0.26670000000000,1,Hardware: Independent Flip,0.96020000000000,21.10820000000000,8.56060000000000,20.14800000000000,0.90510000000000,0.05510000000000,0.00000000000000
mpc-hc64.exe,73104,0x0000000006963910,DXGI,0,512,0,7.21405360000000,0.13050000000000,42.80580000000000,1,Hardware: Independent Flip,1.24510000000000,1.24510000000000,22.94270000000000,0.00000000000000,-41.84560000000000,9.80880000000000,0.00000000000000
mpc-hc64.exe,73104,0x0000000006963910,DXGI,0,512,0,7.21423490000000,0.07970000000000,0.18130000000000,1,Hardware: Independent Flip,1.12130000000000,22.61830000000000,21.55450000000000,21.49700000000000,1.06380000000000,0.05750000000000,0.00000000000000
mpc-hc64.exe,73104,0x0000000006963910,DXGI,0,512,0,7.25675090000000,0.21240000000000,42.51600000000001,1,Hardware: Independent Flip,1.58100000000000,1.58100000000000,21.47870000000000,0.00000000000000,-41.39470000000000,10.11720000000000,0.00000000000000
mpc-hc64.exe,73104,0x0000000006963910,DXGI,0,512,0,7.25703030000000,0.10010000000000,0.27940000000000,1,Hardware: Independent Flip,1.37470000000000,22.82240000000000,21.52080000000000,21.44770000000000,1.30160000000000,0.07310000000000,0.00000000000000
mpc-hc64.exe,73104,0x0000000006963910,DXGI,0,512,0,7.29675310000000,0.13650000000000,39.72280000000000,1,Hardware: Independent Flip,1.27180000000000,16.10610000000000,33.00650000000000,14.83430000000000,-38.34810000000000,9.43790000000000,0.00000000000000
mpc-hc64.exe,73104,0x0000000006963910,DXGI,0,512,0,7.29694060000000,0.08090000000000,0.18750000000000,1,Hardware: Independent Flip,1.16160000000000,20.92540000000000,5.00680000000000,19.76380000000000,1.08430000000000,0.07730000000000,0.00000000000000
mpc-hc64.exe,73104,0x0000000006963910,DXGI,0,512,0,7.33942940000000,0.14670000000000,42.48880000000000,1,Hardware: Independent Flip,1.22940000000000,1.22940000000000,22.79280000000000,0.00000000000000,-41.32720000000000,9.73830000000000,0.00000000000000
mpc-hc64.exe,73104,0x0000000006963910,DXGI,0,512,0,7.33962780000000,0.22730000000000,0.19840000000000,1,Hardware: Independent Flip,1.09090000000000,22.31890000000000,21.28790000000000,21.22800000000000,1.03100000000000,0.05990000000000,0.00000000000000
mpc-hc64.exe,73104,0x0000000006963910,DXGI,0,512,0,7.38086080000000,0.13130000000000,41.23300000000000,1,Hardware: Independent Flip,1.22390000000000,1.22390000000000,20.13800000000000,0.00000000000000,-40.14210000000000,9.91150000000000,0.00000000000000
mpc-hc64.exe,73104,0x0000000006963910,DXGI,0,512,0,7.38104670000000,0.08210000000000,0.18590000000000,1,Hardware: Independent Flip,1.10310000000000,21.73030000000000,20.69230000000000,20.62720000000000,1.03800000000000,0.06510000000000,0.00000000000000
mpc-hc64.exe,73104,0x0000000006963910,DXGI,0,512,0,7.42136390000000,0.18780000000000,40.31720000000000,1,Hardware: Independent Flip,1.21630000000000,1.21630000000000,19.80320000000000,0.00000000000000,-39.21410000000000,9.65730000000000,0.00000000000000
mpc-hc64.exe,73104,0x0000000006963910,DXGI,0,512,0,7.42160900000000,0.07890000000000,0.24510000000000,1,Hardware: Independent Flip,1.03800000000000,21.19400000000000,20.22280000000000,20.15600000000000,0.97120000000000,0.06680000000000,0.00000000000000
mpc-hc64.exe,73104,0x0000000006963910,DXGI,0,512,0,7.46376750000000,0.13640000000000,42.15850000000000,1,Hardware: Independent Flip,1.23910000000000,1.23910000000000,22.20360000000000,0.00000000000000,-41.12050000000000,10.00330000000000,0.00000000000000
mpc-hc64.exe,73104,0x0000000006963910,DXGI,0,512,0,7.46396000000000,0.08240000000000,0.19250000000000,1,Hardware: Independent Flip,1.10670000000000,22.23430000000000,21.18770000000000,21.12760000000000,1.04660000000000,0.06010000000000,0.00000000000000
mpc-hc64.exe,73104,0x0000000006963910,DXGI,0,512,0,7.50550660000000,0.15270000000000,41.54660000000001,1,Hardware: Independent Flip,1.22920000000000,1.22920000000000,20.54150000000000,0.00000000000000,-40.43990000000000,9.71500000000000,0.00000000000000
mpc-hc64.exe,73104,0x0000000006963910,DXGI,0,512,0,7.50571970000000,0.08360000000000,0.21310000000000,1,Hardware: Independent Flip,1.08320000000000,21.86500000000000,20.84890000000000,20.78180000000000,1.01610000000000,0.06710000000000,0.00000000000000
mpc-hc64.exe,73104,0x0000000006963910,DXGI,0,512,0,7.54665100000000,0.13000000000000,40.93130000000000,1,Hardware: Independent Flip,1.24850000000000,13.94480000000000,33.01110000000000,12.69630000000000,-39.84810000000000,9.86620000000000,0.00000000000000
mpc-hc64.exe,73104,0x0000000006963910,DXGI,0,512,0,7.54683540000000,0.07700000000000,0.18440000000000,1,Hardware: Independent Flip,1.11870000000000,21.62050000000000,7.86010000000000,20.50180000000000,1.06410000000000,0.05460000000000,0.00000000000000
mpc-hc64.exe,73104,0x0000000006963910,DXGI,0,512,0,7.58842960000000,0.14920000000000,41.59420000000000,1,Hardware: Independent Flip,1.30160000000000,5.49030000000000,25.46400000000000,4.18870000000000,-40.47550000000000,9.69680000000000,0.00000000000000
mpc-hc64.exe,73104,0x0000000006963910,DXGI,0,512,0,7.58863660000000,0.09650000000000,0.20700000000000,1,Hardware: Independent Flip,1.19330000000000,22.02070000000000,16.73740000000000,20.82740000000000,1.09460000000000,0.09870000000000,0.00000000000000
mpc-hc64.exe,73104,0x0000000006963910,DXGI,0,512,0,7.63347160000000,0.13470000000000,44.83500000000000,1,Hardware: Independent Flip,1.22480000000000,20.42480000000000,43.23910000000000,19.20000000000000,-43.64170000000000,10.07290000000000,0.00000000000000
mpc-hc64.exe,73104,0x0000000006963910,DXGI,0,512,0,7.63366170000000,0.08450000000000,0.19010000000000,1,Hardware: Independent Flip,1.09040000000000,23.47030000000000,3.23560000000000,22.37990000000000,1.03470000000000,0.05570000000000,0.00000000000000
mpc-hc64.exe,73104,0x0000000006963910,DXGI,0,512,0,7.67200410000000,0.14730000000000,38.34240000000000,1,Hardware: Independent Flip,1.29280000000000,1.29280000000000,16.16490000000000,0.00000000000000,-37.25200000000000,10.14140000000000,0.00000000000000
mpc-hc64.exe,73104,0x0000000006963910,DXGI,0,512,0,7.67220350000000,0.08280000000000,0.19940000000000,1,Hardware: Independent Flip,1.15350000000000,20.37340000000000,19.28000000000000,19.21990000000000,1.09340000000000,0.06010000000000,0.00000000000000
mpc-hc64.exe,73104,0x0000000006963910,DXGI,0,512,0,7.71357360000000,0.12940000000000,41.37010000000000,1,Hardware: Independent Flip,1.22640000000000,1.22640000000000,22.22310000000000,0.00000000000000,-40.21660000000000,9.50200000000000,0.00000000000000
mpc-hc64.exe,73104,0x0000000006963910,DXGI,0,512,0,7.71375470000000,0.08050000000000,0.18110000000000,1,Hardware: Independent Flip,1.10850000000000,21.77770000000000,20.73240000000000,20.66920000000000,1.04530000000000,0.06320000000000,0.00000000000000
mpc-hc64.exe,73104,0x0000000006963910,DXGI,0,512,0,7.75519220000000,0.16110000000000,41.43750000000000,1,Hardware: Independent Flip,1.20950000000000,20.43450000000000,40.09430000000000,19.22500000000000,-40.32900000000000,9.68000000000000,0.00000000000000
mpc-hc64.exe,73104,0x0000000006963910,DXGI,0,512,0,7.75540970000000,0.08710000000000,0.21750000000000,1,Hardware: Independent Flip,1.09740000000000,21.80260000000000,1.58560000000000,20.70520000000000,0.99200000000000,0.10540000000000,0.00000000000000
mpc-hc64.exe,73104,0x0000000006963910,DXGI,0,512,0,7.79667870000000,0.13140000000000,41.26900000000001,1,Hardware: Independent Flip,1.30090000000000,20.63150000000000,40.09790000000000,19.33060000000000,-40.17160000000001,9.72370000000000,0.00000000000000
mpc-hc64.exe,73104,0x0000000006963910,DXGI,0,512,0,7.79686160000000,0.08230000000000,0.18290000000000,1,Hardware: Independent Flip,1.19090000000000,21.84490000000000,1.39630000000000,20.65400000000000,1.11800000000000,0.07290000000000,0.00000000000000
mpc-hc64.exe,73104,0x0000000006963910,DXGI,0,512,0,7.83860770000000,0.15560000000000,41.74610000000001,1,Hardware: Independent Flip,1.22380000000000,1.22380000000000,21.12500000000000,0.00000000000000,-40.55520000000000,9.49260000000000,0.00000000000000
mpc-hc64.exe,73104,0x0000000006963910,DXGI,0,512,0,7.83881900000000,0.07980000000000,0.21130000000000,1,Hardware: Independent Flip,1.10100000000000,21.92810000000000,20.91560000000000,20.82710000000000,1.01250000000000,0.08850000000000,0.00000000000000
mpc-hc64.exe,73104,0x0000000006963910,DXGI,0,512,0,7.88037280000000,0.12870000000000,41.55380000000000,1,Hardware: Independent Flip,1.23740000000000,1.23740000000000,20.86310000000000,0.00000000000000,-40.45280000000000,9.59090000000000,0.00000000000000
mpc-hc64.exe,73104,0x0000000006963910,DXGI,0,512,0,7.88055380000000,0.08040000000000,0.18100000000000,1,Hardware: Independent Flip,1.11350000000000,21.91100000000000,20.85460000000000,20.79750000000000,1.05640000000000,0.05710000000000,0.00000000000000
mpc-hc64.exe,73104,0x0000000006963910,DXGI,0,512,0,7.92220600000000,0.15180000000000,41.65220000000000,1,Hardware: Independent Flip,1.32250000000000,1.32250000000000,21.06370000000000,0.00000000000000,-40.53870000000000,10.03630000000000,0.00000000000000
mpc-hc64.exe,73104,0x0000000006963910,DXGI,0,512,0,7.92241230000000,0.08140000000000,0.20630000000000,1,Hardware: Independent Flip,1.17750000000000,22.05680000000000,20.94060000000000,20.87930000000000,1.11620000000000,0.06130000000000,0.00000000000000
mpc-hc64.exe,73104,0x0000000006963910,DXGI,0,512,0,7.96519760000000,0.22570000000000,42.78530000000000,1,Hardware: Independent Flip,1.38930000000000,1.38930000000000,22.11780000000000,0.00000000000000,-41.60780000000000,10.88790000000000,0.00000000000000
mpc-hc64.exe,73104,0x0000000006963910,DXGI,0,512,0,7.96550290000000,0.10560000000000,0.30530000000000,1,Hardware: Independent Flip,1.43000000000000,1.43000000000000,0.34600000000000,0.00000000000000,1.08400000000000,0.34600000000000,0.00000000000000
mpc-hc64.exe,73104,0x0000000006963910,DXGI,0,512,0,8.00794800000000,0.18610000000000,42.44510000000000,1,Hardware: Independent Flip,1.85470000000000,2.64610000000000,43.66120000000000,0.79140000000000,-41.01510000000000,12.13710000000000,0.00000000000000
mpc-hc64.exe,73104,0x0000000006963910,DXGI,0,512,0,8.00819300000000,0.09260000000000,0.24500000000000,1,Hardware: Independent Flip,1.67400000000000,23.06150000000000,20.66040000000000,21.38750000000000,1.60970000000000,0.06430000000000,0.00000000000000
mpc-hc64.exe,73104,0x0000000006963910,DXGI,0,512,0,8.04796650000000,0.27360000000000,39.77350000000000,1,Hardware: Independent Flip,1.46410000000000,1.46410000000000,18.17610000000000,0.00000000000000,-38.09950000000000,9.83840000000000,0.00000000000000
mpc-hc64.exe,73104,0x0000000006963910,DXGI,0,512,0,8.04832660000000,0.14270000000000,0.36010000000000,1,Hardware: Independent Flip,1.44030000000000,1.44030000000000,0.33630000000000,0.00000000000000,1.10400000000000,0.33630000000000,0.00000000000000
mpc-hc64.exe,73104,0x0000000006963910,DXGI,0,512,0,8.08893080000000,0.15490000000000,40.60420000000000,1,Hardware: Independent Flip,1.31670000000000,1.31670000000000,40.48060000000000,0.00000000000000,-39.16390000000001,9.93240000000000,0.00000000000000
mpc-hc64.exe,73104,0x0000000006963910,DXGI,0,512,0,8.08913880000000,0.08280000000000,0.20800000000000,1,Hardware: Independent Flip,1.17140000000000,21.35910000000000,20.25040000000000,20.18770000000000,1.10870000000000,0.06270000000000,0.00000000000000
mpc-hc64.exe,73104,0x0000000006963910,DXGI,0,512,0,8.13224940000000,0.16520000000000,43.11060000000001,1,Hardware: Independent Flip,1.34790000000000,20.53430000000000,42.28580000000000,19.18640000000000,-41.93920000000000,10.58800000000000,0.00000000000000
mpc-hc64.exe,73104,0x0000000006963910,DXGI,0,512,0,8.13247700000000,0.09870000000000,0.22760000000000,1,Hardware: Independent Flip,1.18090000000000,22.77910000000000,2.47240000000000,21.59820000000000,1.12030000000000,0.06060000000000,0.00000000000000
mpc-hc64.exe,73104,0x0000000006963910,DXGI,0,512,0,8.17130390000000,0.15050000000000,38.82690000000000,1,Hardware: Independent Flip,1.34460000000000,16.72780000000000,32.77560000000000,15.38320000000000,-37.64600000000000,10.93320000000000,0.00000000000000
mpc-hc64.exe,73104,0x0000000006963910,DXGI,0,512,0,8.17150940000000,0.08510000000000,0.20550000000000,1,Hardware: Independent Flip,1.20220000000000,20.64730000000000,4.12500000000000,19.44510000000000,1.13910000000000,0.06310000000000,0.00000000000000
mpc-hc64.exe,73104,0x0000000006963910,DXGI,0,512,0,8.21403810000000,0.13390000000000,42.52870000000000,1,Hardware: Independent Flip,1.31630000000000,1.31630000000000,23.19770000000000,0.00000000000000,-41.32650000000000,10.12120000000000,0.00000000000000
mpc-hc64.exe,73104,0x0000000006963910,DXGI,0,512,0,8.21422360000000,0.08150000000000,0.18550000000000,1,Hardware: Independent Flip,1.18570000000000,22.45830000000000,21.32750000000000,21.27260000000000,1.13080000000000,0.05490000000000,0.00000000000000
mpc-hc64.exe,73104,0x0000000006963910,DXGI,0,512,0,8.25595750000000,0.14610000000000,41.73390000000001,1,Hardware: Independent Flip,1.31750000000000,1.31750000000000,20.59310000000000,0.00000000000000,-40.54820000000000,10.37410000000000,0.00000000000000
mpc-hc64.exe,73104,0x0000000006963910,DXGI,0,512,0,8.25615660000000,0.08370000000000,0.19910000000000,1,Hardware: Independent Flip,1.17850000000000,22.06020000000000,20.94180000000000,20.88170000000000,1.11840000000000,0.06010000000000,0.00000000000000
mpc-hc64.exe,73104,0x0000000006963910,DXGI,0,512,0,8.29726350000000,0.13000000000000,41.10690000000000,1,Hardware: Independent Flip,1.33230000000000,1.33230000000000,20.37900000000000,0.00000000000000,-39.92840000000000,10.29760000000000,0.00000000000000
mpc-hc64.exe,73104,0x0000000006963910,DXGI,0,512,0,8.29744440000000,0.07770000000000,0.18090000000000,1,Hardware: Independent Flip,1.21610000000000,21.78950000000000,20.63810000000000,20.57340000000000,1.15140000000000,0.06470000000000,0.00000000000000
mpc-hc64.exe,73104,0x0000000006963910,DXGI,0,512,0,8.34105000000000,0.18080000000000,43.60560000000000,1,Hardware: Independent Flip,1.68830000000000,1.68830000000000,23.50440000000000,0.00000000000000,-42.38950000000001,11.24910000000000,0.00000000000000
mpc-hc64.exe,73104,0x0000000006963910,DXGI,0,512,0,8.34128700000000,0.08610000000000,0.23700000000000,1,Hardware: Independent Flip,1.52770000000000,23.52700000000000,22.07570000000000,21.99930000000000,1.45130000000000,0.07640000000000,0.00000000000000
mpc-hc64.exe,73104,0x0000000006963910,DXGI,0,512,0,8.38434250000000,0.14380000000000,43.05550000000000,1,Hardware: Independent Flip,1.25370000000000,1.25370000000000,20.78220000000000,0.00000000000000,-41.52780000000000,10.74440000000000,0.00000000000000
mpc-hc64.exe,73104,0x0000000006963910,DXGI,0,512,0,8.38454090000000,0.08160000000000,0.19840000000000,1,Hardware: Independent Flip,1.11580000000000,22.45560000000000,21.40030000000000,21.33980000000000,1.05530000000000,0.06050000000000,0.00000000000000
mpc-hc64.exe,73104,0x0000000006963910,DXGI,0,512,0,8.42259290000000,0.15110000000000,38.05200000000000,1,Hardware: Independent Flip,1.31980000000000,18.08960000000000,33.68600000000000,16.76980000000000,-36.93620000000000,10.40720000000000,0.00000000000000
mpc-hc64.exe,73104,0x0000000006963910,DXGI,0,512,0,8.42279920000000,0.08480000000000,0.20630000000000,1,Hardware: Independent Flip,1.17470000000000,20.24540000000000,2.36210000000000,19.07070000000000,1.11350000000000,0.06120000000000,0.00000000000000
mpc-hc64.exe,73104,0x0000000006963910,DXGI,0,512,0,8.46502500000000,0.18750000000000,42.22580000000000,1,Hardware: Independent Flip,1.99410000000000,20.25310000000000,42.23350000000000,18.25900000000000,-41.05110000000001,11.20360000000000,0.00000000000000
mpc-hc64.exe,73104,0x0000000006963910,DXGI,0,512,0,8.46526880000000,0.10660000000000,0.24380000000000,1,Hardware: Independent Flip,1.82190000000000,23.29430000000000,3.28500000000000,21.47240000000000,1.75030000000000,0.07160000000000,0.00000000000000
mpc-hc64.exe,73104,0x0000000006963910,DXGI,0,512,0,8.50731520000000,0.18500000000000,42.04640000000001,1,Hardware: Independent Flip,2.14860000000000,2.14860000000000,20.90070000000000,0.00000000000000,-40.22450000000000,10.87650000000000,0.00000000000000
mpc-hc64.exe,73104,0x0000000006963910,DXGI,0,512,0,8.50755970000000,0.12220000000000,0.24450000000000,1,Hardware: Independent Flip,1.96380000000000,23.10230000000000,21.19820000000000,21.13850000000000,1.90410000000000,0.05680000000000,0.00000000000000
mpc-hc64.exe,73104,0x0000000006963910,DXGI,0,512,0,8.54762050000000,0.13260000000000,40.06080000000000,1,Hardware: Independent Flip,1.30700000000000,1.30700000000000,18.26550000000000,0.00000000000000,-38.09700000000000,9.89160000000000,0.00000000000000
mpc-hc64.exe,73104,0x0000000006963910,DXGI,0,512,0,8.54780550000000,0.08240000000000,0.18500000000000,1,Hardware: Independent Flip,1.18070000000000,20.83360000000000,19.71160000000000,19.65290000000000,1.12200000000000,0.05870000000000,0.00000000000000
mpc-hc64.exe,73104,0x0000000006963910,DXGI,0,512,0,8.58920080000000,0.21090000000000,41.39530000000000,1,Hardware: Independent Flip,1.38070000000000,20.59660000000000,41.15830000000000,19.21590000000000,-40.21460000000000,10.58280000000000,0.00000000000000
mpc-hc64.exe,73104,0x0000000006963910,DXGI,0,512,0,8.58947790000000,0.09040000000000,0.27710000000000,1,Hardware: Independent Flip,1.16970000000000,21.91150000000000,1.59200000000000,20.74180000000000,1.10360000000000,0.06610000000000,0.00000000000000
mpc-hc64.exe,73104,0x0000000006963910,DXGI,0,512,0,8.63119920000000,0.16580000000000,41.72130000000000,1,Hardware: Independent Flip,1.30460000000000,21.11720000000000,40.92700000000000,19.81260000000000,-40.55160000000000,10.50510000000000,0.00000000000000
mpc-hc64.exe,73104,0x0000000006963910,DXGI,0,512,0,8.63142690000000,0.09240000000000,0.22770000000000,1,Hardware: Independent Flip,1.48230000000000,22.18920000000000,1.29970000000000,20.70690000000000,1.07690000000000,0.40540000000000,0.00000000000000
mpc-hc64.exe,73104,0x0000000006963910,DXGI,0,512,0,8.67245180000000,0.17390000000000,41.02490000000000,1,Hardware: Independent Flip,1.29370000000000,1.29370000000000,20.12940000000000,0.00000000000000,-39.54260000000000,10.75140000000000,0.00000000000000
mpc-hc64.exe,73104,0x0000000006963910,DXGI,0,512,0,8.67268410000000,0.08730000000000,0.23230000000000,1,Hardware: Independent Flip,1.12680000000000,21.49460000000000,20.43320000000000,20.36780000000000,1.06140000000000,0.06540000000000,0.00000000000000
mpc-hc64.exe,73104,0x0000000006963910,DXGI,0,512,0,8.71431870000000,0.13860000000000,41.63460000000000,1,Hardware: Independent Flip,1.32490000000000,1.32490000000000,21.46490000000000,0.00000000000000,-40.50780000000000,10.72230000000000,0.00000000000000
mpc-hc64.exe,73104,0x0000000006963910,DXGI,0,512,0,8.71451480000000,0.09060000000000,0.19610000000000,1,Hardware: Independent Flip,1.19080000000000,22.05270000000000,20.92390000000000,20.86190000000000,1.12880000000000,0.06200000000000,0.00000000000000
mpc-hc64.exe,73104,0x0000000006963910,DXGI,0,512,0,8.75637380000000,0.32660000000000,41.85900000000000,1,Hardware: Independent Flip,1.26160000000000,1.26160000000000,21.06790000000000,0.00000000000000,-40.66820000000000,10.48700000000000,0.00000000000000
mpc-hc64.exe,73104,0x0000000006963910,DXGI,0,512,0,8.75677550000000,0.10830000000000,0.40170000000000,1,Hardware: Independent Flip,0.92250000000000,21.83290000000000,20.97300000000000,20.91040000000000,0.85990000000000,0.06260000000000,0.00000000000000
mpc-hc64.exe,73104,0x0000000006963910,DXGI,0,512,0,8.79862560000000,0.21000000000000,41.85010000000000,1,Hardware: Independent Flip,2.12560000000000,22.31240000000000,42.32960000000000,20.18680000000000,-40.92760000000001,11.73450000000000,0.00000000000000
mpc-hc64.exe,73104,0x0000000006963910,DXGI,0,512,0,8.79889930000000,0.09920000000000,0.27370000000000,1,Hardware: Independent Flip,1.90170000000000,23.39800000000000,1.35930000000000,21.49630000000000,1.85190000000000,0.04980000000000,0.00000000000000
mpc-hc64.exe,73104,0x0000000006963910,DXGI,0,512,0,8.84002710000000,0.26990000000000,41.12780000000000,1,Hardware: Independent Flip,1.64430000000000,10.16390000000000,27.89370000000000,8.51960000000000,-39.22610000000000,10.27050000000000,0.00000000000000
mpc-hc64.exe,73104,0x0000000006963910,DXGI,0,512,0,8.84037680000000,0.11990000000000,0.34970000000000,1,Hardware: Independent Flip,1.78680000000000,9.81420000000000,0.00000000000000,8.02740000000000,1.29460000000000,0.49220000000000,0.00000000000000
mpc-hc64.exe,73104,0x0000000006963910,DXGI,0,512,0,8.88268020000000,0.14650000000000,42.30340000000000,1,Hardware: Independent Flip,2.00140000000000,2.00140000000000,34.49060000000000,0.00000000000000,-40.51660000000000,11.07190000000000,0.00000000000000
mpc-hc64.exe,73104,0x0000000006963910,DXGI,0,512,0,8.88288350000000,0.08520000000000,0.20330000000000,1,Hardware: Independent Flip,1.86290000000000,23.07870000000000,21.28060000000000,21.21580000000000,1.79810000000000,0.06160000000000,0.00000000000000
mpc-hc64.exe,73104,0x0000000006963910,DXGI,0,512,0,8.92273030000000,0.18210000000000,39.84680000000000,1,Hardware: Independent Flip,1.37700000000000,1.37700000000000,18.14510000000000,0.00000000000000,-37.98390000000000,9.95590000000000,0.00000000000000
mpc-hc64.exe,73104,0x0000000006963910,DXGI,0,512,0,8.92297150000000,0.10190000000000,0.24120000000000,1,Hardware: Independent Flip,1.19530000000000,20.81740000000000,19.68160000000000,19.62210000000000,1.13580000000000,0.05950000000000,0.00000000000000
mpc-hc64.exe,73104,0x0000000006963910,DXGI,0,512,0,8.96458940000000,0.21570000000000,41.61790000000000,1,Hardware: Independent Flip,1.31510000000000,1.31510000000000,22.11560000000000,0.00000000000000,-40.42260000000000,10.56880000000000,0.00000000000000
mpc-hc64.exe,73104,0x0000000006963910,DXGI,0,512,0,8.96490280000000,0.12570000000000,0.31340000000000,1,Hardware: Independent Flip,1.06740000000000,21.87940000000000,20.87770000000000,20.81200000000000,1.00170000000000,0.06570000000000,0.00000000000000
mpc-hc64.exe,73104,0x0000000006963910,DXGI,0,512,0,9.01010650000000,0.15440000000000,45.20370000000000,1,Hardware: Independent Flip,1.27830000000000,1.27830000000000,24.60260000000000,0.00000000000000,-44.13630000000001,11.95910000000000,0.00000000000000
mpc-hc64.exe,73104,0x0000000006963910,DXGI,0,512,0,9.01031690000000,0.08360000000000,0.21040000000000,1,Hardware: Independent Flip,1.12500000000000,23.78380000000000,22.71590000000000,22.65880000000000,1.06790000000000,0.05710000000000,0.00000000000000
mpc-hc64.exe,73104,0x0000000006963910,DXGI,0,512,0,9.04760050000000,0.13760000000000,37.28360000000000,1,Hardware: Independent Flip,1.32020000000000,1.32020000000000,14.82000000000000,0.00000000000000,-36.15860000000000,10.40610000000000,0.00000000000000
mpc-hc64.exe,73104,0x0000000006963910,DXGI,0,512,0,9.04779010000000,0.08520000000000,0.18960000000000,1,Hardware: Independent Flip,1.19330000000000,19.87940000000000,18.74880000000000,18.68610000000000,1.13060000000000,0.06270000000000,0.00000000000000
mpc-hc64.exe,73104,0x0000000006963910,DXGI,0,512,0,9.08938020000000,0.16810000000000,41.59010000000000,1,Hardware: Independent Flip,1.31670000000000,1.31670000000000,23.02740000000000,0.00000000000000,-40.39680000000000,10.40230000000000,0.00000000000000
mpc-hc64.exe,73104,0x0000000006963910,DXGI,0,512,0,9.08960620000000,0.08260000000000,0.22600000000000,1,Hardware: Independent Flip,1.15460000000000,21.95780000000000,20.86710000000000,20.80320000000000,1.09070000000000,0.06390000000000,0.00000000000000
mpc-hc64.exe,73104,0x0000000006963910,DXGI,0,512,0,9.13162220000000,0.25530000000000,42.01600000000001,1,Hardware: Independent Flip,1.23900000000000,21.32920000000000,41.38740000000000,20.09020000000000,-40.86140000000000,10.72230000000000,0.00000000000000
mpc-hc64.exe,73104,0x0000000006963910,DXGI,0,512,0,9.13196760000000,0.17310000000000,0.34540000000000,1,Hardware: Independent Flip,1.67480000000000,20.98380000000000,0.00000000000000,19.30900000000000,0.89360000000000,0.78120000000000,0.00000000000000
mpc-hc64.exe,73104,0x0000000006963910,DXGI,0,512,0,9.17234620000000,0.17190000000000,40.37860000000000,1,Hardware: Independent Flip,1.29150000000000,1.29150000000000,20.68630000000000,0.00000000000000,-38.70380000000000,10.10680000000000,0.00000000000000
mpc-hc64.exe,73104,0x0000000006963910,DXGI,0,512,0,9.17257500000000,0.08470000000000,0.22880000000000,1,Hardware: Independent Flip,1.12670000000000,21.07110000000000,20.00840000000000,19.94440000000000,1.06270000000000,0.06400000000000,0.00000000000000
mpc-hc64.exe,73104,0x0000000006963910,DXGI,0,512,0,9.21494240000000,0.16490000000000,42.36740000000000,1,Hardware: Independent Flip,1.58060000000000,1.58060000000000,22.87690000000000,0.00000000000000,-41.24070000000000,11.28450000000000,0.00000000000000
mpc-hc64.exe,73104,0x0000000006963910,DXGI,0,512,0,9.21516680000000,0.09020000000000,0.22440000000000,1,Hardware: Independent Flip,1.42490000000000,22.78020000000000,21.42400000000000,21.35530000000000,1.35620000000000,0.06870000000000,0.00000000000000
mpc-hc64.exe,73104,0x0000000006963910,DXGI,0,512,0,9.25934920000000,0.15170000000000,44.18240000000000,1,Hardware: Independent Flip,1.34120000000000,15.75370000000000,37.15590000000000,14.41250000000000,-42.75750000000000,10.73160000000000,0.00000000000000
mpc-hc64.exe,73104,0x0000000006963910,DXGI,0,512,0,9.25955760000000,0.08450000000000,0.20840000000000,1,Hardware: Independent Flip,1.19130000000000,23.18460000000000,7.63930000000000,21.99330000000000,1.13280000000000,0.05850000000000,0.00000000000000
mpc-hc64.exe,73104,0x0000000006963910,DXGI,0,512,0,9.29834660000000,0.17020000000000,38.78900000000000,1,Hardware: Independent Flip,1.94340000000000,19.59700000000000,35.20140000000000,17.65360000000000,-37.59770000000000,11.21110000000000,0.00000000000000
mpc-hc64.exe,73104,0x0000000006963910,DXGI,0,512,0,9.29859520000000,0.12040000000000,0.24860000000000,1,Hardware: Independent Flip,1.76400000000000,21.49640000000000,2.14800000000000,19.73240000000000,1.69480000000000,0.06920000000000,0.00000000000000
mpc-hc64.exe,73104,0x0000000006963910,DXGI,0,512,0,9.33946380000000,0.33280000000000,40.86860000000000,1,Hardware: Independent Flip,1.24850000000000,14.67050000000000,34.04270000000000,13.42200000000000,-39.10460000000000,9.87460000000000,0.00000000000000
mpc-hc64.exe,73104,0x0000000006963910,DXGI,0,512,0,9.33988330000000,0.11330000000000,0.41950000000000,1,Hardware: Independent Flip,0.89110000000000,21.01280000000000,6.76180000000000,20.12170000000000,0.82900000000000,0.06210000000000,0.00000000000000
mpc-hc64.exe,73104,0x0000000006963910,DXGI,0,512,0,9.38136540000000,0.16410000000000,41.48210000000000,1,Hardware: Independent Flip,1.30820000000000,20.66740000000000,41.13670000000000,19.35920000000000,-40.59100000000000,10.67090000000000,0.00000000000000
mpc-hc64.exe,73104,0x0000000006963910,DXGI,0,512,0,9.38161380000000,0.18960000000000,0.24840000000000,1,Hardware: Independent Flip,1.82500000000000,20.41900000000000,0.00000000000000,18.59400000000000,1.05980000000000,0.76520000000000,0.00000000000000
mpc-hc64.exe,73104,0x0000000006963910,DXGI,0,512,0,9.42309600000000,0.15900000000000,41.48220000000000,1,Hardware: Independent Flip,1.99500000000000,16.03030000000000,37.09350000000000,14.03530000000000,-39.65720000000000,10.75590000000000,0.00000000000000
mpc-hc64.exe,73104,0x0000000006963910,DXGI,0,512,0,9.42331790000000,0.09160000000000,0.22190000000000,1,Hardware: Independent Flip,1.86500000000000,22.64330000000000,6.83490000000000,20.77830000000000,1.77310000000000,0.09190000000000,0.00000000000000
mpc-hc64.exe,73104,0x0000000006963910,DXGI,0,512,0,9.46484490000000,0.25540000000000,41.52700000000000,1,Hardware: Independent Flip,1.88840000000000,15.12860000000000,34.01230000000000,13.24020000000000,-39.66200000000000,10.44890000000000,0.00000000000000
mpc-hc64.exe,73104,0x0000000006963910,DXGI,0,512,0,9.46518580000000,0.12710000000000,0.34090000000000,1,Hardware: Independent Flip,1.62380000000000,22.36330000000000,7.57560000000000,20.73950000000000,1.54750000000000,0.07630000000000,0.00000000000000
mpc-hc64.exe,73104,0x0000000006963910,DXGI,0,512,0,9.50680910000000,0.26570000000000,41.62330000000000,1,Hardware: Independent Flip,2.12700000000000,2.12700000000000,21.38700000000000,0.00000000000000,-39.99950000000000,11.01460000000000,0.00000000000000
mpc-hc64.exe,73104,0x0000000006963910,DXGI,0,512,0,9.50717760000000,0.12600000000000,0.36850000000000,1,Hardware: Independent Flip,1.83610000000000,22.84520000000000,21.08670000000000,21.00910000000000,1.75850000000000,0.07330000000000,0.00000000000000
mpc-hc64.exe,73104,0x0000000006963910,DXGI,0,512,0,9.54766300000000,0.14290000000000,40.48540000000000,1,Hardware: Independent Flip,1.26360000000000,15.98820000000000,33.62840000000000,14.72460000000000,-38.64930000000000,9.98530000000000,0.00000000000000
mpc-hc64.exe,73104,0x0000000006963910,DXGI,0,512,0,9.54786380000000,0.08700000000000,0.20080000000000,1,Hardware: Independent Flip,1.12050000000000,21.02760000000000,5.24020000000000,19.90710000000000,1.06280000000000,0.05770000000000,0.00000000000000
mpc-hc64.exe,73104,0x0000000006963910,DXGI,0,512,0,9.58936320000000,0.15590000000000,41.49940000000000,1,Hardware: Independent Flip,1.30240000000000,13.68000000000000,34.15180000000000,12.37760000000000,-40.37890000000000,10.49460000000000,0.00000000000000
mpc-hc64.exe,73104,0x0000000006963910,DXGI,0,512,0,9.58958010000000,0.08640000000000,0.21690000000000,1,Hardware: Independent Flip,1.14240000000000,21.93290000000000,8.46980000000000,20.79050000000000,1.08550000000000,0.05690000000000,0.00000000000000
mpc-hc64.exe,73104,0x0000000006963910,DXGI,0,512,0,9.63226640000000,0.28870000000000,42.68630000000000,1,Hardware: Independent Flip,1.98910000000000,1.98910000000000,22.74250000000000,0.00000000000000,-41.54390000000000,11.52190000000000,0.00000000000000
mpc-hc64.exe,73104,0x0000000006963910,DXGI,0,512,0,9.63265940000000,0.10550000000000,0.39300000000000,1,Hardware: Independent Flip,1.65180000000000,23.36450000000000,21.76840000000000,21.71270000000000,1.59610000000000,0.05570000000000,0.00000000000000
mpc-hc64.exe,73104,0x0000000006963910,DXGI,0,512,0,9.67247970000000,0.15820000000000,39.82030000000000,1,Hardware: Independent Flip,1.32390000000000,2.64970000000000,19.10550000000000,1.32580000000000,-38.16850000000000,10.04610000000000,0.00000000000000
mpc-hc64.exe,73104,0x0000000006963910,DXGI,0,512,0,9.67269840000000,0.08340000000000,0.21870000000000,1,Hardware: Independent Flip,1.29040000000000,20.91870000000000,18.48770000000000,19.62830000000000,1.10520000000000,0.18520000000000,0.00000000000000
mpc-hc64.exe,73104,0x0000000006963910,DXGI,0,512,0,9.71415940000000,0.13440000000000,41.46100000000000,1,Hardware: Independent Flip,1.29020000000000,20.03740000000000,40.57970000000000,18.74720000000000,-40.17060000000000,10.23720000000000,0.00000000000000
mpc-hc64.exe,73104,0x0000000006963910,DXGI,0,512,0,9.71434940000000,0.08430000000000,0.19000000000000,1,Hardware: Independent Flip,1.16690000000000,21.84150000000000,1.99410000000000,20.67460000000000,1.10020000000000,0.06670000000000,0.00000000000000
mpc-hc64.exe,73104,0x0000000006963910,DXGI,0,512,0,9.75718250000000,0.17820000000000,42.83310000000000,1,Hardware: Independent Flip,1.59360000000000,1.59360000000000,22.58520000000000,0.00000000000000,-41.66620000000000,11.21600000000000,0.00000000000000
mpc-hc64.exe,73104,0x0000000006963910,DXGI,0,512,0,9.75742860000000,0.09440000000000,0.24610000000000,1,Hardware: Independent Flip,1.75680000000000,1.75680000000000,0.40930000000000,0.00000000000000,1.34750000000000,0.40930000000000,0.00000000000000
mpc-hc64.exe,73104,0x0000000006963910,DXGI,0,512,0,9.79822350000000,0.20460000000000,40.79490000000001,1,Hardware: Independent Flip,1.19800000000000,1.19800000000000,40.23610000000000,0.00000000000000,-39.03810000000000,9.87370000000000,0.00000000000000
mpc-hc64.exe,73104,0x0000000006963910,DXGI,0,512,0,9.79849500000000,0.12050000000000,0.27150000000000,1,Hardware: Independent Flip,0.98850000000000,21.06060000000000,20.13410000000000,20.07210000000000,0.92650000000000,0.06200000000000,0.00000000000000
mpc-hc64.exe,73104,0x0000000006963910,DXGI,0,512,0,9.83936140000000,0.14970000000000,40.86640000000000,1,Hardware: Independent Flip,1.25750000000000,1.25750000000000,21.06330000000000,0.00000000000000,-39.87790000000000,10.62500000000000,0.00000000000000
mpc-hc64.exe,73104,0x0000000006963910,DXGI,0,512,0,9.83956470000000,0.08310000000000,0.20330000000000,1,Hardware: Independent Flip,1.24350000000000,21.69770000000000,20.64350000000000,20.45420000000000,1.05420000000000,0.18930000000000,0.00000000000000
mpc-hc64.exe,73104,0x0000000006963910,DXGI,0,512,0,9.88117190000000,0.13200000000000,41.60720000000000,1,Hardware: Independent Flip,1.31240000000000,1.31240000000000,21.22190000000000,0.00000000000000,-40.36370000000000,10.45800000000000,0.00000000000000
mpc-hc64.exe,73104,0x0000000006963910,DXGI,0,512,0,9.88136170000000,0.19580000000000,0.18980000000000,1,Hardware: Independent Flip,1.96620000000000,1.96620000000000,0.84360000000000,0.00000000000000,1.12260000000000,0.84360000000000,0.00000000000000
mpc-hc64.exe,73104,0x0000000006963910,DXGI,0,512,0,9.92234700000000,0.16120000000000,40.98530000000000,1,Hardware: Independent Flip,1.31420000000000,1.31420000000000,40.33330000000000,0.00000000000000,-39.01910000000000,9.88670000000000,0.00000000000000
mpc-hc64.exe,73104,0x0000000006963910,DXGI,0,512,0,9.92256460000000,0.08450000000000,0.21760000000000,1,Hardware: Independent Flip,1.15970000000000,21.27180000000000,20.17520000000000,20.11210000000000,1.09660000000000,0.06310000000000,0.00000000000000
mpc-hc64.exe,73104,0x0000000006963910,DXGI,0,512,0,9.96443150000000,0.13510000000000,41.86690000000000,1,Hardware: Independent Flip,1.31110000000000,1.31110000000000,21.90620000000000,0.00000000000000,-40.70720000000000,10.44150000000000,2.57670000000000
mpc-hc64.exe,73104,0x0000000006963910,DXGI,0,512,0,9.96462100000000,0.08290000000000,0.18950000000000,1,Hardware: Independent Flip,1.91980000000000,1.91980000000000,0.79820000000000,0.00000000000000,1.12160000000000,0.79480000000000,0.00000000000000
mpc-hc64.exe,73104,0x0000000006963910,DXGI,0,512,0,10.00644810000000,0.18200000000000,41.82710000000000,1,Hardware: Independent Flip,1.85950000000000,7.96860000000000,47.87590000000000,6.10910000000000,-39.90730000000000,10.50830000000000,40.64510000000000
mpc-hc64.exe,73104,0x0000000006963910,DXGI,0,512,0,10.00669340000000,0.09300000000000,0.24530000000000,1,Hardware: Independent Flip,1.68450000000000,22.53050000000000,14.80720000000000,20.84600000000000,1.61420000000000,0.07030000000000,0.00000000000000
mpc-hc64.exe,73104,0x0000000006963910,DXGI,0,512,0,10.04834540000000,0.19760000000000,41.65200000000000,1,Hardware: Independent Flip,2.04170000000000,16.02500000000000,35.14650000000000,13.98330000000000,-39.96750000000000,10.69630000000000,0.00000000000000
mpc-hc64.exe,73104,0x0000000006963910,DXGI,0,512,0,10.04860710000000,0.10200000000000,0.26170000000000,1,Hardware: Independent Flip,1.86990000000000,22.82650000000000,7.06320000000000,20.95660000000000,1.78000000000000,0.08690000000000,0.00000000000000
mpc-hc64.exe,73104,0x0000000006963910,DXGI,0,512,0,10.08992870000000,0.18770000000000,41.32160000000000,1,Hardware: Independent Flip,1.92870000000000,9.54650000000000,28.04160000000000,7.61780000000000,-39.45170000000000,10.78280000000000,0.00000000000000
mpc-hc64.exe,73104,0x0000000006963910,DXGI,0,512,0,10.09017940000000,0.09520000000000,0.25070000000000,1,Hardware: Independent Flip,1.74520000000000,22.39910000000000,13.10330000000000,20.65390000000000,1.67800000000000,0.06720000000000,0.00000000000000
mpc-hc64.exe,73104,0x0000000006963910,DXGI,0,512,0,10.13234250000000,0.23760000000000,42.16310000000000,1,Hardware: Independent Flip,1.97740000000000,1.97740000000000,21.74140000000000,0.00000000000000,-40.41790000000000,10.50970000000000,2.54870000000000
mpc-hc64.exe,73104,0x0000000006963910,DXGI,0,512,0,10.13265390000000,0.10280000000000,0.31140000000000,1,Hardware: Independent Flip,1.74960000000000,22.90990000000000,21.24390000000000,21.16030000000000,1.66600000000000,0.08360000000000,0.00000000000000
mpc-hc64.exe,73104,0x0000000006963910,DXGI,0,512,0,10.17230080000000,0.15980000000000,39.64690000000000,1,Hardware: Independent Flip,1.31600000000000,1.31600000000000,18.05300000000000,0.00000000000000,-37.89730000000000,9.80950000000000,2.47170000000000
mpc-hc64.exe,73104,0x0000000006963910,DXGI,0,512,0,10.17251490000000,0.09500000000000,0.21410000000000,1,Hardware: Independent Flip,1.16270000000000,20.72400000000000,19.62210000000000,19.56130000000000,1.10190000000000,0.06080000000000,0.00000000000000
mpc-hc64.exe,73104,0x0000000006963910,DXGI,0,512,0,10.21420790000000,0.14200000000000,41.69300000000000,1,Hardware: Independent Flip,1.32200000000000,12.82100000000000,33.79000000000000,11.49900000000000,-40.53030000000000,10.47990000000000,0.38000000000000
mpc-hc64.exe,73104,0x0000000006963910,DXGI,0,512,0,10.21440180000000,0.07920000000000,0.19390000000000,1,Hardware: Independent Flip,1.18880000000000,22.06260000000000,9.43550000000000,20.87380000000000,1.12810000000000,0.06070000000000,0.00000000000000
mpc-hc64.exe,73104,0x0000000006963910,DXGI,0,512,0,10.25628760000000,0.23380000000000,41.88580000000000,1,Hardware: Independent Flip,1.96330000000000,21.85930000000000,41.68250000000000,19.89600000000000,-40.69700000000000,10.94310000000000,2.44220000000000
mpc-hc64.exe,73104,0x0000000006963910,DXGI,0,512,0,10.25660680000000,0.10920000000000,0.31920000000000,1,Hardware: Independent Flip,1.70890000000000,22.99160000000000,1.45150000000000,21.28270000000000,1.64410000000000,0.06480000000000,0.00000000000000
mpc-hc64.exe,73104,0x0000000006963910,DXGI,0,512,0,10.29870070000000,0.16670000000000,42.09390000000000,1,Hardware: Independent Flip,1.69570000000000,16.28100000000000,35.38330000000000,14.58530000000000,-40.38500000000001,10.86270000000000,4.90140000000000
mpc-hc64.exe,73104,0x0000000006963910,DXGI,0,512,0,10.29892960000000,0.09340000000000,0.22890000000000,1,Hardware: Independent Flip,1.53030000000000,22.51630000000000,6.46420000000000,20.98600000000000,1.46680000000000,0.06350000000000,0.00000000000000
mpc-hc64.exe,73104,0x0000000006963910,DXGI,0,512,0,10.33920010000000,0.15550000000000,40.27050000000000,1,Hardware: Independent Flip,1.35480000000000,1.35480000000000,19.10900000000000,0.00000000000000,-38.74020000000000,10.04430000000000,1.33420000000000
mpc-hc64.exe,73104,0x0000000006963910,DXGI,0,512,0,10.33941030000000,0.08840000000000,0.21020000000000,1,Hardware: Independent Flip,1.21450000000000,21.20390000000000,20.05930000000000,19.98940000000000,1.14460000000000,0.06990000000000,0.00000000000000
mpc-hc64.exe,73104,0x0000000006963910,DXGI,0,512,0,10.38113370000000,0.13630000000000,41.72340000000001,1,Hardware: Independent Flip,1.29170000000000,19.96110000000000,40.48060000000000,18.66940000000000,-40.50890000000000,10.31620000000000,3.25700000000000
mpc-hc64.exe,73104,0x0000000006963910,DXGI,0,512,0,10.38132730000000,0.09190000000000,0.19360000000000,1,Hardware: Independent Flip,1.16320000000000,22.00720000000000,2.23970000000000,20.84400000000000,1.09810000000000,0.06510000000000,0.00000000000000
mpc-hc64.exe,73104,0x0000000006963910,DXGI,0,512,0,10.42301990000000,0.22410000000000,41.69260000000000,1,Hardware: Independent Flip,1.33340000000000,21.40420000000000,41.08960000000000,20.07080000000000,-40.52940000000000,10.37930000000000,1.14150000000000
mpc-hc64.exe,73104,0x0000000006963910,DXGI,0,512,0,10.42332150000000,0.09460000000000,0.30160000000000,1,Hardware: Independent Flip,1.87360000000000,21.10260000000000,0.00000000000000,19.22900000000000,1.03180000000000,0.79750000000000,0.00000000000000
mpc-hc64.exe,73104,0x0000000006963910,DXGI,0,512,0,10.46583140000000,0.17800000000000,42.50990000000000,1,Hardware: Independent Flip,1.84650000000000,15.70130000000000,37.10860000000000,13.85480000000000,-40.63630000000000,10.76480000000000,31.98380000000000
mpc-hc64.exe,73104,0x0000000006963910,DXGI,0,512,0,10.46607090000000,0.08920000000000,0.23950000000000,1,Hardware: Independent Flip,1.67700000000000,22.87950000000000,7.41770000000000,21.20250000000000,1.60700000000000,0.07000000000000,0.00000000000000
mpc-hc64.exe,73104,0x0000000006963910,DXGI,0,512,0,10.50605480000000,0.22140000000000,39.98390000000000,1,Hardware: Independent Flip,1.33350000000000,1.33350000000000,18.43790000000000,0.00000000000000,-38.30690000000000,10.00840000000000,4.21740000000000
mpc-hc64.exe,73104,0x0000000006963910,DXGI,0,512,0,10.50637030000000,0.18340000000000,0.31550000000000,1,Hardware: Independent Flip,1.08380000000000,20.84800000000000,19.83000000000000,19.76420000000000,1.01800000000000,0.06580000000000,0.00000000000000
mpc-hc64.exe,73104,0x0000000006963910,DXGI,0,512,0,10.54705980000000,0.16660000000000,40.68950000000000,1,Hardware: Independent Flip,1.34890000000000,1.34890000000000,21.19040000000000,0.00000000000000,-39.60570000000000,10.47440000000000,5.25040000000000
mpc-hc64.exe,73104,0x0000000006963910,DXGI,0,512,0,10.54728310000000,0.08660000000000,0.22330000000000,1,Hardware: Independent Flip,1.18700000000000,21.61410000000000,20.48850000000000,20.42710000000000,1.12560000000000,0.06140000000000,0.00000000000000
mpc-hc64.exe,73104,0x0000000006963910,DXGI,0,512,0,10.58896880000000,0.25560000000000,41.68570000000000,1,Hardware: Independent Flip,1.31830000000000,1.31830000000000,21.38990000000000,0.00000000000000,-40.49870000000000,10.37070000000000,3.13840000000000
mpc-hc64.exe,73104,0x0000000006963910,DXGI,0,512,0,10.58929280000000,0.09750000000000,0.32400000000000,1,Hardware: Independent Flip,1.05770000000000,21.91250000000000,20.91820000000000,20.85480000000000,0.99430000000000,0.06340000000000,0.00000000000000
mpc-hc64.exe,73104,0x0000000006963910,DXGI,0,512,0,10.63210370000000,0.16740000000000,42.81090000000000,1,Hardware: Independent Flip,1.33600000000000,20.97960000000000,41.87800000000000,19.64360000000000,-41.75320000000000,11.47200000000000,2.24590000000000
mpc-hc64.exe,73104,0x0000000006963910,DXGI,0,512,0,10.63233520000000,0.09050000000000,0.23150000000000,1,Hardware: Independent Flip,1.16630000000000,22.65870000000000,1.91060000000000,21.49240000000000,1.10450000000000,0.06180000000000,0.00000000000000
mpc-hc64.exe,73104,0x0000000006963910,DXGI,0,512,0,10.67282880000000,0.15680000000000,40.49360000000000,1,Hardware: Independent Flip,1.29720000000000,1.29720000000000,19.13210000000000,0.00000000000000,-39.32730000000000,11.14210000000000,3.00270000000000
mpc-hc64.exe,73104,0x0000000006963910,DXGI,0,512,0,10.67304040000000,0.08430000000000,0.21160000000000,1,Hardware: Independent Flip,1.86170000000000,1.86170000000000,0.77610000000000,0.00000000000000,1.08560000000000,0.73140000000000,0.00000000000000
mpc-hc64.exe,73104,0x0000000006963910,DXGI,0,512,0,10.71477770000000,0.19710000000000,41.73730000000000,1,Hardware: Independent Flip,1.94690000000000,15.08560000000000,54.96120000000001,13.13870000000000,-39.87560000000000,10.49760000000000,0.94450000000000
mpc-hc64.exe,73104,0x0000000006963910,DXGI,0,512,0,10.71504940000000,0.09970000000000,0.27170000000000,1,Hardware: Independent Flip,1.75120000000000,22.62160000000000,7.80770000000000,20.87040000000000,1.67520000000000,0.07600000000000,0.00000000000000
mpc-hc64.exe,73104,0x0000000006963910,DXGI,0,512,0,10.75605370000000,0.15280000000000,41.00430000000000,1,Hardware: Independent Flip,1.27640000000000,15.44540000000000,33.82810000000000,14.16900000000000,-39.25310000000000,9.81510000000000,0.00000000000000
mpc-hc64.exe,73104,0x0000000006963910,DXGI,0,512,0,10.75626180000000,0.08590000000000,0.20810000000000,1,Hardware: Independent Flip,1.12860000000000,21.34130000000000,6.10400000000000,20.21270000000000,1.06830000000000,0.06030000000000,0.00000000000000
mpc-hc64.exe,73104,0x0000000006963910,DXGI,0,512,0,10.79853960000000,0.15420000000000,42.27780000000000,1,Hardware: Independent Flip,1.92060000000000,1.92060000000000,22.85710000000000,0.00000000000000,-41.14920000000000,11.32160000000000,0.00000000000000
mpc-hc64.exe,73104,0x0000000006963910,DXGI,0,512,0,10.79883140000000,0.10710000000000,0.29180000000000,1,Hardware: Independent Flip,1.69670000000000,23.19440000000000,21.56560000000000,21.49770000000000,1.62880000000000,0.06790000000000,0.00000000000000
mpc-hc64.exe,73104,0x0000000006963910,DXGI,0,512,0,10.83976960000000,0.27250000000000,40.93820000000000,1,Hardware: Independent Flip,1.58030000000000,2.94550000000000,20.68930000000000,1.36520000000000,-39.24150000000000,10.15260000000000,0.00000000000000
mpc-hc64.exe,73104,0x0000000006963910,DXGI,0,512,0,10.84011960000000,0.10940000000000,0.35000000000000,1,Hardware: Independent Flip,2.01580000000000,2.59550000000000,0.00000000000000,0.57970000000000,1.23030000000000,0.78200000000000,0.00000000000000
mpc-hc64.exe,73104,0x0000000006963910,DXGI,0,512,0,10.88153630000000,0.15990000000000,41.41670000000000,1,Hardware: Independent Flip,1.29140000000000,14.18340000000000,53.00460000000000,12.89200000000000,-39.40090000000000,9.81720000000000,71.68640000000001
mpc-hc64.exe,73104,0x0000000006963910,DXGI,0,512,0,10.88175660000000,0.07480000000000,0.22030000000000,1,Hardware: Independent Flip,1.84890000000000,13.96310000000000,0.00000000000000,12.11420000000000,1.07110000000000,0.77780000000000,0.00000000000000
mpc-hc64.exe,73104,0x0000000006963910,DXGI,0,512,0,10.92264680000000,0.15130000000000,40.89020000000000,1,Hardware: Independent Flip,1.32210000000000,1.32210000000000,28.24920000000000,0.00000000000000,-39.04130000000000,9.90150000000000,24.81390000000000
mpc-hc64.exe,73104,0x0000000006963910,DXGI,0,512,0,10.92285190000000,0.08530000000000,0.20510000000000,1,Hardware: Independent Flip,1.17700000000000,21.30580000000000,20.18880000000000,20.12880000000000,1.11700000000000,0.06000000000000,0.00000000000000
mpc-hc64.exe,73104,0x0000000006963910,DXGI,0,512,0,10.96466440000000,0.13360000000000,41.81250000000000,1,Hardware: Independent Flip,1.40310000000000,1.40310000000000,21.90980000000000,0.00000000000000,-40.63550000000000,11.08410000000000,0.00000000000000
mpc-hc64.exe,73104,0x0000000006963910,DXGI,0,512,0,10.96486680000000,0.09130000000000,0.20240000000000,1,Hardware: Independent Flip,1.26160000000000,22.22680000000000,21.02610000000000,20.96520000000000,1.20070000000000,0.06090000000000,0.00000000000000
mpc-hc64.exe,73104,0x0000000006963910,DXGI,0,512,0,11.00635060000000,0.15590000000000,41.48380000000000,1,Hardware: Independent Flip,1.92670000000000,14.82180000000000,34.07880000000000,12.89510000000000,-40.22220000000000,11.02810000000000,36.52390000000000
mpc-hc64.exe,73104,0x0000000006963910,DXGI,0,512,0,11.00656300000000,0.08620000000000,0.21240000000000,1,Hardware: Independent Flip,1.79580000000000,22.82850000000000,8.21910000000000,21.03270000000000,1.71430000000000,0.07800000000000,0.00000000000000
mpc-hc64.exe,73104,0x0000000006963910,DXGI,0,512,0,11.04825820000000,0.16490000000000,41.69520000000000,1,Hardware: Independent Flip,1.21250000000000,1.21250000000000,20.07920000000000,0.00000000000000,-39.89940000000000,9.75830000000000,0.00000000000000
mpc-hc64.exe,73104,0x0000000006963910,DXGI,0,512,0,11.04852430000000,0.11730000000000,0.26610000000000,1,Hardware: Independent Flip,1.69840000000000,1.69840000000000,0.75200000000000,0.00000000000000,0.94640000000000,0.75200000000000,0.00000000000000
mpc-hc64.exe,73104,0x0000000006963910,DXGI,0,512,0,11.08935350000000,0.20950000000000,40.82920000000000,1,Hardware: Independent Flip,1.22760000000000,1.22760000000000,40.35840000000000,0.00000000000000,-39.13080000000000,10.03040000000000,0.00000000000000
mpc-hc64.exe,73104,0x0000000006963910,DXGI,0,512,0,11.08961990000000,0.08860000000000,0.26640000000000,1,Hardware: Independent Flip,1.02130000000000,21.14700000000000,20.18580000000000,20.12570000000000,0.96120000000000,0.06010000000000,0.00000000000000
mpc-hc64.exe,73104,0x0000000006963910,DXGI,0,512,0,11.13230900000000,0.16400000000000,42.68910000000000,1,Hardware: Independent Flip,1.91300000000000,1.91300000000000,23.45510000000000,0.00000000000000,-41.66780000000000,11.37400000000000,0.00000000000000
mpc-hc64.exe,73104,0x0000000006963910,DXGI,0,512,0,11.13253000000000,0.08750000000000,0.22100000000000,1,Hardware: Independent Flip,1.75960000000000,23.50690000000000,21.81490000000000,21.74730000000000,1.69200000000000,0.06760000000000,0.00000000000000
mpc-hc64.exe,73104,0x0000000006963910,DXGI,0,512,0,11.17338660000000,0.19620000000000,40.85660000000000,1,Hardware: Independent Flip,1.78610000000000,17.59980000000000,34.94950000000000,15.81370000000000,-39.09700000000000,10.49100000000000,0.00000000000000
mpc-hc64.exe,73104,0x0000000006963910,DXGI,0,512,0,11.17365560000000,0.10140000000000,0.26900000000000,1,Hardware: Independent Flip,1.57470000000000,21.97130000000000,4.64050000000000,20.39660000000000,1.51710000000000,0.05760000000000,0.00000000000000
mpc-hc64.exe,73104,0x0000000006963910,DXGI,0,512,0,11.21431070000000,0.13470000000000,40.65510000000000,1,Hardware: Independent Flip,1.30640000000000,1.30640000000000,19.99020000000000,0.00000000000000,-39.08040000000000,9.96970000000000,0.00000000000000
mpc-hc64.exe,73104,0x0000000006963910,DXGI,0,512,0,11.21449950000000,0.08410000000000,0.18880000000000,1,Hardware: Independent Flip,1.17660000000000,21.31930000000000,20.20170000000000,20.14270000000000,1.11760000000000,0.05900000000000,0.00000000000000
mpc-hc64.exe,73104,0x0000000006963910,DXGI,0,512,0,11.25624140000000,0.15110000000000,41.74190000000000,1,Hardware: Independent Flip,1.31350000000000,13.65520000000000,34.07780000000000,12.34170000000000,-40.56530000000000,10.44090000000000,0.00000000000000
mpc-hc64.exe,73104,0x0000000006963910,DXGI,0,512,0,11.25654020000000,0.13890000000000,0.29880000000000,1,Hardware: Independent Flip,1.82180000000000,13.35640000000000,0.00000000000000,11.53460000000000,1.01470000000000,0.80710000000000,0.00000000000000
mpc-hc64.exe,73104,0x0000000006963910,DXGI,0,512,0,11.29885730000000,0.22190000000000,42.31710000000000,1,Hardware: Independent Flip,1.64360000000000,15.27950000000000,44.24020000000000,13.63590000000000,-40.49530000000000,10.75720000000000,0.00000000000000
mpc-hc64.exe,73104,0x0000000006963910,DXGI,0,512,0,11.29914820000000,0.09990000000000,0.29090000000000,1,Hardware: Independent Flip,1.75250000000000,14.98860000000000,0.00000000000000,13.23610000000000,1.35270000000000,0.39980000000000,0.00000000000000
mpc-hc64.exe,73104,0x0000000006963910,DXGI,0,512,0,11.33952220000000,0.16760000000000,40.37400000000000,1,Hardware: Independent Flip,1.37950000000000,1.37950000000000,26.76490000000000,0.00000000000000,-38.62150000000000,9.90000000000000,0.00000000000000
mpc-hc64.exe,73104,0x0000000006963910,DXGI,0,512,0,11.33974520000000,0.13890000000000,0.22300000000000,1,Hardware: Independent Flip,1.91210000000000,1.91210000000000,0.75560000000000,0.00000000000000,1.15650000000000,0.71130000000000,0.00000000000000
mpc-hc64.exe,73104,0x0000000006963910,DXGI,0,512,0,11.38455140000000,0.14460000000000,44.80620000000000,1,Hardware: Independent Flip,1.36570000000000,14.25490000000000,57.14900000000000,12.88920000000000,-42.89410000000000,10.57880000000000,42.75530000000001
mpc-hc64.exe,73104,0x0000000006963910,DXGI,0,512,0,11.38474790000000,0.07990000000000,0.19650000000000,1,Hardware: Independent Flip,1.22540000000000,23.29920000000000,9.24080000000000,22.07380000000000,1.16920000000000,0.05620000000000,0.00000000000000
mpc-hc64.exe,73104,0x0000000006963910,DXGI,0,512,0,11.42304420000000,0.37360000000000,38.29630000000000,1,Hardware: Independent Flip,1.99670000000000,1.99670000000000,16.99380000000000,0.00000000000000,-37.07090000000000,11.17660000000000,0.00000000000000
mpc-hc64.exe,73104,0x0000000006963910,DXGI,0,512,0,11.42348720000000,0.09450000000000,0.44300000000000,1,Hardware: Independent Flip,1.61800000000000,21.10440000000000,19.55070000000000,19.48640000000000,1.55370000000000,0.06430000000000,0.00000000000000
mpc-hc64.exe,73104,0x0000000006963910,DXGI,0,512,0,11.46506980000000,0.18400000000000,41.58260000000000,1,Hardware: Independent Flip,2.03720000000000,14.98510000000000,35.46330000000000,12.94790000000000,-39.96460000000000,10.86720000000000,0.00000000000000
mpc-hc64.exe,73104,0x0000000006963910,DXGI,0,512,0,11.46531300000000,0.13750000000000,0.24320000000000,1,Hardware: Independent Flip,1.85930000000000,22.82460000000000,8.08270000000000,20.96530000000000,1.79400000000000,0.06530000000000,0.00000000000000
mpc-hc64.exe,73104,0x0000000006963910,DXGI,0,512,0,11.50731870000000,0.19410000000000,42.00570000000000,1,Hardware: Independent Flip,1.68460000000000,1.68460000000000,20.86570000000000,0.00000000000000,-40.14640000000000,10.69290000000000,5.49640000000000
mpc-hc64.exe,73104,0x0000000006963910,DXGI,0,512,0,11.50757840000000,0.09310000000000,0.25970000000000,1,Hardware: Independent Flip,1.91010000000000,1.91010000000000,0.48520000000000,0.00000000000000,1.42490000000000,0.48520000000000,0.00000000000000
mpc-hc64.exe,73104,0x0000000006963910,DXGI,0,512,0,11.54804760000000,0.19210000000000,40.46920000000000,1,Hardware: Independent Flip,1.99380000000000,1.99380000000000,40.55290000000000,0.00000000000000,-38.55910000000000,10.49700000000000,38.24810000000000
mpc-hc64.exe,73104,0x0000000006963910,DXGI,0,512,0,11.54831520000000,0.10600000000000,0.26760000000000,1,Hardware: Independent Flip,1.79500000000000,22.02840000000000,20.30220000000000,20.23340000000000,1.72620000000000,0.06590000000000,0.00000000000000
mpc-hc64.exe,73104,0x0000000006963910,DXGI,0,512,0,11.58935690000000,0.15200000000000,41.04170000000000,1,Hardware: Independent Flip,1.32280000000000,1.32280000000000,20.33610000000000,0.00000000000000,-39.24670000000000,10.00010000000000,0.00000000000000
mpc-hc64.exe,73104,0x0000000006963910,DXGI,0,512,0,11.58956250000000,0.08350000000000,0.20560000000000,1,Hardware: Independent Flip,1.17890000000000,21.41180000000000,20.29460000000000,20.23290000000000,1.11720000000000,0.06170000000000,0.00000000000000
mpc-hc64.exe,73104,0x0000000006963910,DXGI,0,512,0,11.63186130000000,0.16140000000000,42.29880000000000,1,Hardware: Independent Flip,2.08760000000000,14.62450000000000,35.51150000000001,12.53690000000000,-41.11990000000000,11.74710000000000,14.06000000000000
mpc-hc64.exe,73104,0x0000000006963910,DXGI,0,512,0,11.63207990000000,0.24750000000000,0.21860000000000,1,Hardware: Independent Flip,1.92540000000000,23.48080000000000,9.07490000000000,21.55540000000000,1.86900000000000,0.05640000000000,0.00000000000000
mpc-hc64.exe,73104,0x0000000006963910,DXGI,0,512,0,11.67359650000000,0.19030000000000,41.51660000000000,1,Hardware: Independent Flip,2.24890000000000,17.65280000000000,35.68860000000000,15.40390000000000,-39.59120000000000,11.90240000000000,0.00000000000000
mpc-hc64.exe,73104,0x0000000006963910,DXGI,0,512,0,11.67384300000000,0.08440000000000,0.24650000000000,1,Hardware: Independent Flip,2.07760000000000,22.95690000000000,5.55060000000000,20.87930000000000,2.00240000000000,0.07220000000000,0.00000000000000
mpc-hc64.exe,73104,0x0000000006963910,DXGI,0,512,0,11.71563550000000,0.15580000000000,41.79250000000000,1,Hardware: Independent Flip,2.32350000000000,17.25260000000000,36.08820000000000,14.92910000000000,-39.71490000000000,12.05260000000000,37.76470000000000
mpc-hc64.exe,73104,0x0000000006963910,DXGI,0,512,0,11.71588220000000,0.12180000000000,0.24670000000000,1,Hardware: Independent Flip,2.15340000000000,23.12960000000000,6.12370000000000,20.97620000000000,2.07680000000000,0.07360000000000,0.00000000000000
mpc-hc64.exe,73104,0x0000000006963910,DXGI,0,512,0,11.75763560000000,0.23810000000000,41.75340000000000,1,Hardware: Independent Flip,2.11180000000000,17.27110000000000,35.89490000000000,15.15930000000000,-39.60000000000000,11.93940000000000,0.00000000000000
mpc-hc64.exe,73104,0x0000000006963910,DXGI,0,512,0,11.75793580000000,0.09000000000000,0.30020000000000,1,Hardware: Independent Flip,1.88550000000000,22.70260000000000,5.73170000000000,20.81710000000000,1.81160000000000,0.07390000000000,0.00000000000000
mpc-hc64.exe,73104,0x0000000006963910,DXGI,0,512,0,11.79822630000000,0.14400000000000,40.29050000000000,1,Hardware: Independent Flip,2.27060000000000,2.27060000000000,19.85850000000000,0.00000000000000,-38.40500000000000,11.91970000000000,0.00000000000000
mpc-hc64.exe,73104,0x0000000006963910,DXGI,0,512,0,11.79842540000000,0.07560000000000,0.19910000000000,1,Hardware: Independent Flip,2.13480000000000,22.41290000000000,20.34140000000000,20.27810000000000,2.07150000000000,0.05990000000000,0.00000000000000
mpc-hc64.exe,73104,0x0000000006963910,DXGI,0,512,0,11.84198800000000,0.16770000000000,43.56260000000000,1,Hardware: Independent Flip,1.82950000000000,15.79140000000000,36.94110000000000,13.96190000000000,-41.42780000000000,12.25080000000000,0.00000000000000
mpc-hc64.exe,73104,0x0000000006963910,DXGI,0,512,0,11.84221660000000,0.08600000000000,0.22860000000000,1,Hardware: Independent Flip,1.67550000000000,23.26500000000000,7.70220000000000,21.58950000000000,1.60090000000000,0.07460000000000,0.00000000000000
mpc-hc64.exe,73104,0x0000000006963910,DXGI,0,512,0,11.88220170000000,0.17250000000000,39.98510000000000,1,Hardware: Independent Flip,2.17810000000000,18.82350000000000,35.54360000000000,16.64540000000000,-38.30960000000000,11.93610000000000,0.00000000000000
mpc-hc64.exe,73104,0x0000000006963910,DXGI,0,512,0,11.88243730000000,0.16080000000000,0.23560000000000,1,Hardware: Independent Flip,2.01640000000000,22.21850000000000,3.63060000000000,20.20210000000000,1.94250000000000,0.07390000000000,0.00000000000000
mpc-hc64.exe,73104,0x0000000006963910,DXGI,0,512,0,11.92438810000000,0.21570000000000,41.95080000000000,1,Hardware: Independent Flip,2.01420000000000,16.48010000000000,36.21240000000000,14.46590000000000,-39.93440000000000,11.79060000000000,0.00000000000000
mpc-hc64.exe,73104,0x0000000006963910,DXGI,0,512,0,11.92469480000000,0.12210000000000,0.30670000000000,1,Hardware: Independent Flip,1.78750000000000,22.71600000000000,6.54260000000000,20.92850000000000,1.70750000000000,0.08000000000000,0.00000000000000
mpc-hc64.exe,73104,0x0000000006963910,DXGI,0,512,0,11.96541400000000,0.20390000000000,40.71920000000000,1,Hardware: Independent Flip,2.27440000000000,10.82160000000000,28.82480000000000,8.54720000000000,-38.93170000000000,12.32340000000000,0.00000000000000
mpc-hc64.exe,73104,0x0000000006963910,DXGI,0,512,0,11.96568540000000,0.10480000000000,0.27140000000000,1,Hardware: Independent Flip,2.09500000000000,22.65470000000000,12.10450000000000,20.55970000000000,2.00300000000000,0.09200000000000,0.00000000000000
mpc-hc64.exe,73104,0x0000000006963910,DXGI,0,512,0,12.00899860000000,0.17270000000000,43.31320000000000,1,Hardware: Independent Flip,2.01770000000000,2.01770000000000,22.67620000000000,0.00000000000000,-41.21820000000000,12.16110000000000,0.00000000000000
mpc-hc64.exe,73104,0x0000000006963910,DXGI,0,512,0,12.00923420000000,0.09310000000000,0.23560000000000,1,Hardware: Independent Flip,1.86720000000000,23.41260000000000,21.63050000000000,21.54540000000000,1.78210000000000,0.08510000000000,0.00000000000000
mpc-hc64.exe,73104,0x0000000006963910,DXGI,0,512,0,12.04884750000000,0.21830000000000,39.61330000000000,1,Hardware: Independent Flip,1.47860000000000,11.63000000000000,27.83070000000000,10.15140000000000,-37.74610000000000,11.74890000000000,0.00000000000000
mpc-hc64.exe,73104,0x0000000006963910,DXGI,0,512,0,12.04917270000000,0.19620000000000,0.32520000000000,1,Hardware: Independent Flip,1.22470000000000,20.77450000000000,9.46970000000000,19.54980000000000,1.15340000000000,0.07130000000000,0.00000000000000
mpc-hc64.exe,73104,0x0000000006963910,DXGI,0,512,0,12.09112300000000,0.15760000000000,41.95030000000000,1,Hardware: Independent Flip,2.37060000000000,21.57740000000000,42.75320000000000,19.20680000000000,-40.72560000000000,13.21560000000000,0.00000000000000
mpc-hc64.exe,73104,0x0000000006963910,DXGI,0,512,0,12.09133800000000,0.08760000000000,0.21500000000000,1,Hardware: Independent Flip,2.23370000000000,23.73800000000000,2.37560000000000,21.50430000000000,2.15560000000000,0.07530000000000,0.00000000000000
mpc-hc64.exe,73104,0x0000000006963910,DXGI,0,512,0,12.13233620000000,0.18320000000000,40.99820000000000,1,Hardware: Independent Flip,2.39840000000000,2.39840000000000,19.65860000000000,0.00000000000000,-38.76450000000001,12.20940000000000,0.00000000000000
mpc-hc64.exe,73104,0x0000000006963910,DXGI,0,512,0,12.13258630000000,0.13310000000000,0.25010000000000,1,Hardware: Independent Flip,2.20280000000000,22.74300000000000,20.59470000000000,20.54020000000000,2.14830000000000,0.05150000000000,0.00000000000000
mpc-hc64.exe,73104,0x0000000006963910,DXGI,0,512,0,12.17405650000000,0.22440000000000,41.47020000000001,1,Hardware: Independent Flip,2.28120000000000,17.30940000000000,36.03660000000000,15.02820000000000,-39.26740000000000,12.20300000000000,0.00000000000000
mpc-hc64.exe,73104,0x0000000006963910,DXGI,0,512,0,12.17435270000000,0.11400000000000,0.29620000000000,1,Hardware: Independent Flip,2.07500000000000,22.80210000000000,5.78890000000000,20.72710000000000,1.98500000000000,0.08710000000000,0.00000000000000
mpc-hc64.exe,73104,0x0000000006963910,DXGI,0,512,0,12.21709100000000,0.12550000000000,42.73830000000000,1,Hardware: Independent Flip,1.49200000000000,1.49200000000000,21.42820000000000,0.00000000000000,-40.66330000000000,11.99800000000000,0.00000000000000
mpc-hc64.exe,73104,0x0000000006963910,DXGI,0,512,0,12.21726790000000,0.08010000000000,0.17690000000000,1,Hardware: Independent Flip,1.37390000000000,22.39170000000000,21.07660000000000,21.01780000000000,1.31510000000000,0.05880000000000,0.00000000000000
mpc-hc64.exe,73104,0x0000000006963910,DXGI,0,512,0,12.25798270000000,0.15300000000000,40.71480000000000,1,Hardware: Independent Flip,2.20510000000000,11.34540000000000,29.66850000000000,9.14030000000000,-39.34090000000000,13.08940000000000,0.00000000000000
mpc-hc64.exe,73104,0x0000000006963910,DXGI,0,512,0,12.25819860000000,0.08300000000000,0.21590000000000,1,Hardware: Independent Flip,2.04630000000000,22.75820000000000,11.62870000000000,20.71190000000000,1.98920000000000,0.05440000000000,0.00000000000000
mpc-hc64.exe,73104,0x0000000006963910,DXGI,0,512,0,12.29923980000000,0.28610000000000,41.04120000000000,1,Hardware: Independent Flip,2.28310000000000,3.58670000000000,21.86970000000000,1.30360000000000,-38.99490000000000,11.94960000000000,0.00000000000000
mpc-hc64.exe,73104,0x0000000006963910,DXGI,0,512,0,12.29967640000000,0.09990000000000,0.43660000000000,1,Hardware: Independent Flip,1.92510000000000,22.51850000000000,19.36840000000000,20.59340000000000,1.84650000000000,0.07860000000000,0.00000000000000
mpc-hc64.exe,73104,0x0000000006963910,DXGI,0,512,0,12.34066120000000,0.22540000000000,40.98480000000000,1,Hardware: Independent Flip,2.29220000000000,17.61260000000000,36.07890000000000,15.32040000000000,-39.05970000000000,12.16950000000000,0.00000000000000
mpc-hc64.exe,73104,0x0000000006963910,DXGI,0,512,0,12.34096880000000,0.14090000000000,0.30760000000000,1,Hardware: Independent Flip,2.05760000000000,22.69080000000000,5.38580000000000,20.63320000000000,1.98460000000000,0.07300000000000,0.00000000000000
mpc-hc64.exe,73104,0x0000000006963910,DXGI,0,512,0,12.38361650000000,0.13420000000000,42.64770000000000,1,Hardware: Independent Flip,1.86940000000000,16.79810000000000,36.75500000000000,14.92870000000000,-40.59010000000000,12.71370000000000,0.00000000000000
mpc-hc64.exe,73104,0x0000000006963910,DXGI,0,512,0,12.38380530000000,0.09670000000000,0.18880000000000,1,Hardware: Independent Flip,1.75660000000000,22.94530000000000,6.33600000000000,21.18870000000000,1.68060000000000,0.07600000000000,0.00000000000000
mpc-hc64.exe,73104,0x0000000006963910,DXGI,0,512,0,12.42522500000000,0.16780000000000,41.41970000000000,1,Hardware: Independent Flip,1.51250000000000,17.98860000000000,36.46300000000000,16.47610000000000,-39.66310000000000,12.79120000000000,0.00000000000000
mpc-hc64.exe,73104,0x0000000006963910,DXGI,0,512,0,12.42545350000000,0.08710000000000,0.22850000000000,1,Hardware: Independent Flip,1.36290000000000,21.90480000000000,4.14470000000000,20.54190000000000,1.28400000000000,0.07890000000000,0.00000000000000
mpc-hc64.exe,73104,0x0000000006963910,DXGI,0,512,0,12.46753720000000,0.14240000000000,42.08370000000000,1,Hardware: Independent Flip,1.47760000000000,1.47760000000000,21.65650000000000,0.00000000000000,-40.72080000000000,12.91720000000000,0.00000000000000
mpc-hc64.exe,73104,0x0000000006963910,DXGI,0,512,0,12.46776900000000,0.09000000000000,0.23180000000000,1,Hardware: Independent Flip,1.33160000000000,22.38080000000000,21.13500000000000,21.04920000000000,1.24580000000000,0.08580000000000,0.00000000000000
mpc-hc64.exe,73104,0x0000000006963910,DXGI,0,512,0,12.50884180000000,0.16980000000000,41.07280000000000,1,Hardware: Independent Flip,1.46070000000000,11.16800000000000,29.86000000000000,9.70730000000000,-39.74120000000000,13.19070000000000,0.00000000000000
mpc-hc64.exe,73104,0x0000000006963910,DXGI,0,512,0,12.50906860000000,0.16730000000000,0.22680000000000,1,Hardware: Independent Flip,1.31460000000000,21.86850000000000,10.92730000000000,20.55390000000000,1.23390000000000,0.08070000000000,0.00000000000000
mpc-hc64.exe,73104,0x0000000006963910,DXGI,0,512,0,12.55042040000000,0.16300000000000,41.35180000000000,1,Hardware: Independent Flip,1.50990000000000,10.11620000000000,29.59950000000000,8.60630000000000,-40.03720000000000,12.73850000000000,0.00000000000000
mpc-hc64.exe,73104,0x0000000006963910,DXGI,0,512,0,12.55064370000000,0.08520000000000,0.22330000000000,1,Hardware: Independent Flip,1.35790000000000,22.08950000000000,12.19660000000000,20.73160000000000,1.28660000000000,0.07130000000000,0.00000000000000
mpc-hc64.exe,73104,0x0000000006963910,DXGI,0,512,0,12.59272320000000,0.17720000000000,42.07950000000000,1,Hardware: Independent Flip,1.46360000000000,17.35540000000000,37.34540000000001,15.89180000000000,-40.72160000000000,13.14140000000000,14.92350000000000
mpc-hc64.exe,73104,0x0000000006963910,DXGI,0,512,0,12.59295530000000,0.07790000000000,0.23210000000000,1,Hardware: Independent Flip,1.31780000000000,22.36670000000000,5.24340000000000,21.04890000000000,1.23150000000000,0.08630000000000,0.00000000000000
mpc-hc64.exe,73104,0x0000000006963910,DXGI,0,512,0,12.63246650000000,0.17580000000000,39.51120000000000,1,Hardware: Independent Flip,2.28020000000000,18.12210000000000,35.26660000000000,15.84190000000000,-38.19340000000000,12.91600000000000,2.61770000000000
mpc-hc64.exe,73104,0x0000000006963910,DXGI,0,512,0,12.63270760000000,0.09120000000000,0.24110000000000,1,Hardware: Independent Flip,2.11680000000000,22.31820000000000,4.43720000000000,20.20140000000000,2.03910000000000,0.07450000000000,0.00000000000000
mpc-hc64.exe,73104,0x0000000006963910,DXGI,0,512,0,12.67797180000000,0.14910000000000,45.26420000000000,1,Hardware: Independent Flip,1.49200000000000,16.25250000000000,39.19850000000000,14.76050000000000,-43.14740000000000,12.29150000000000,0.00000000000000
mpc-hc64.exe,73104,0x0000000006963910,DXGI,0,512,0,12.67817530000000,0.08310000000000,0.20350000000000,1,Hardware: Independent Flip,1.36740000000000,23.64140000000000,7.59240000000000,22.27400000000000,1.28850000000000,0.07890000000000,0.00000000000000
mpc-hc64.exe,73104,0x0000000006963910,DXGI,0,512,0,12.71596920000000,0.14300000000000,37.79390000000000,1,Hardware: Independent Flip,2.50060000000000,22.52180000000000,36.67430000000000,20.02120000000000,-36.42650000000000,13.15780000000000,0.00000000000000
mpc-hc64.exe,73104,0x0000000006963910,DXGI,0,512,0,12.71617360000000,0.09200000000000,0.20440000000000,1,Hardware: Independent Flip,2.36740000000000,22.31740000000000,0.00000000000000,19.95000000000000,2.29620000000000,0.06830000000000,0.00000000000000
mpc-hc64.exe,73104,0x0000000006963910,DXGI,0,512,0,12.75879180000000,0.17410000000000,42.61820000000000,1,Hardware: Independent Flip,1.51940000000000,1.51940000000000,21.82020000000000,0.00000000000000,-40.25080000000001,12.11750000000000,0.99300000000000
mpc-hc64.exe,73104,0x0000000006963910,DXGI,0,512,0,12.75902290000000,0.08490000000000,0.23110000000000,1,Hardware: Independent Flip,1.34860000000000,22.17510000000000,20.88680000000000,20.82650000000000,1.28830000000000,0.06030000000000,0.00000000000000
mpc-hc64.exe,73104,0x0000000006963910,DXGI,0,512,0,12.80026160000000,0.20740000000000,41.23870000000000,1,Hardware: Independent Flip,1.47350000000000,17.41510000000000,36.47870000000000,15.94160000000000,-39.89010000000000,12.71680000000000,2.42840000000000
mpc-hc64.exe,73104,0x0000000006963910,DXGI,0,512,0,12.80055690000000,0.09470000000000,0.29530000000000,1,Hardware: Independent Flip,1.25740000000000,21.89270000000000,4.77290000000000,20.63530000000000,1.17820000000000,0.07920000000000,0.00000000000000
mpc-hc64.exe,73104,0x0000000006963910,DXGI,0,512,0,12.84244320000000,0.15590000000000,41.88630000000000,1,Hardware: Independent Flip,1.39040000000000,8.92960000000000,28.92320000000000,7.53920000000000,-40.62890000000000,12.87550000000000,0.63100000000000
mpc-hc64.exe,73104,0x0000000006963910,DXGI,0,512,0,12.84265710000000,0.08320000000000,0.21390000000000,1,Hardware: Independent Flip,1.25690000000000,22.21960000000000,13.50390000000000,20.96270000000000,1.17650000000000,0.08040000000000,0.00000000000000
mpc-hc64.exe,73104,0x0000000006963910,DXGI,0,512,0,12.88302910000000,0.13440000000000,40.37200000000000,1,Hardware: Independent Flip,2.32550000000000,18.79930000000000,36.95170000000000,16.47380000000000,-39.11510000000001,13.06290000000000,1.23470000000000
mpc-hc64.exe,73104,0x0000000006963910,DXGI,0,512,0,12.88321810000000,0.09220000000000,0.18900000000000,1,Hardware: Independent Flip,2.21870000000000,22.89120000000000,4.28090000000000,20.67250000000000,2.13650000000000,0.07930000000000,0.00000000000000
mpc-hc64.exe,73104,0x0000000006963910,DXGI,0,512,0,12.92558630000000,0.20390000000000,42.36820000000000,1,Hardware: Independent Flip,1.87640000000000,10.60800000000000,30.08500000000000,8.73160000000000,-40.14950000000000,12.88570000000000,3.74570000000000
mpc-hc64.exe,73104,0x0000000006963910,DXGI,0,512,0,12.92584650000000,0.10840000000000,0.26020000000000,1,Hardware: Independent Flip,1.69700000000000,22.66320000000000,12.31540000000000,20.96620000000000,1.61620000000000,0.08080000000000,0.00000000000000
mpc-hc64.exe,73104,0x0000000006963910,DXGI,0,512,0,12.96631650000000,0.16850000000000,40.47000000000000,1,Hardware: Independent Flip,2.41240000000000,18.93970000000000,36.74650000000000,16.52730000000000,-38.77300000000000,13.06110000000000,32.44680000000000
mpc-hc64.exe,73104,0x0000000006963910,DXGI,0,512,0,12.96658060000000,0.14010000000000,0.26410000000000,1,Hardware: Independent Flip,2.23860000000000,22.77960000000000,4.10400000000000,20.54100000000000,2.14830000000000,0.08720000000000,0.00000000000000
mpc-hc64.exe,73104,0x0000000006963910,DXGI,0,512,0,13.01200760000000,0.15550000000000,45.42700000000000,1,Hardware: Independent Flip,1.55080000000000,1.55080000000000,24.19820000000000,0.00000000000000,-43.18840000000000,13.27110000000000,0.00000000000000
mpc-hc64.exe,73104,0x0000000006963910,DXGI,0,512,0,13.01222200000000,0.08570000000000,0.21440000000000,1,Hardware: Independent Flip,1.41760000000000,23.73980000000000,22.40340000000000,22.32220000000000,1.33640000000000,0.08120000000000,0.00000000000000
mpc-hc64.exe,73104,0x0000000006963910,DXGI,0,512,0,13.05009130000000,0.15220000000000,37.86930000000000,1,Hardware: Independent Flip,1.92930000000000,15.06730000000000,29.19680000000000,13.13800000000000,-36.45170000000000,13.75860000000000,0.00000000000000
mpc-hc64.exe,73104,0x0000000006963910,DXGI,0,512,0,13.05030110000000,0.08540000000000,0.20980000000000,1,Hardware: Independent Flip,1.82750000000000,20.96310000000000,6.10560000000000,19.13560000000000,1.71950000000000,0.10800000000000,0.00000000000000
mpc-hc64.exe,73104,0x0000000006963910,DXGI,0,512,0,13.09141210000000,0.16620000000000,41.11100000000000,1,Hardware: Independent Flip,2.39820000000000,9.17240000000000,29.32030000000000,6.77420000000000,-39.28350000000000,13.12330000000000,0.00000000000000
mpc-hc64.exe,73104,0x0000000006963910,DXGI,0,512,0,13.09163980000000,0.08330000000000,0.22770000000000,1,Hardware: Independent Flip,2.25010000000000,23.04460000000000,14.09990000000000,20.79450000000000,2.17050000000000,0.07690000000000,0.00000000000000
mpc-hc64.exe,73104,0x0000000006963910,DXGI,0,512,0,13.13922370000000,0.22970000000000,47.58390000000000,1,Hardware: Independent Flip,1.93150000000000,17.40280000000000,41.94210000000000,15.47130000000000,-45.33380000000000,12.77340000000000,0.00000000000000
mpc-hc64.exe,73104,0x0000000006963910,DXGI,0,512,0,13.13955950000000,0.13250000000000,0.33580000000000,1,Hardware: Independent Flip,1.84750000000000,25.35160000000000,8.28460000000000,23.50410000000000,1.59570000000000,0.25180000000000,0.00000000000000
mpc-hc64.exe,73104,0x0000000006963910,DXGI,0,512,0,13.17407190000000,0.29320000000000,34.51240000000000,1,Hardware: Independent Flip,2.72380000000000,18.85250000000000,28.01330000000000,16.12870000000000,-32.66490000000000,14.03910000000000,0.00000000000000
mpc-hc64.exe,73104,0x0000000006963910,DXGI,0,512,0,13.17445760000000,0.10230000000000,0.38570000000000,1,Hardware: Independent Flip,2.41360000000000,20.06790000000000,1.60110000000000,17.65430000000000,2.33810000000000,0.07210000000000,0.00000000000000
mpc-hc64.exe,73104,0x0000000006963910,DXGI,0,512,0,13.21572590000000,0.25580000000000,41.26830000000000,1,Hardware: Independent Flip,2.29650000000000,14.27120000000000,35.47160000000000,11.97470000000000,-38.85470000000000,12.26640000000000,0.00000000000000
mpc-hc64.exe,73104,0x0000000006963910,DXGI,0,512,0,13.21608430000000,0.15720000000000,0.35840000000000,1,Hardware: Independent Flip,2.01070000000000,22.54350000000000,8.63070000000000,20.53280000000000,1.93810000000000,0.07260000000000,0.00000000000000
mpc-hc64.exe,73104,0x0000000006963910,DXGI,0,512,0,13.25772140000000,0.22940000000000,41.63710000000000,1,Hardware: Independent Flip,2.84330000000000,2.84330000000000,21.93690000000000,0.00000000000000,-39.62640000000000,13.03090000000000,0.00000000000000
mpc-hc64.exe,73104,0x0000000006963910,DXGI,0,512,0,13.25806890000000,0.20510000000000,0.34750000000000,1,Hardware: Independent Flip,2.56130000000000,23.73430000000000,21.23850000000000,21.17300000000000,2.49580000000000,0.06250000000000,0.00000000000000
mpc-hc64.exe,73104,0x0000000006963910,DXGI,0,512,0,13.29980970000000,0.16920000000000,41.74080000000000,1,Hardware: Independent Flip,2.45960000000000,2.45960000000000,20.46610000000000,0.00000000000000,-39.17950000000000,12.67530000000000,1.96340000000000
mpc-hc64.exe,73104,0x0000000006963910,DXGI,0,512,0,13.30003650000000,0.09620000000000,0.22680000000000,1,Hardware: Independent Flip,2.30560000000000,23.08260000000000,20.84980000000000,20.77700000000000,2.23280000000000,0.06990000000000,0.00000000000000
mpc-hc64.exe,73104,0x0000000006963910,DXGI,0,512,0,13.34093460000000,0.18390000000000,40.89810000000000,1,Hardware: Independent Flip,2.35820000000000,2.52540000000000,20.34090000000000,0.16720000000000,-38.59250000000000,12.45890000000000,3.05180000000000
mpc-hc64.exe,73104,0x0000000006963910,DXGI,0,512,0,13.34117840000000,0.09060000000000,0.24380000000000,1,Hardware: Independent Flip,2.19020000000000,22.62480000000000,20.34320000000000,20.43460000000000,2.11440000000000,0.07300000000000,0.00000000000000
mpc-hc64.exe,73104,0x0000000006963910,DXGI,0,512,0,13.38351460000000,0.13540000000000,42.33620000000001,1,Hardware: Independent Flip,2.14000000000000,16.72290000000000,36.43430000000000,14.58290000000000,-40.14600000000000,12.65820000000000,1.72020000000000
mpc-hc64.exe,73104,0x0000000006963910,DXGI,0,512,0,13.38370370000000,0.08050000000000,0.18910000000000,1,Hardware: Independent Flip,2.04320000000000,23.13700000000000,6.60320000000000,21.09380000000000,1.95090000000000,0.09230000000000,0.00000000000000
mpc-hc64.exe,73104,0x0000000006963910,DXGI,0,512,0,13.42551400000000,0.22660000000000,41.81030000000001,1,Hardware: Independent Flip,1.52280000000000,17.46360000000000,36.13690000000000,15.94080000000000,-39.76710000000000,12.27160000000000,35.71620000000000
mpc-hc64.exe,73104,0x0000000006963910,DXGI,0,512,0,13.42582600000000,0.09260000000000,0.31200000000000,1,Hardware: Independent Flip,1.29020000000000,21.89480000000000,4.74320000000000,20.60460000000000,1.21080000000000,0.07940000000000,0.00000000000000
mpc-hc64.exe,73104,0x0000000006963910,DXGI,0,512,0,13.46574060000000,0.19140000000000,39.91460000000000,1,Hardware: Independent Flip,2.33090000000000,2.33090000000000,20.35070000000000,0.00000000000000,-38.62440000000000,13.15570000000000,0.00000000000000
mpc-hc64.exe,73104,0x0000000006963910,DXGI,0,512,0,13.46599220000000,0.10680000000000,0.25160000000000,1,Hardware: Independent Flip,2.15150000000000,22.56620000000000,20.48690000000000,20.41470000000000,2.07930000000000,0.06510000000000,0.00000000000000
mpc-hc64.exe,73104,0x0000000006963910,DXGI,0,512,0,13.50890600000000,0.20200000000000,42.91380000000000,1,Hardware: Independent Flip,1.41360000000000,1.79800000000000,22.14560000000000,0.38440000000000,-40.76230000000000,12.49690000000000,0.00000000000000
mpc-hc64.exe,73104,0x0000000006963910,DXGI,0,512,0,13.50917420000000,0.09360000000000,0.26820000000000,1,Hardware: Independent Flip,1.22530000000000,22.26850000000000,20.73870000000000,21.04320000000000,1.14540000000000,0.07990000000000,0.00000000000000
mpc-hc64.exe,73104,0x0000000006963910,DXGI,0,512,0,13.54949290000000,0.15520000000000,40.31870000000000,1,Hardware: Independent Flip,2.38060000000000,2.38060000000000,20.43080000000000,0.00000000000000,-39.09340000000000,13.23050000000000,0.00000000000000
mpc-hc64.exe,73104,0x0000000006963910,DXGI,0,512,0,13.54971070000000,0.08750000000000,0.21780000000000,1,Hardware: Independent Flip,2.24210000000000,22.93360000000000,20.77080000000000,20.69150000000000,2.16280000000000,0.07640000000000,0.00000000000000
mpc-hc64.exe,73104,0x0000000006963910,DXGI,0,512,0,13.59139580000000,0.17170000000000,41.68510000000000,1,Hardware: Independent Flip,2.29840000000000,10.44020000000000,29.19170000000000,8.14180000000000,-39.44300000000000,12.89590000000000,0.00000000000000
mpc-hc64.exe,73104,0x0000000006963910,DXGI,0,512,0,13.59162960000000,0.08900000000000,0.23380000000000,1,Hardware: Independent Flip,2.14210000000000,22.97140000000000,12.76500000000000,20.82930000000000,2.06460000000000,0.07750000000000,0.00000000000000
mpc-hc64.exe,73104,0x0000000006963910,DXGI,0,512,0,13.63275860000000,0.15110000000000,41.12900000000000,1,Hardware: Independent Flip,2.42720000000000,17.34430000000000,35.50190000000000,14.91710000000000,-38.98690000000000,12.58990000000000,0.00000000000000
mpc-hc64.exe,73104,0x0000000006963910,DXGI,0,512,0,13.63296690000000,0.10600000000000,0.20830000000000,1,Hardware: Independent Flip,2.29210000000000,22.95560000000000,5.81960000000000,20.66350000000000,2.21890000000000,0.06980000000000,0.00000000000000
mpc-hc64.exe,73104,0x0000000006963910,DXGI,0,512,0,13.67572980000000,0.18840000000000,42.76290000000000,1,Hardware: Independent Flip,1.51960000000000,1.51960000000000,21.32690000000000,0.00000000000000,-40.47080000000000,12.35240000000000,0.00000000000000
mpc-hc64.exe,73104,0x0000000006963910,DXGI,0,512,0,13.67597550000000,0.08500000000000,0.24570000000000,1,Hardware: Independent Flip,1.35340000000000,22.30030000000000,21.02640000000000,20.94690000000000,1.27390000000000,0.07950000000000,0.00000000000000
mpc-hc64.exe,73104,0x0000000006963910,DXGI,0,512,0,13.71613870000000,0.18080000000000,40.16320000000000,1,Hardware: Independent Flip,2.35390000000000,2.35390000000000,20.21680000000000,0.00000000000000,-38.80980000000000,13.24250000000000,0.00000000000000
mpc-hc64.exe,73104,0x0000000006963910,DXGI,0,512,0,13.71638450000000,0.09750000000000,0.24580000000000,1,Hardware: Independent Flip,2.17420000000000,22.70960000000000,20.60150000000000,20.53540000000000,2.10810000000000,0.06230000000000,0.00000000000000
mpc-hc64.exe,73104,0x0000000006963910,DXGI,0,512,0,13.75926510000000,0.16270000000000,42.88060000000000,1,Hardware: Independent Flip,1.76770000000000,9.68660000000000,29.85760000000000,7.91890000000000,-40.70640000000000,12.45750000000000,0.00000000000000
mpc-hc64.exe,73104,0x0000000006963910,DXGI,0,512,0,13.75948430000000,0.08630000000000,0.21920000000000,1,Hardware: Independent Flip,1.63050000000000,22.81850000000000,13.35110000000000,21.18800000000000,1.54850000000000,0.08200000000000,0.00000000000000
mpc-hc64.exe,73104,0x0000000006963910,DXGI,0,512,0,13.79971400000000,0.17520000000000,40.22970000000000,1,Hardware: Independent Flip,2.33550000000000,18.73940000000000,36.15060000000000,16.40390000000000,-38.59920000000000,12.91440000000000,0.00000000000000
mpc-hc64.exe,73104,0x0000000006963910,DXGI,0,512,0,13.79995180000000,0.09130000000000,0.23780000000000,1,Hardware: Independent Flip,2.15980000000000,22.56460000000000,4.06300000000000,20.40480000000000,2.09770000000000,0.05870000000000,0.00000000000000
mpc-hc64.exe,73104,0x0000000006963910,DXGI,0,512,0,13.84115860000000,0.17240000000000,41.20680000000000,1,Hardware: Independent Flip,2.35070000000000,9.64050000000000,28.28270000000000,7.28980000000000,-39.04700000000000,12.44940000000000,447.29320000000001
mpc-hc64.exe,73104,0x0000000006963910,DXGI,0,512,0,13.84140110000000,0.09070000000000,0.24250000000000,1,Hardware: Independent Flip,2.19060000000000,22.84250000000000,13.44450000000000,20.65190000000000,2.10820000000000,0.07950000000000,0.00000000000000
mpc-hc64.exe,73104,0x0000000006963910,DXGI,0,512,0,13.88249300000000,0.21650000000000,41.09190000000000,1,Hardware: Independent Flip,2.28560000000000,17.29800000000000,35.54740000000000,15.01240000000000,-38.90130000000000,12.26960000000000,0.00000000000000
mpc-hc64.exe,73104,0x0000000006963910,DXGI,0,512,0,13.88285310000000,0.14390000000000,0.36010000000000,1,Hardware: Independent Flip,1.99960000000000,22.55120000000000,5.61330000000000,20.55160000000000,1.92550000000000,0.07410000000000,0.00000000000000
mpc-hc64.exe,73104,0x0000000006963910,DXGI,0,512,0,13.92407930000000,0.20940000000000,41.22620000000000,1,Hardware: Independent Flip,1.95750000000000,2.57130000000000,21.24630000000000,0.61380000000000,-39.22660000000000,12.88150000000000,0.00000000000000
mpc-hc64.exe,73104,0x0000000006963910,DXGI,0,512,0,13.92435630000000,0.09230000000000,0.27700000000000,1,Hardware: Independent Flip,2.14610000000000,2.29430000000000,0.00000000000000,0.14820000000000,1.68050000000000,0.41910000000000,0.00000000000000
mpc-hc64.exe,73104,0x0000000006963910,DXGI,0,512,0,13.96650120000000,0.15310000000000,42.14490000000000,1,Hardware: Independent Flip,2.38060000000000,2.52740000000000,42.37800000000000,0.14680000000000,-39.99880000000000,12.44090000000000,0.00000000000000
mpc-hc64.exe,73104,0x0000000006963910,DXGI,0,512,0,13.96671280000000,0.09130000000000,0.21160000000000,1,Hardware: Independent Flip,2.24960000000000,23.38970000000000,21.07390000000000,21.14010000000000,2.16900000000000,0.07710000000000,0.00000000000000
mpc-hc64.exe,73104,0x0000000006963910,DXGI,0,512,0,14.00805260000000,0.17210000000000,41.33980000000000,1,Hardware: Independent Flip,2.42170000000000,4.40020000000000,22.35030000000000,1.97850000000000,-39.09020000000000,12.53230000000000,26.19730000000000
mpc-hc64.exe,73104,0x0000000006963910,DXGI,0,512,0,14.00828830000000,0.10570000000000,0.23570000000000,1,Hardware: Independent Flip,2.25860000000000,22.97040000000000,18.80590000000000,20.71180000000000,2.18600000000000,0.06950000000000,0.00000000000000
mpc-hc64.exe,73104,0x0000000006963910,DXGI,0,512,0,14.05076700000000,0.15320000000000,42.47870000000000,1,Hardware: Independent Flip,1.51360000000000,16.86900000000000,36.37730000000000,15.35540000000000,-40.22010000000000,12.59420000000000,0.00000000000000
mpc-hc64.exe,73104,0x0000000006963910,DXGI,0,512,0,14.05097270000000,0.08260000000000,0.20570000000000,1,Hardware: Independent Flip,1.38900000000000,22.20950000000000,5.54620000000000,20.82050000000000,1.30790000000000,0.08110000000000,0.00000000000000
mpc-hc64.exe,73104,0x0000000006963910,DXGI,0,512,0,14.09040540000000,0.22990000000000,39.43270000000000,1,Hardware: Independent Flip,2.43220000000000,2.43220000000000,19.65540000000000,0.00000000000000,-38.04370000000000,13.16400000000000,0.00000000000000
mpc-hc64.exe,73104,0x0000000006963910,DXGI,0,512,0,14.09070050000000,0.10700000000000,0.29510000000000,1,Hardware: Independent Flip,2.21090000000000,22.40980000000000,20.27270000000000,20.19890000000000,2.13710000000000,0.07380000000000,0.00000000000000
mpc-hc64.exe,73104,0x0000000006963910,DXGI,0,512,0,14.13716900000000,0.13000000000000,46.46850000000000,1,Hardware: Independent Flip,1.49360000000000,15.35360000000000,39.41230000000000,13.86000000000000,-44.25760000000000,11.61240000000000,0.00000000000000
mpc-hc64.exe,73104,0x0000000006963910,DXGI,0,512,0,14.13735340000000,0.08040000000000,0.18440000000000,1,Hardware: Independent Flip,1.56280000000000,24.30700000000000,9.13780000000000,22.74420000000000,1.30920000000000,0.25360000000000,0.00000000000000
mpc-hc64.exe,73104,0x0000000006963910,DXGI,0,512,0,14.17397690000000,0.28170000000000,36.62350000000000,1,Hardware: Independent Flip,2.27120000000000,22.57830000000000,34.89480000000000,20.30710000000000,-35.06070000000000,12.83000000000000,0.00000000000000
mpc-hc64.exe,73104,0x0000000006963910,DXGI,0,512,0,14.17433030000000,0.10720000000000,0.35340000000000,1,Hardware: Independent Flip,1.99340000000000,22.22490000000000,0.00000000000000,20.23150000000000,1.91780000000000,0.07560000000000,0.00000000000000
mpc-hc64.exe,73104,0x0000000006963910,DXGI,0,512,0,14.21714900000000,0.12770000000000,42.81870000000000,1,Hardware: Independent Flip,1.48060000000000,1.84130000000000,22.43510000000000,0.36070000000000,-40.82530000000000,12.59380000000000,0.00000000000000
mpc-hc64.exe,73104,0x0000000006963910,DXGI,0,512,0,14.21732910000000,0.08350000000000,0.18010000000000,1,Hardware: Independent Flip,1.37980000000000,22.48680000000000,20.82560000000000,21.10700000000000,1.30050000000000,0.07930000000000,0.00000000000000
mpc-hc64.exe,73104,0x0000000006963910,DXGI,0,512,0,14.25913950000000,0.15080000000000,41.81040000000000,1,Hardware: Independent Flip,1.49270000000000,10.12460000000000,29.44820000000000,8.63190000000000,-40.43060000000001,13.14870000000000,0.00000000000000
mpc-hc64.exe,73104,0x0000000006963910,DXGI,0,512,0,14.25934580000000,0.08360000000000,0.20630000000000,1,Hardware: Independent Flip,1.35710000000000,22.27620000000000,12.35790000000000,20.91910000000000,1.28640000000000,0.07070000000000,0.00000000000000
mpc-hc64.exe,73104,0x0000000006963910,DXGI,0,512,0,14.29894150000000,0.17540000000000,39.59570000000000,1,Hardware: Independent Flip,2.29300000000000,18.00830000000000,35.32780000000000,15.71530000000000,-38.23860000000001,12.95850000000000,0.00000000000000
mpc-hc64.exe,73104,0x0000000006963910,DXGI,0,512,0,14.29917860000000,0.26990000000000,0.23710000000000,1,Hardware: Independent Flip,2.13020000000000,22.35700000000000,4.58580000000000,20.22680000000000,2.05590000000000,0.07430000000000,0.00000000000000
mpc-hc64.exe,73104,0x0000000006963910,DXGI,0,512,0,14.34242900000000,0.18610000000000,43.25040000000000,1,Hardware: Independent Flip,1.47760000000000,15.43810000000000,36.33150000000000,13.96050000000000,-41.12020000000000,12.53570000000000,0.00000000000000
mpc-hc64.exe,73104,0x0000000006963910,DXGI,0,512,0,14.34266910000000,0.08360000000000,0.24010000000000,1,Hardware: Independent Flip,1.32110000000000,22.57150000000000,7.37350000000000,21.25040000000000,1.23750000000000,0.08360000000000,0.00000000000000
mpc-hc64.exe,73104,0x0000000006963910,DXGI,0,512,0,14.38225260000000,0.21320000000000,39.58350000000000,1,Hardware: Independent Flip,2.00040000000000,2.60940000000000,19.62140000000000,0.60900000000000,-38.26240000000000,12.54590000000000,0.00000000000000
mpc-hc64.exe,73104,0x0000000006963910,DXGI,0,512,0,14.38255640000000,0.12480000000000,0.30380000000000,1,Hardware: Independent Flip,1.77070000000000,21.86020000000000,19.55460000000000,20.08950000000000,1.69660000000000,0.07410000000000,0.00000000000000
mpc-hc64.exe,73104,0x0000000006963910,DXGI,0,512,0,14.42359830000000,0.17430000000000,41.04190000000001,1,Hardware: Independent Flip,2.01450000000000,2.76650000000000,21.94820000000000,0.75200000000000,-39.27120000000000,11.98280000000000,0.00000000000000
mpc-hc64.exe,73104,0x0000000006963910,DXGI,0,512,0,14.42384560000000,0.08190000000000,0.24730000000000,1,Hardware: Independent Flip,1.84480000000000,22.44680000000000,19.92760000000000,20.60200000000000,1.76720000000000,0.07760000000000,0.00000000000000
mpc-hc64.exe,73104,0x0000000006963910,DXGI,0,512,0,14.46608310000000,0.18430000000000,42.23750000000000,1,Hardware: Independent Flip,1.63450000000000,1.63450000000000,21.42520000000000,0.00000000000000,-40.39270000000000,11.88490000000000,0.00000000000000
mpc-hc64.exe,73104,0x0000000006963910,DXGI,0,512,0,14.46633180000000,0.08670000000000,0.24870000000000,1,Hardware: Independent Flip,1.78800000000000,1.78800000000000,0.40220000000000,0.00000000000000,1.38580000000000,0.40220000000000,0.00000000000000
mpc-hc64.exe,73104,0x0000000006963910,DXGI,0,512,0,14.50736030000000,0.20340000000000,41.02850000000000,1,Hardware: Independent Flip,2.01600000000000,2.01600000000000,41.25650000000000,0.00000000000000,-39.24050000000000,12.14990000000000,0.00000000000000
mpc-hc64.exe,73104,0x0000000006963910,DXGI,0,512,0,14.50767380000000,0.13330000000000,0.31350000000000,1,Hardware: Independent Flip,1.77540000000000,22.36230000000000,20.65980000000000,20.58690000000000,1.70250000000000,0.07290000000000,0.00000000000000
mpc-hc64.exe,73104,0x0000000006963910,DXGI,0,512,0,14.54938560000000,0.13520000000000,41.71180000000000,1,Hardware: Independent Flip,2.00560000000000,2.90000000000000,22.24950000000000,0.89440000000000,-39.93640000000000,12.42990000000000,0.00000000000000
mpc-hc64.exe,73104,0x0000000006963910,DXGI,0,512,0,14.54957600000000,0.11900000000000,0.19040000000000,1,Hardware: Independent Flip,1.89270000000000,22.81750000000000,20.10790000000000,20.92480000000000,1.81520000000000,0.07750000000000,0.00000000000000
mpc-hc64.exe,73104,0x0000000006963910,DXGI,0,512,0,14.59191590000000,0.18740000000000,42.33990000000000,1,Hardware: Independent Flip,1.50700000000000,9.37210000000000,28.89450000000000,7.86510000000000,-40.44720000000000,12.01760000000000,0.00000000000000
mpc-hc64.exe,73104,0x0000000006963910,DXGI,0,512,0,14.59215830000000,0.08900000000000,0.24240000000000,1,Hardware: Independent Flip,1.35590000000000,22.28820000000000,13.15850000000000,20.93230000000000,1.26460000000000,0.09130000000000,0.00000000000000
mpc-hc64.exe,73104,0x0000000006963910,DXGI,0,512,0,14.63235870000000,0.19360000000000,40.20040000000000,1,Hardware: Independent Flip,1.94050000000000,3.24630000000000,21.15850000000000,1.30580000000000,-38.84450000000000,12.49770000000000,0.00000000000000
mpc-hc64.exe,73104,0x0000000006963910,DXGI,0,512,0,14.63263630000000,0.11860000000000,0.27760000000000,1,Hardware: Independent Flip,1.73910000000000,22.09880000000000,19.13010000000000,20.35970000000000,1.66290000000000,0.07620000000000,0.00000000000000
mpc-hc64.exe,73104,0x0000000006963910,DXGI,0,512,0,14.67299380000000,0.15140000000000,40.35750000000000,1,Hardware: Independent Flip,1.58830000000000,1.58830000000000,19.84700000000000,0.00000000000000,-38.61840000000000,11.52730000000000,0.00000000000000
mpc-hc64.exe,73104,0x0000000006963910,DXGI,0,512,0,14.67319790000000,0.14990000000000,0.20410000000000,1,Hardware: Independent Flip,1.60960000000000,21.57120000000000,20.18700000000000,19.96160000000000,1.38420000000000,0.22540000000000,0.00000000000000
mpc-hc64.exe,73104,0x0000000006963910,DXGI,0,512,0,14.71539870000000,0.15850000000000,42.20080000000000,1,Hardware: Independent Flip,1.93920000000000,2.80270000000000,23.43230000000000,0.86350000000000,-40.59120000000000,12.54780000000000,0.00000000000000
mpc-hc64.exe,73104,0x0000000006963910,DXGI,0,512,0,14.71562140000000,0.08940000000000,0.22270000000000,1,Hardware: Independent Flip,1.79440000000000,23.02100000000000,20.44100000000000,21.22660000000000,1.71650000000000,0.07790000000000,0.00000000000000
mpc-hc64.exe,73104,0x0000000006963910,DXGI,0,512,0,14.75764920000000,0.15530000000000,42.02780000000000,1,Hardware: Independent Flip,2.14820000000000,2.14820000000000,21.15500000000000,0.00000000000000,-40.23340000000000,12.38280000000000,0.00000000000000
mpc-hc64.exe,73104,0x0000000006963910,DXGI,0,512,0,14.75785850000000,0.08620000000000,0.20930000000000,1,Hardware: Independent Flip,1.99620000000000,23.13820000000000,21.19930000000000,21.14200000000000,1.93890000000000,0.05730000000000,0.00000000000000
mpc-hc64.exe,73104,0x0000000006963910,DXGI,0,512,0,14.80001160000000,0.12500000000000,42.15310000000000,1,Hardware: Independent Flip,1.53040000000000,2.71240000000000,21.72730000000000,1.18200000000000,-40.15690000000000,12.01580000000000,2.21870000000000
mpc-hc64.exe,73104,0x0000000006963910,DXGI,0,512,0,14.80018880000000,0.08300000000000,0.17720000000000,1,Hardware: Independent Flip,1.42960000000000,22.22870000000000,19.69350000000000,20.79910000000000,1.35320000000000,0.07640000000000,0.00000000000000
mpc-hc64.exe,73104,0x0000000006963910,DXGI,0,512,0,14.84063500000000,0.21010000000000,40.44620000000000,1,Hardware: Independent Flip,2.00140000000000,16.82640000000000,35.04390000000000,14.82500000000000,-39.01660000000000,12.21170000000000,2.80640000000000
mpc-hc64.exe,73104,0x0000000006963910,DXGI,0,512,0,14.84096960000000,0.12210000000000,0.33460000000000,1,Hardware: Independent Flip,1.74070000000000,22.20970000000000,5.71790000000000,20.46900000000000,1.66680000000000,0.07390000000000,0.00000000000000
mpc-hc64.exe,73104,0x0000000006963910,DXGI,0,512,0,14.88387190000000,0.13790000000000,42.90230000000000,1,Hardware: Independent Flip,1.53070000000000,8.50480000000000,29.19740000000000,6.97410000000000,-41.16160000000000,12.42280000000000,2.07770000000000
mpc-hc64.exe,73104,0x0000000006963910,DXGI,0,512,0,14.88406820000000,0.08230000000000,0.19630000000000,1,Hardware: Independent Flip,1.41260000000000,22.71390000000000,14.40540000000000,21.30130000000000,1.33440000000000,0.07820000000000,0.00000000000000
mpc-hc64.exe,73104,0x0000000006963910,DXGI,0,512,0,14.92313440000000,0.25460000000000,39.06620000000000,1,Hardware: Independent Flip,2.11500000000000,2.48870000000000,18.84100000000000,0.37370000000000,-37.65360000000000,12.69740000000000,1.29880000000000
mpc-hc64.exe,73104,0x0000000006963910,DXGI,0,512,0,14.92346800000000,0.10810000000000,0.33360000000000,1,Hardware: Independent Flip,1.85840000000000,21.70060000000000,19.54550000000000,19.84220000000000,1.78140000000000,0.07700000000000,0.00000000000000
mpc-hc64.exe,73104,0x0000000006963910,DXGI,0,512,0,14.96606480000000,0.13510000000000,42.59680000000000,1,Hardware: Independent Flip,2.36780000000000,14.93910000000000,35.83530000000000,12.57130000000000,-40.73840000000000,12.64870000000000,40.23740000000000
mpc-hc64.exe,73104,0x0000000006963910,DXGI,0,512,0,14.96626210000000,0.09050000000000,0.19730000000000,1,Hardware: Independent Flip,2.25470000000000,23.75980000000000,9.01800000000000,21.50510000000000,2.17050000000000,0.08130000000000,0.00000000000000
mpc-hc64.exe,73104,0x0000000006963910,DXGI,0,512,0,15.00873660000000,0.15840000000000,42.47450000000000,1,Hardware: Independent Flip,1.85490000000000,17.61020000000000,36.32490000000000,15.75530000000000,-40.21980000000000,12.58500000000000,2.94670000000000
mpc-hc64.exe,73104,0x0000000006963910,DXGI,0,512,0,15.00895000000000,0.09030000000000,0.21340000000000,1,Hardware: Independent Flip,1.71780000000000,22.71400000000000,5.31720000000000,20.99620000000000,1.64150000000000,0.07630000000000,0.00000000000000
mpc-hc64.exe,73104,0x0000000006963910,DXGI,0,512,0,15.05087720000000,0.13160000000000,41.92720000000000,1,Hardware: Independent Flip,1.55070000000000,3.39030000000000,22.60350000000000,1.83960000000000,-40.20940000000000,13.13390000000000,1.07450000000000
mpc-hc64.exe,73104,0x0000000006963910,DXGI,0,512,0,15.05106270000000,0.07980000000000,0.18550000000000,1,Hardware: Independent Flip,1.44520000000000,22.27810000000000,19.07330000000000,20.83290000000000,1.36520000000000,0.08000000000000,0.00000000000000
mpc-hc64.exe,73104,0x0000000006963910,DXGI,0,512,0,15.09203600000000,0.14840000000000,40.97330000000000,1,Hardware: Independent Flip,1.61230000000000,1.61230000000000,20.30750000000000,0.00000000000000,-39.52810000000000,13.51340000000000,2.22070000000000
mpc-hc64.exe,73104,0x0000000006963910,DXGI,0,512,0,15.09224740000000,0.08690000000000,0.21140000000000,1,Hardware: Independent Flip,1.48460000000000,22.00580000000000,20.60490000000000,20.52120000000000,1.40090000000000,0.08370000000000,0.00000000000000
mpc-hc64.exe,73104,0x0000000006963910,DXGI,0,512,0,15.13307330000000,0.18440000000000,40.82590000000000,1,Hardware: Independent Flip,2.49230000000000,2.49230000000000,21.31240000000000,0.00000000000000,-39.34130000000000,13.50500000000000,3.22470000000000
mpc-hc64.exe,73104,0x0000000006963910,DXGI,0,512,0,15.13331750000000,0.08970000000000,0.24420000000000,1,Hardware: Independent Flip,2.30180000000000,23.16100000000000,20.91290000000000,20.85920000000000,2.24810000000000,0.05040000000000,0.00000000000000
mpc-hc64.exe,73104,0x0000000006963910,DXGI,0,512,0,15.17401490000000,0.23610000000000,40.69740000000000,1,Hardware: Independent Flip,1.94890000000000,10.54060000000000,28.07700000000000,8.59170000000000,-38.39560000000000,12.18850000000000,4.21860000000000
mpc-hc64.exe,73104,0x0000000006963910,DXGI,0,512,0,15.17434470000000,0.14890000000000,0.32980000000000,1,Hardware: Independent Flip,1.69730000000000,21.82850000000000,11.61770000000000,20.13120000000000,1.61910000000000,0.07820000000000,0.00000000000000
mpc-hc64.exe,73104,0x0000000006963910,DXGI,0,512,0,15.21731360000000,0.14410000000000,42.96890000000000,1,Hardware: Independent Flip,1.55550000000000,15.11950000000000,36.25990000000000,13.56400000000000,-41.27160000000000,12.86570000000000,3.52050000000000
mpc-hc64.exe,73104,0x0000000006963910,DXGI,0,512,0,15.21751090000000,0.07970000000000,0.19730000000000,1,Hardware: Independent Flip,1.43880000000000,22.80500000000000,7.88280000000000,21.36620000000000,1.35820000000000,0.08060000000000,0.00000000000000
mpc-hc64.exe,73104,0x0000000006963910,DXGI,0,512,0,15.25914920000000,0.20370000000000,41.63830000000000,1,Hardware: Independent Flip,1.42530000000000,17.26850000000000,36.10180000000000,15.84320000000000,-40.19950000000000,12.56260000000000,1.35350000000000
mpc-hc64.exe,73104,0x0000000006963910,DXGI,0,512,0,15.25941460000000,0.08990000000000,0.26540000000000,1,Hardware: Independent Flip,1.24190000000000,22.00790000000000,5.00480000000000,20.76600000000000,1.15990000000000,0.08200000000000,0.00000000000000
mpc-hc64.exe,73104,0x0000000006963910,DXGI,0,512,0,15.30022840000000,0.20570000000000,40.81380000000000,1,Hardware: Independent Flip,1.56940000000000,3.15460000000000,21.96050000000000,1.58520000000000,-39.57190000000000,13.01100000000000,30.36810000000000
mpc-hc64.exe,73104,0x0000000006963910,DXGI,0,512,0,15.30051660000000,0.09070000000000,0.28820000000000,1,Hardware: Independent Flip,1.36170000000000,21.88350000000000,19.01710000000000,20.52180000000000,1.28120000000000,0.08050000000000,0.00000000000000
mpc-hc64.exe,73104,0x0000000006963910,DXGI,0,512,0,15.34164590000000,0.14820000000000,41.12930000000000,1,Hardware: Independent Flip,1.81990000000000,1.81990000000000,21.06570000000000,0.00000000000000,-39.76760000000000,12.98920000000000,3.82980000000000
mpc-hc64.exe,73104,0x0000000006963910,DXGI,0,512,0,15.34187570000000,0.17290000000000,0.22980000000000,1,Hardware: Independent Flip,1.66450000000000,22.41890000000000,20.82880000000000,20.75440000000000,1.59010000000000,0.07440000000000,0.00000000000000
mpc-hc64.exe,73104,0x0000000006963910,DXGI,0,512,0,15.38397290000000,0.14970000000000,42.09720000000000,1,Hardware: Independent Flip,1.50940000000000,9.57350000000000,29.25180000000000,8.06410000000000,-40.43270000000000,12.53100000000000,2.18120000000000
mpc-hc64.exe,73104,0x0000000006963910,DXGI,0,512,0,15.38417640000000,0.08020000000000,0.20350000000000,1,Hardware: Independent Flip,1.38520000000000,22.31040000000000,12.94040000000000,20.92520000000000,1.30590000000000,0.07930000000000,0.00000000000000
mpc-hc64.exe,73104,0x0000000006963910,DXGI,0,512,0,15.42335200000000,0.17670000000000,39.17560000000000,1,Hardware: Independent Flip,2.06300000000000,3.70620000000000,20.57140000000000,1.64320000000000,-37.79040000000001,12.80000000000000,1.55710000000000
mpc-hc64.exe,73104,0x0000000006963910,DXGI,0,512,0,15.42358660000000,0.08980000000000,0.23460000000000,1,Hardware: Independent Flip,1.90570000000000,21.79020000000000,18.31860000000000,19.88450000000000,1.82840000000000,0.07730000000000,0.00000000000000
mpc-hc64.exe,73104,0x0000000006963910,DXGI,0,512,0,15.46710620000000,0.17220000000000,43.51960000000000,1,Hardware: Independent Flip,1.51220000000000,1.51220000000000,23.24160000000000,0.00000000000000,-41.61390000000000,12.26520000000000,1.30120000000000
mpc-hc64.exe,73104,0x0000000006963910,DXGI,0,512,0,15.46734000000000,0.10770000000000,0.23380000000000,1,Hardware: Independent Flip,1.36050000000000,22.87560000000000,21.59720000000000,21.51510000000000,1.27840000000000,0.08210000000000,0.00000000000000
mpc-hc64.exe,73104,0x0000000006963910,DXGI,0,512,0,15.50863030000000,0.15780000000000,41.29030000000000,1,Hardware: Independent Flip,1.54670000000000,1.54670000000000,19.96140000000000,0.00000000000000,-39.92980000000000,13.35120000000000,2.77890000000000
mpc-hc64.exe,73104,0x0000000006963910,DXGI,0,512,0,15.50884420000000,0.09080000000000,0.21390000000000,1,Hardware: Independent Flip,1.40680000000000,22.10170000000000,20.76890000000000,20.69490000000000,1.33280000000000,0.07400000000000,0.00000000000000
mpc-hc64.exe,73104,0x0000000006963910,DXGI,0,512,0,15.55075800000000,0.14800000000000,41.91380000000000,1,Hardware: Independent Flip,1.52020000000000,1.52020000000000,21.33230000000000,0.00000000000000,-40.50700000000001,13.47780000000000,0.95330000000000
mpc-hc64.exe,73104,0x0000000006963910,DXGI,0,512,0,15.55096270000000,0.08410000000000,0.20470000000000,1,Hardware: Independent Flip,1.38640000000000,22.35630000000000,21.04080000000000,20.96990000000000,1.31550000000000,0.07090000000000,0.00000000000000
mpc-hc64.exe,73104,0x0000000006963910,DXGI,0,512,0,15.59251810000000,0.18590000000000,41.55540000000000,1,Hardware: Independent Flip,1.54790000000000,10.29370000000000,29.49280000000000,8.74580000000000,-40.16900000000000,12.85660000000000,2.70370000000000
mpc-hc64.exe,73104,0x0000000006963910,DXGI,0,512,0,15.59279590000000,0.13000000000000,0.27780000000000,1,Hardware: Independent Flip,1.35270000000000,22.16180000000000,12.14590000000000,20.80910000000000,1.27010000000000,0.08260000000000,0.00000000000000
mpc-hc64.exe,73104,0x0000000006963910,DXGI,0,512,0,15.63389210000000,0.26790000000000,41.09620000000000,1,Hardware: Independent Flip,1.11590000000000,16.77550000000000,35.70990000000000,15.65960000000000,-39.74350000000000,12.95660000000000,4.02500000000000
mpc-hc64.exe,73104,0x0000000006963910,DXGI,0,512,0,15.63424330000000,0.14180000000000,0.35120000000000,1,Hardware: Independent Flip,0.84510000000000,21.22730000000000,4.80300000000000,20.38220000000000,0.76470000000000,0.07810000000000,0.00000000000000
mpc-hc64.exe,73104,0x0000000006963910,DXGI,0,512,0,15.67338750000000,0.23780000000000,39.14420000000000,1,Hardware: Independent Flip,1.98430000000000,16.49000000000000,34.40690000000000,14.50570000000000,-38.29910000000000,14.15290000000000,19.59220000000000
mpc-hc64.exe,73104,0x0000000006963910,DXGI,0,512,0,15.67368940000000,0.08680000000000,0.30190000000000,1,Hardware: Independent Flip,1.76160000000000,21.86240000000000,5.67430000000000,20.10080000000000,1.68240000000000,0.07920000000000,0.00000000000000
mpc-hc64.exe,73104,0x0000000006963910,DXGI,0,512,0,15.71783820000000,0.14350000000000,44.14880000000000,1,Hardware: Independent Flip,1.52380000000000,1.52380000000000,23.81020000000000,0.00000000000000,-42.38720000000000,12.79430000000000,44.03060000000000
mpc-hc64.exe,73104,0x0000000006963910,DXGI,0,512,0,15.71803450000000,0.08370000000000,0.19630000000000,1,Hardware: Independent Flip,1.40980000000000,23.31510000000000,21.98760000000000,21.90530000000000,1.32750000000000,0.08230000000000,0.00000000000000
mpc-hc64.exe,73104,0x0000000006963910,DXGI,0,512,0,15.75894040000000,0.15420000000000,40.90590000000000,1,Hardware: Independent Flip,1.52610000000000,11.63030000000000,29.22110000000000,10.10420000000000,-39.49610000000000,13.03680000000000,0.00000000000000
mpc-hc64.exe,73104,0x0000000006963910,DXGI,0,512,0,15.75917360000000,0.09000000000000,0.23320000000000,1,Hardware: Independent Flip,1.37270000000000,21.83820000000000,10.44110000000000,20.46550000000000,1.29290000000000,0.07980000000000,0.00000000000000
mpc-hc64.exe,73104,0x0000000006963910,DXGI,0,512,0,15.79914490000000,0.21200000000000,39.97130000000000,1,Hardware: Independent Flip,2.07500000000000,17.11690000000000,35.25000000000000,15.04190000000000,-38.59860000000000,13.13690000000000,5.31530000000000
mpc-hc64.exe,73104,0x0000000006963910,DXGI,0,512,0,15.79944300000000,0.09560000000000,0.29810000000000,1,Hardware: Independent Flip,1.87680000000000,22.16250000000000,5.34370000000000,20.28570000000000,1.77690000000000,0.09990000000000,0.00000000000000
mpc-hc64.exe,73104,0x0000000006963910,DXGI,0,512,0,15.84034320000000,0.19020000000000,40.90020000000001,1,Hardware: Independent Flip,2.09650000000000,9.12030000000000,27.85800000000000,7.02380000000000,-39.02340000000000,12.44220000000000,6.54050000000000
mpc-hc64.exe,73104,0x0000000006963910,DXGI,0,512,0,15.84059110000000,0.10590000000000,0.24790000000000,1,Hardware: Independent Flip,1.92840000000000,22.44430000000000,13.57190000000000,20.51590000000000,1.84860000000000,0.07980000000000,0.00000000000000
mpc-hc64.exe,73104,0x0000000006963910,DXGI,0,512,0,15.88626730000000,0.17260000000000,45.67620000000000,1,Hardware: Independent Flip,1.59110000000000,15.32180000000000,38.55370000000000,13.73070000000000,-43.74780000000001,12.61870000000000,4.47630000000000
mpc-hc64.exe,73104,0x0000000006963910,DXGI,0,512,0,15.88649470000000,0.08570000000000,0.22740000000000,1,Hardware: Independent Flip,1.44340000000000,24.06570000000000,8.97130000000000,22.62230000000000,1.36370000000000,0.07970000000000,0.00000000000000
mpc-hc64.exe,73104,0x0000000006963910,DXGI,0,512,0,15.92796020000000,0.15030000000000,41.46550000000000,1,Hardware: Independent Flip,1.57330000000000,14.21560000000000,31.61540000000000,12.64230000000000,-40.02210000000000,13.17650000000000,2.16530000000000
mpc-hc64.exe,73104,0x0000000006963910,DXGI,0,512,0,15.92816600000000,0.08290000000000,0.20580000000000,1,Hardware: Independent Flip,1.44550000000000,22.19810000000000,8.18830000000000,20.75260000000000,1.36750000000000,0.07800000000000,0.00000000000000
mpc-hc64.exe,73104,0x0000000006963910,DXGI,0,512,0,15.96677860000000,0.18550000000000,38.61260000000000,1,Hardware: Independent Flip,1.95460000000000,19.67790000000000,36.09240000000000,17.72330000000000,-37.16710000000000,13.20960000000000,16.92350000000000
mpc-hc64.exe,73104,0x0000000006963910,DXGI,0,512,0,15.96702090000000,0.08610000000000,0.24230000000000,1,Hardware: Independent Flip,1.78970000000000,21.30580000000000,1.87020000000000,19.51610000000000,1.71230000000000,0.07740000000000,0.00000000000000
mpc-hc64.exe,73104,0x0000000006963910,DXGI,0,512,0,16.00866470000000,0.16750000000000,41.64380000000000,1,Hardware: Independent Flip,1.57830000000000,15.59600000000000,35.93400000000000,14.01770000000000,-39.85410000000000,12.80690000000000,0.00000000000000
mpc-hc64.exe,73104,0x0000000006963910,DXGI,0,512,0,16.00888860000000,0.08960000000000,0.22390000000000,1,Hardware: Independent Flip,1.43060000000000,22.10250000000000,6.73040000000000,20.67190000000000,1.35440000000000,0.07620000000000,0.00000000000000
mpc-hc64.exe,73104,0x0000000006963910,DXGI,0,512,0,16.04993670000000,0.23810000000000,41.04810000000001,1,Hardware: Independent Flip,2.24880000000000,3.25500000000000,22.20060000000000,1.00620000000000,-39.61750000000000,13.48700000000000,8.10700000000000
mpc-hc64.exe,73104,0x0000000006963910,DXGI,0,512,0,16.05024080000000,0.14090000000000,0.30410000000000,1,Hardware: Independent Flip,2.02160000000000,22.90720000000000,19.95630000000000,20.88560000000000,1.94470000000000,0.07690000000000,0.00000000000000
mpc-hc64.exe,73104,0x0000000006963910,DXGI,0,512,0,16.09256160000000,0.17070000000000,42.32080000000001,1,Hardware: Independent Flip,1.58450000000000,17.08660000000000,36.50020000000000,15.50210000000000,-40.29920000000000,12.79270000000000,14.76260000000000
mpc-hc64.exe,73104,0x0000000006963910,DXGI,0,512,0,16.09278660000000,0.08150000000000,0.22500000000000,1,Hardware: Independent Flip,1.44160000000000,22.33550000000000,5.47390000000000,20.89390000000000,1.35950000000000,0.08210000000000,0.00000000000000
mpc-hc64.exe,73104,0x0000000006963910,DXGI,0,512,0,16.13427160000000,0.14530000000000,41.48500000000000,1,Hardware: Independent Flip,1.61520000000000,2.41500000000000,21.56450000000000,0.79980000000000,-40.04340000000001,13.06460000000000,36.47210000000000
mpc-hc64.exe,73104,0x0000000006963910,DXGI,0,512,0,16.13446950000000,0.07770000000000,0.19790000000000,1,Hardware: Independent Flip,1.47310000000000,22.25070000000000,20.03360000000000,20.77760000000000,1.41730000000000,0.05580000000000,0.00000000000000
mpc-hc64.exe,73104,0x0000000006963910,DXGI,0,512,0,16.17413080000000,0.21440000000000,39.66130000000000,1,Hardware: Independent Flip,2.03270000000000,10.82560000000000,28.23620000000000,8.79290000000000,-38.18820000000000,13.31030000000000,16.26500000000000
mpc-hc64.exe,73104,0x0000000006963910,DXGI,0,512,0,16.17441430000000,0.09630000000000,0.28350000000000,1,Hardware: Independent Flip,1.82950000000000,21.89780000000000,11.35570000000000,20.06830000000000,1.74920000000000,0.08030000000000,0.00000000000000
mpc-hc64.exe,73104,0x0000000006963910,DXGI,0,512,0,16.21710430000000,0.12530000000000,42.69000000000000,1,Hardware: Independent Flip,1.53320000000000,2.58890000000000,23.38110000000000,1.05570000000000,-40.86050000000000,12.63390000000000,0.00000000000000
mpc-hc64.exe,73104,0x0000000006963910,DXGI,0,512,0,16.21728190000000,0.08040000000000,0.17760000000000,1,Hardware: Independent Flip,1.43240000000000,22.58430000000000,20.17300000000000,21.15190000000000,1.35560000000000,0.07680000000000,0.00000000000000
mpc-hc64.exe,73104,0x0000000006963910,DXGI,0,512,0,16.25859360000000,0.29880000000000,41.31170000000000,1,Hardware: Independent Flip,1.61210000000000,17.16040000000000,35.88780000000000,15.54830000000000,-39.87930000000000,13.15900000000000,0.00000000000000
mpc-hc64.exe,73104,0x0000000006963910,DXGI,0,512,0,16.25898050000000,0.11260000000000,0.38690000000000,1,Hardware: Independent Flip,1.30340000000000,22.00400000000000,5.23050000000000,20.70060000000000,1.22520000000000,0.07820000000000,0.00000000000000
mpc-hc64.exe,73104,0x0000000006963910,DXGI,0,512,0,16.30034950000000,0.12870000000000,41.36900000000000,1,Hardware: Independent Flip,1.54620000000000,9.59920000000000,28.96420000000000,8.05300000000000,-40.06560000000000,13.19620000000000,0.00000000000000
mpc-hc64.exe,73104,0x0000000006963910,DXGI,0,512,0,16.30053170000000,0.08320000000000,0.18220000000000,1,Hardware: Independent Flip,1.44230000000000,22.20160000000000,12.78460000000000,20.75930000000000,1.36400000000000,0.07830000000000,0.00000000000000
mpc-hc64.exe,73104,0x0000000006963910,DXGI,0,512,0,16.34096260000000,0.18910000000000,40.43090000000000,1,Hardware: Independent Flip,2.10150000000000,10.23370000000000,28.46300000000000,8.13220000000000,-38.98860000000001,13.52910000000000,0.00000000000000
mpc-hc64.exe,73104,0x0000000006963910,DXGI,0,512,0,16.34121050000000,0.08570000000000,0.24790000000000,1,Hardware: Independent Flip,1.93640000000000,22.43770000000000,12.45190000000000,20.50130000000000,1.85360000000000,0.08280000000000,0.00000000000000
mpc-hc64.exe,73104,0x0000000006963910,DXGI,0,512,0,16.38363250000000,0.15260000000000,42.42200000000000,1,Hardware: Independent Flip,1.72810000000000,16.05300000000000,36.03730000000000,14.32490000000000,-40.48560000000001,12.83970000000000,0.00000000000000
mpc-hc64.exe,73104,0x0000000006963910,DXGI,0,512,0,16.38384500000000,0.08530000000000,0.21250000000000,1,Hardware: Independent Flip,1.59490000000000,22.65280000000000,6.81230000000000,21.05790000000000,1.51560000000000,0.07930000000000,0.00000000000000
mpc-hc64.exe,73104,0x0000000006963910,DXGI,0,512,0,16.42605540000000,0.14530000000000,42.21040000000000,1,Hardware: Independent Flip,1.60130000000000,10.16340000000000,29.72100000000000,8.56210000000000,-40.61550000000000,13.52910000000000,0.00000000000000
mpc-hc64.exe,73104,0x0000000006963910,DXGI,0,512,0,16.42625410000000,0.08000000000000,0.19870000000000,1,Hardware: Independent Flip,1.47650000000000,22.54360000000000,12.57890000000000,21.06710000000000,1.40260000000000,0.07390000000000,0.00000000000000
mpc-hc64.exe,73104,0x0000000006963910,DXGI,0,512,0,16.46733090000000,0.13420000000000,41.07680000000000,1,Hardware: Independent Flip,1.55750000000000,1.55750000000000,20.09070000000000,0.00000000000000,-39.60030000000000,13.05280000000000,0.00000000000000
mpc-hc64.exe,73104,0x0000000006963910,DXGI,0,512,0,16.46751610000000,0.07870000000000,0.18520000000000,1,Hardware: Independent Flip,1.45300000000000,21.98590000000000,20.61360000000000,20.53290000000000,1.37230000000000,0.08070000000000,0.00000000000000
mpc-hc64.exe,73104,0x0000000006963910,DXGI,0,512,0,16.50892440000000,0.17710000000000,41.40830000000000,1,Hardware: Independent Flip,1.57590000000000,1.80750000000000,21.22990000000000,0.23160000000000,-39.95530000000000,13.33110000000000,0.00000000000000
mpc-hc64.exe,73104,0x0000000006963910,DXGI,0,512,0,16.50915670000000,0.16000000000000,0.23230000000000,1,Hardware: Independent Flip,1.42730000000000,22.14350000000000,20.56830000000000,20.71620000000000,1.34360000000000,0.08370000000000,0.00000000000000
mpc-hc64.exe,73104,0x0000000006963910,DXGI,0,512,0,16.55043310000000,0.13030000000000,41.27640000000000,1,Hardware: Independent Flip,1.58550000000000,2.76620000000000,21.89910000000000,1.18070000000000,-39.84910000000000,13.27460000000000,0.00000000000000
mpc-hc64.exe,73104,0x0000000006963910,DXGI,0,512,0,16.55062260000000,0.08320000000000,0.18950000000000,1,Hardware: Independent Flip,1.47780000000000,22.14910000000000,19.57240000000000,20.67130000000000,1.39600000000000,0.08180000000000,0.00000000000000
mpc-hc64.exe,73104,0x0000000006963910,DXGI,0,512,0,16.59234110000000,0.15550000000000,41.71850000000000,1,Hardware: Independent Flip,1.54970000000000,16.65670000000000,36.22610000000000,15.10700000000000,-40.24070000000000,13.07400000000000,0.00000000000000
mpc-hc64.exe,73104,0x0000000006963910,DXGI,0,512,0,16.59255180000000,0.08450000000000,0.21070000000000,1,Hardware: Independent Flip,1.42010000000000,22.26840000000000,5.82240000000000,20.84830000000000,1.33900000000000,0.08110000000000,0.00000000000000
mpc-hc64.exe,73104,0x0000000006963910,DXGI,0,512,0,16.63691410000000,0.13830000000000,44.36230000000000,1,Hardware: Independent Flip,1.69760000000000,17.18790000000000,39.28180000000000,15.49030000000000,-42.94220000000000,13.67770000000000,0.00000000000000
mpc-hc64.exe,73104,0x0000000006963910,DXGI,0,512,0,16.63712770000000,0.08510000000000,0.21360000000000,1,Hardware: Independent Flip,1.56540000000000,23.83090000000000,6.85660000000000,22.26550000000000,1.48400000000000,0.08140000000000,0.00000000000000
mpc-hc64.exe,73104,0x0000000006963910,DXGI,0,512,0,16.67530080000000,0.15060000000000,38.17310000000001,1,Hardware: Independent Flip,1.59120000000000,7.66100000000000,22.00320000000000,6.06980000000000,-36.60770000000000,13.46760000000000,0.00000000000000
mpc-hc64.exe,73104,0x0000000006963910,DXGI,0,512,0,16.67550710000000,0.08500000000000,0.20630000000000,1,Hardware: Independent Flip,1.46290000000000,20.51850000000000,13.06380000000000,19.05560000000000,1.38490000000000,0.07800000000000,0.00000000000000
mpc-hc64.exe,73104,0x0000000006963910,DXGI,0,512,0,16.71628160000000,0.13790000000000,40.77450000000000,1,Hardware: Independent Flip,2.21640000000000,3.11630000000000,23.37230000000000,0.89990000000000,-39.31160000000000,13.58760000000000,0.00000000000000
mpc-hc64.exe,73104,0x0000000006963910,DXGI,0,512,0,16.71647520000000,0.08890000000000,0.19360000000000,1,Hardware: Independent Flip,2.10140000000000,22.82060000000000,19.89790000000000,20.71920000000000,2.02280000000000,0.07860000000000,0.00000000000000
mpc-hc64.exe,73104,0x0000000006963910,DXGI,0,512,0,16.75885220000000,0.15700000000000,42.37700000000000,1,Hardware: Independent Flip,1.72590000000000,16.68820000000000,36.24460000000000,14.96230000000000,-40.27560000000000,12.91250000000000,0.00000000000000
mpc-hc64.exe,73104,0x0000000006963910,DXGI,0,512,0,16.75906620000000,0.08740000000000,0.21400000000000,1,Hardware: Independent Flip,1.59090000000000,22.54560000000000,6.07140000000000,20.95470000000000,1.51190000000000,0.07900000000000,0.00000000000000
mpc-hc64.exe,73104,0x0000000006963910,DXGI,0,512,0,16.80080380000000,0.13400000000000,41.73760000000000,1,Hardware: Independent Flip,1.63700000000000,9.85660000000000,29.04860000000000,8.21960000000000,-40.14670000000000,13.22250000000000,59.00270000000000
mpc-hc64.exe,73104,0x0000000006963910,DXGI,0,512,0,16.80099380000000,0.08480000000000,0.19000000000000,1,Hardware: Independent Flip,1.52550000000000,22.37170000000000,12.70510000000000,20.84620000000000,1.44700000000000,0.07850000000000,0.00000000000000
mpc-hc64.exe,73104,0x0000000006963910,DXGI,0,512,0,16.84227770000000,0.18890000000000,41.28390000000000,1,Hardware: Independent Flip,1.56630000000000,17.26310000000000,36.17530000000000,15.69680000000000,-39.75840000000000,13.65550000000000,0.47910000000000
mpc-hc64.exe,73104,0x0000000006963910,DXGI,0,512,0,16.84255220000000,0.10610000000000,0.27450000000000,1,Hardware: Independent Flip,1.37200000000000,21.98450000000000,4.99590000000000,20.61250000000000,1.29180000000000,0.08020000000000,0.00000000000000
mpc-hc64.exe,73104,0x0000000006963910,DXGI,0,512,0,16.88443870000000,0.12850000000000,41.88650000000001,1,Hardware: Independent Flip,1.61600000000000,1.61600000000000,21.51800000000000,0.00000000000000,-40.51450000000001,13.48160000000000,2.64470000000000
mpc-hc64.exe,73104,0x0000000006963910,DXGI,0,512,0,16.88462050000000,0.08020000000000,0.18180000000000,1,Hardware: Independent Flip,1.51220000000000,22.53030000000000,21.09610000000000,21.01810000000000,1.43420000000000,0.07800000000000,0.00000000000000
mpc-hc64.exe,73104,0x0000000006963910,DXGI,0,512,0,16.92533100000000,0.14600000000000,40.71050000000000,1,Hardware: Independent Flip,1.56350000000000,3.82160000000000,22.00180000000000,2.25810000000000,-39.19830000000000,13.32130000000000,3.46590000000000
mpc-hc64.exe,73104,0x0000000006963910,DXGI,0,512,0,16.92553200000000,0.08140000000000,0.20100000000000,1,Hardware: Independent Flip,1.44130000000000,21.77320000000000,18.15260000000000,20.33190000000000,1.36250000000000,0.07880000000000,0.00000000000000
mpc-hc64.exe,73104,0x0000000006963910,DXGI,0,512,0,16.96705030000000,0.15390000000000,41.51830000000000,1,Hardware: Independent Flip,1.86480000000000,9.55350000000000,29.29860000000000,7.68870000000000,-40.07700000000001,13.86270000000000,1.25050000000000
mpc-hc64.exe,73104,0x0000000006963910,DXGI,0,512,0,16.96726280000000,0.08560000000000,0.21250000000000,1,Hardware: Independent Flip,1.76830000000000,22.68050000000000,13.33950000000000,20.91220000000000,1.65230000000000,0.11600000000000,0.00000000000000
mpc-hc64.exe,73104,0x0000000006963910,DXGI,0,512,0,17.00976790000000,0.15540000000000,42.50510000000000,1,Hardware: Independent Flip,1.64000000000000,3.35400000000000,23.17860000000000,1.71400000000000,-40.73680000000000,13.54560000000000,3.94480000000000
mpc-hc64.exe,73104,0x0000000006963910,DXGI,0,512,0,17.01000340000000,0.18470000000000,0.23550000000000,1,Hardware: Independent Flip,1.48430000000000,22.62800000000000,19.50950000000000,21.14370000000000,1.40450000000000,0.07980000000000,0.00000000000000
mpc-hc64.exe,73104,0x0000000006963910,DXGI,0,512,0,17.04975710000000,0.18250000000000,39.75370000000000,1,Hardware: Independent Flip,2.03180000000000,2.03180000000000,19.15750000000000,0.00000000000000,-38.26940000000000,13.66760000000000,3.88270000000000
mpc-hc64.exe,73104,0x0000000006963910,DXGI,0,512,0,17.05008310000000,0.16800000000000,0.32600000000000,1,Hardware: Independent Flip,1.78710000000000,21.89190000000000,20.18610000000000,20.10480000000000,1.70580000000000,0.08130000000000,0.00000000000000
mpc-hc64.exe,73104,0x0000000006963910,DXGI,0,512,0,17.09343440000000,0.16200000000000,43.35130000000000,1,Hardware: Independent Flip,1.61640000000000,2.02730000000000,23.48670000000000,0.41090000000000,-41.56420000000000,13.69790000000000,3.58960000000000
mpc-hc64.exe,73104,0x0000000006963910,DXGI,0,512,0,17.09364850000000,0.09880000000000,0.21410000000000,1,Hardware: Independent Flip,1.48420000000000,23.02700000000000,21.21380000000000,21.54280000000000,1.40230000000000,0.08190000000000,0.00000000000000
mpc-hc64.exe,73104,0x0000000006963910,DXGI,0,512,0,17.13503180000000,0.13900000000000,41.38330000000001,1,Hardware: Independent Flip,1.67120000000000,12.05840000000000,30.41470000000000,10.38720000000000,-39.89910000000000,13.78290000000000,1.22340000000000
mpc-hc64.exe,73104,0x0000000006963910,DXGI,0,512,0,17.13524170000000,0.08530000000000,0.20990000000000,1,Hardware: Independent Flip,1.51850000000000,22.24690000000000,10.39840000000000,20.72840000000000,1.46130000000000,0.05720000000000,0.00000000000000
mpc-hc64.exe,73104,0x0000000006963910,DXGI,0,512,0,17.17483310000000,0.20890000000000,39.59140000000000,1,Hardware: Independent Flip,2.60990000000000,2.60990000000000,19.95440000000000,0.00000000000000,-38.07290000000000,14.25690000000000,1.02910000000000
mpc-hc64.exe,73104,0x0000000006963910,DXGI,0,512,0,17.17515390000000,0.09710000000000,0.32080000000000,1,Hardware: Independent Flip,2.35190000000000,22.64070000000000,20.35160000000000,20.28880000000000,2.28910000000000,0.05970000000000,0.00000000000000
mpc-hc64.exe,73104,0x0000000006963910,DXGI,0,512,0,17.21864770000000,0.14970000000000,43.49380000000000,1,Hardware: Independent Flip,1.59880000000000,1.59880000000000,22.45190000000000,0.00000000000000,-41.14190000000000,13.68690000000000,0.84140000000000
mpc-hc64.exe,73104,0x0000000006963910,DXGI,0,512,0,17.21885610000000,0.08700000000000,0.20840000000000,1,Hardware: Independent Flip,1.47430000000000,22.79240000000000,21.40200000000000,21.31810000000000,1.39040000000000,0.08390000000000,0.00000000000000
mpc-hc64.exe,73104,0x0000000006963910,DXGI,0,512,0,17.26004420000000,0.17970000000000,41.18810000000000,1,Hardware: Independent Flip,1.59560000000000,18.89660000000000,37.29230000000000,17.30100000000000,-39.71380000000000,14.12800000000000,2.23940000000000
mpc-hc64.exe,73104,0x0000000006963910,DXGI,0,512,0,17.26028000000000,0.08700000000000,0.23580000000000,1,Hardware: Independent Flip,1.44090000000000,22.04910000000000,3.38830000000000,20.60820000000000,1.35980000000000,0.08110000000000,0.00000000000000
mpc-hc64.exe,73104,0x0000000006963910,DXGI,0,512,0,17.29949790000000,0.13550000000000,39.21790000000000,1,Hardware: Independent Flip,2.54080000000000,18.85600000000000,36.02480000000000,16.31520000000000,-37.77700000000000,13.80710000000000,1.64290000000000
mpc-hc64.exe,73104,0x0000000006963910,DXGI,0,512,0,17.29968870000000,0.08470000000000,0.19080000000000,1,Hardware: Independent Flip,2.42990000000000,22.54120000000000,3.87600000000000,20.11130000000000,2.35000000000000,0.07690000000000,0.00000000000000
mpc-hc64.exe,73104,0x0000000006963910,DXGI,0,512,0,17.34243040000000,0.15200000000000,42.74170000000000,1,Hardware: Independent Flip,1.59390000000000,15.68540000000000,35.88590000000000,14.09150000000000,-40.31180000000001,13.18000000000000,0.59800000000000
mpc-hc64.exe,73104,0x0000000006963910,DXGI,0,512,0,17.34263550000000,0.08360000000000,0.20510000000000,1,Hardware: Independent Flip,1.46710000000000,22.37110000000000,6.89080000000000,20.90400000000000,1.38880000000000,0.07830000000000,0.00000000000000
mpc-hc64.exe,73104,0x0000000006963910,DXGI,0,512,0,17.38485110000000,0.13030000000000,42.21560000000000,1,Hardware: Independent Flip,1.59620000000000,10.30860000000000,30.15310000000000,8.71240000000000,-40.74850000000000,13.92500000000000,3.05590000000000
mpc-hc64.exe,73104,0x0000000006963910,DXGI,0,512,0,17.38503450000000,0.07980000000000,0.18340000000000,1,Hardware: Independent Flip,1.48540000000000,22.61410000000000,12.48890000000000,21.12870000000000,1.41280000000000,0.07260000000000,0.00000000000000
mpc-hc64.exe,73104,0x0000000006963910,DXGI,0,512,0,17.42551080000000,0.15410000000000,40.47630000000000,1,Hardware: Independent Flip,2.08010000000000,18.71170000000000,36.57390000000000,16.63160000000000,-38.99090000000000,14.37250000000000,3.69200000000000
mpc-hc64.exe,73104,0x0000000006963910,DXGI,0,512,0,17.42577240000000,0.08520000000000,0.26160000000000,1,Hardware: Independent Flip,1.89890000000000,22.38800000000000,3.93790000000000,20.48910000000000,1.81850000000000,0.08040000000000,0.00000000000000
mpc-hc64.exe,73104,0x0000000006963910,DXGI,0,512,0,17.46779270000000,0.19510000000000,42.02030000000000,1,Hardware: Independent Flip,1.58220000000000,1.58220000000000,21.21450000000000,0.00000000000000,-40.12140000000000,13.60960000000000,1.95490000000000
mpc-hc64.exe,73104,0x0000000006963910,DXGI,0,512,0,17.46807770000000,0.14410000000000,0.28500000000000,1,Hardware: Independent Flip,1.37260000000000,22.16860000000000,20.87140000000000,20.79600000000000,1.29720000000000,0.07540000000000,0.00000000000000
mpc-hc64.exe,73104,0x0000000006963910,DXGI,0,512,0,17.50932620000000,0.17130000000000,41.24850000000000,1,Hardware: Independent Flip,1.55260000000000,1.55260000000000,20.63250000000000,0.00000000000000,-39.87590000000000,14.01200000000000,3.49980000000000
mpc-hc64.exe,73104,0x0000000006963910,DXGI,0,512,0,17.50955530000000,0.08960000000000,0.22910000000000,1,Hardware: Independent Flip,1.39260000000000,22.05320000000000,20.72970000000000,20.66060000000000,1.32350000000000,0.06910000000000,0.00000000000000
mpc-hc64.exe,73104,0x0000000006963910,DXGI,0,512,0,17.55097550000000,0.15250000000000,41.42020000000000,1,Hardware: Independent Flip,1.56470000000000,9.68600000000000,29.05300000000000,8.12130000000000,-40.02760000000000,13.34170000000000,1.17210000000000
mpc-hc64.exe,73104,0x0000000006963910,DXGI,0,512,0,17.55118480000000,0.08650000000000,0.20930000000000,1,Hardware: Independent Flip,1.44090000000000,22.18760000000000,12.71090000000000,20.74670000000000,1.35540000000000,0.08550000000000,0.00000000000000
mpc-hc64.exe,73104,0x0000000006963910,DXGI,0,512,0,17.59300900000000,0.15680000000000,41.82420000000000,1,Hardware: Independent Flip,1.57170000000000,3.36570000000000,23.00230000000000,1.79400000000000,-40.38330000000000,13.68070000000000,3.14980000000000
mpc-hc64.exe,73104,0x0000000006963910,DXGI,0,512,0,17.59321960000000,0.08160000000000,0.21060000000000,1,Hardware: Independent Flip,1.44010000000000,22.37290000000000,19.21780000000000,20.93280000000000,1.36110000000000,0.07900000000000,0.00000000000000
mpc-hc64.exe,73104,0x0000000006963910,DXGI,0,512,0,17.63516230000000,0.12890000000000,41.94270000000000,1,Hardware: Independent Flip,1.59650000000000,17.83360000000000,37.40340000000000,16.23710000000000,-40.50260000000000,13.99060000000000,1.34200000000000
mpc-hc64.exe,73104,0x0000000006963910,DXGI,0,512,0,17.63534360000000,0.08170000000000,0.18130000000000,1,Hardware: Independent Flip,1.49130000000000,22.49920000000000,4.84690000000000,21.00790000000000,1.41520000000000,0.07610000000000,0.00000000000000
mpc-hc64.exe,73104,0x0000000006963910,DXGI,0,512,0,17.67544040000000,0.15050000000000,40.09680000000000,1,Hardware: Independent Flip,1.58150000000000,1.58150000000000,19.17910000000000,0.00000000000000,-38.60550000000000,13.55280000000000,1.64400000000000
mpc-hc64.exe,73104,0x0000000006963910,DXGI,0,512,0,17.67564890000000,0.08300000000000,0.20850000000000,1,Hardware: Independent Flip,1.43610000000000,21.47520000000000,20.10220000000000,20.03910000000000,1.37300000000000,0.06310000000000,0.00000000000000
mpc-hc64.exe,73104,0x0000000006963910,DXGI,0,512,0,17.71639030000000,0.17520000000000,40.74140000000000,1,Hardware: Independent Flip,2.43140000000000,2.43140000000000,21.69760000000000,0.00000000000000,-39.30530000000000,13.59140000000000,22.53870000000000
mpc-hc64.exe,73104,0x0000000006963910,DXGI,0,512,0,17.71662750000000,0.09300000000000,0.23720000000000,1,Hardware: Independent Flip,2.25720000000000,23.06330000000000,20.86910000000000,20.80610000000000,2.19420000000000,0.06300000000000,0.00000000000000
mpc-hc64.exe,73104,0x0000000006963910,DXGI,0,512,0,17.75885430000000,0.17800000000000,42.22680000000000,1,Hardware: Independent Flip,2.16250000000000,17.49390000000000,36.65740000000000,15.33140000000000,-39.96960000000000,12.90820000000000,1.05060000000000
mpc-hc64.exe,73104,0x0000000006963910,DXGI,0,512,0,17.75909020000000,0.09320000000000,0.23590000000000,1,Hardware: Independent Flip,1.98900000000000,22.99500000000000,5.73700000000000,21.00600000000000,1.92660000000000,0.06240000000000,0.00000000000000
mpc-hc64.exe,73104,0x0000000006963910,DXGI,0,512,0,17.79882000000000,0.27350000000000,39.72980000000000,1,Hardware: Independent Flip,1.52340000000000,1.52340000000000,18.25820000000000,0.00000000000000,-37.74080000000000,12.23970000000000,5.01290000000000
mpc-hc64.exe,73104,0x0000000006963910,DXGI,0,512,0,17.79916410000000,0.10650000000000,0.34410000000000,1,Hardware: Independent Flip,2.20810000000000,2.20810000000000,1.02880000000000,0.00000000000000,1.17930000000000,1.02350000000000,0.00000000000000
mpc-hc64.exe,73104,0x0000000006963910,DXGI,0,512,0,17.84299310000000,0.15960000000000,43.82900000000000,1,Hardware: Independent Flip,1.56890000000000,7.03380000000000,48.65470000000001,5.46490000000000,-41.62090000000000,12.71990000000000,0.00000000000000
mpc-hc64.exe,73104,0x0000000006963910,DXGI,0,512,0,17.84321880000000,0.08830000000000,0.22570000000000,1,Hardware: Independent Flip,1.42010000000000,22.98250000000000,16.17440000000000,21.56240000000000,1.34320000000000,0.07690000000000,0.00000000000000
mpc-hc64.exe,73104,0x0000000006963910,DXGI,0,512,0,17.88299380000000,0.14650000000000,39.77500000000000,1,Hardware: Independent Flip,2.35340000000000,19.19190000000000,35.98440000000000,16.83850000000000,-38.35490000000000,13.49380000000000,0.00000000000000
mpc-hc64.exe,73104,0x0000000006963910,DXGI,0,512,0,17.88320050000000,0.08690000000000,0.20670000000000,1,Hardware: Independent Flip,2.27740000000000,22.56350000000000,3.57830000000000,20.28610000000000,2.14670000000000,0.12730000000000,0.00000000000000
mpc-hc64.exe,73104,0x0000000006963910,DXGI,0,512,0,17.92569310000000,0.17350000000000,42.49260000000000,1,Hardware: Independent Flip,1.51080000000000,16.24620000000000,36.17530000000000,14.73540000000000,-40.21520000000000,12.70360000000000,0.00000000000000
mpc-hc64.exe,73104,0x0000000006963910,DXGI,0,512,0,17.92592350000000,0.08830000000000,0.23040000000000,1,Hardware: Independent Flip,1.36210000000000,22.17790000000000,6.16210000000000,20.81580000000000,1.28040000000000,0.08170000000000,0.00000000000000
mpc-hc64.exe,73104,0x0000000006963910,DXGI,0,512,0,17.96713510000000,0.14050000000000,41.21160000000000,1,Hardware: Independent Flip,1.95480000000000,17.36090000000000,36.39460000000000,15.40610000000000,-39.84950000000000,14.06760000000000,0.00000000000000
mpc-hc64.exe,73104,0x0000000006963910,DXGI,0,512,0,17.96733400000000,0.09100000000000,0.19890000000000,1,Hardware: Independent Flip,1.86920000000000,22.71220000000000,5.55020000000000,20.84300000000000,1.75590000000000,0.11330000000000,0.00000000000000
mpc-hc64.exe,73104,0x0000000006963910,DXGI,0,512,0,18.00909020000000,0.14930000000000,41.75620000000000,1,Hardware: Independent Flip,1.53100000000000,10.26910000000000,29.31310000000000,8.73810000000000,-39.88700000000000,12.98680000000000,0.00000000000000
mpc-hc64.exe,73104,0x0000000006963910,DXGI,0,512,0,18.00929550000000,0.09210000000000,0.20530000000000,1,Hardware: Independent Flip,1.40400000000000,22.06870000000000,12.00490000000000,20.66470000000000,1.32570000000000,0.07830000000000,0.00000000000000
mpc-hc64.exe,73104,0x0000000006963910,DXGI,0,512,0,18.04926260000000,0.17060000000000,39.96710000000000,1,Hardware: Independent Flip,2.35280000000000,17.68580000000000,35.58420000000000,15.33300000000000,-38.56310000000000,13.42390000000000,3.39630000000000
mpc-hc64.exe,73104,0x0000000006963910,DXGI,0,512,0,18.04949870000000,0.08980000000000,0.23610000000000,1,Hardware: Independent Flip,2.18250000000000,22.58180000000000,5.13210000000000,20.39930000000000,2.11670000000000,0.06310000000000,0.00000000000000
mpc-hc64.exe,73104,0x0000000006963910,DXGI,0,512,0,18.09095630000000,0.17780000000000,41.45760000000000,1,Hardware: Independent Flip,2.71520000000000,17.09660000000000,35.97240000000000,14.38140000000000,-39.27510000000000,13.11290000000000,1.16360000000000
mpc-hc64.exe,73104,0x0000000006963910,DXGI,0,512,0,18.09119440000000,0.09600000000000,0.23810000000000,1,Hardware: Independent Flip,2.55460000000000,23.50810000000000,6.64960000000000,20.95350000000000,2.47710000000000,0.07450000000000,0.00000000000000
mpc-hc64.exe,73104,0x0000000006963910,DXGI,0,512,0,18.13588380000000,0.13690000000000,44.68940000000000,1,Hardware: Independent Flip,1.10530000000000,1.10530000000000,22.28660000000000,0.00000000000000,-42.13480000000000,12.93630000000000,0.00000000000000
mpc-hc64.exe,73104,0x0000000006963910,DXGI,0,512,0,18.13607630000000,0.08580000000000,0.19250000000000,1,Hardware: Independent Flip,0.99000000000000,22.56390000000000,21.65110000000000,21.57390000000000,0.91280000000000,0.07720000000000,0.00000000000000
mpc-hc64.exe,73104,0x0000000006963910,DXGI,0,512,0,18.17410480000000,0.23040000000000,38.02850000000000,1,Hardware: Independent Flip,2.66100000000000,20.26400000000000,35.72860000000000,17.60300000000000,-37.03850000000000,14.86430000000000,12.28290000000000
mpc-hc64.exe,73104,0x0000000006963910,DXGI,0,512,0,18.17441170000000,0.10440000000000,0.30690000000000,1,Hardware: Independent Flip,2.45300000000000,22.25100000000000,2.29390000000000,19.79800000000000,2.35410000000000,0.09470000000000,0.00000000000000
mpc-hc64.exe,73104,0x0000000006963910,DXGI,0,512,0,18.21536800000000,0.18320000000000,40.95630000000000,1,Hardware: Independent Flip,2.37570000000000,16.06360000000000,34.76890000000000,13.68790000000000,-38.50330000000000,12.59670000000000,0.00000000000000
mpc-hc64.exe,73104,0x0000000006963910,DXGI,0,512,0,18.21561490000000,0.09460000000000,0.24690000000000,1,Hardware: Independent Flip,2.20370000000000,22.60360000000000,6.78690000000000,20.39990000000000,2.12880000000000,0.07220000000000,0.00000000000000
mpc-hc64.exe,73104,0x0000000006963910,DXGI,0,512,0,18.25930070000000,0.15190000000000,43.68580000000000,1,Hardware: Independent Flip,1.58980000000000,15.15690000000000,36.23910000000000,13.56710000000000,-41.48210000000000,12.75980000000000,1.44780000000000
mpc-hc64.exe,73104,0x0000000006963910,DXGI,0,512,0,18.25952130000000,0.08580000000000,0.22060000000000,1,Hardware: Independent Flip,1.44410000000000,22.93700000000000,8.00070000000000,21.49290000000000,1.36920000000000,0.07490000000000,0.00000000000000
mpc-hc64.exe,73104,0x0000000006963910,DXGI,0,512,0,18.29882510000000,0.16000000000000,39.30380000000000,1,Hardware: Independent Flip,2.17070000000000,18.58780000000000,34.95460000000000,16.41710000000000,-37.85970000000000,13.32900000000000,1.02130000000000
mpc-hc64.exe,73104,0x0000000006963910,DXGI,0,512,0,18.29904530000000,0.10790000000000,0.22020000000000,1,Hardware: Independent Flip,2.05680000000000,22.01720000000000,3.64960000000000,19.96040000000000,1.95050000000000,0.10630000000000,0.00000000000000
mpc-hc64.exe,73104,0x0000000006963910,DXGI,0,512,0,18.34063890000000,0.18540000000000,41.59360000000000,1,Hardware: Independent Flip,2.30360000000000,15.65530000000000,35.23170000000000,13.35170000000000,-39.53680000000000,12.94970000000000,2.84440000000000
mpc-hc64.exe,73104,0x0000000006963910,DXGI,0,512,0,18.34088560000000,0.08730000000000,0.24670000000000,1,Hardware: Independent Flip,2.13880000000000,23.01660000000000,7.60800000000000,20.87780000000000,2.05690000000000,0.08190000000000,0.00000000000000
mpc-hc64.exe,73104,0x0000000006963910,DXGI,0,512,0,18.38455840000000,0.17440000000000,43.67280000000000,1,Hardware: Independent Flip,1.57640000000000,16.10040000000000,36.75660000000000,14.52400000000000,-41.53400000000000,12.86070000000000,2.74930000000000
mpc-hc64.exe,73104,0x0000000006963910,DXGI,0,512,0,18.38479700000000,0.09220000000000,0.23860000000000,1,Hardware: Independent Flip,1.41660000000000,22.92460000000000,7.06280000000000,21.50800000000000,1.33780000000000,0.07880000000000,0.00000000000000
mpc-hc64.exe,73104,0x0000000006963910,DXGI,0,512,0,18.42502930000000,0.17590000000000,40.23230000000000,1,Hardware: Independent Flip,2.13370000000000,18.80940000000000,36.11710000000000,16.67570000000000,-38.81570000000000,13.45040000000000,3.20420000000000
mpc-hc64.exe,73104,0x0000000006963910,DXGI,0,512,0,18.42526220000000,0.13420000000000,0.23290000000000,1,Hardware: Independent Flip,1.98170000000000,22.40880000000000,3.83230000000000,20.42710000000000,1.90080000000000,0.08090000000000,0.00000000000000
mpc-hc64.exe,73104,0x0000000006963910,DXGI,0,512,0,18.46750180000000,0.13260000000000,42.23960000000000,1,Hardware: Independent Flip,1.51780000000000,16.47530000000000,36.30610000000000,14.95750000000000,-40.25790000000000,13.01860000000000,1.69450000000000
mpc-hc64.exe,73104,0x0000000006963910,DXGI,0,512,0,18.46768710000000,0.08410000000000,0.18530000000000,1,Hardware: Independent Flip,1.41230000000000,22.25390000000000,5.96390000000000,20.84160000000000,1.33250000000000,0.07980000000000,0.00000000000000
mpc-hc64.exe,73104,0x0000000006963910,DXGI,0,512,0,18.50949450000000,0.21000000000000,41.80740000000000,1,Hardware: Independent Flip,1.91050000000000,17.46920000000000,37.02270000000000,15.55870000000000,-40.39510000000000,14.00320000000000,11.69310000000000
mpc-hc64.exe,73104,0x0000000006963910,DXGI,0,512,0,18.50975850000000,0.08100000000000,0.26400000000000,1,Hardware: Independent Flip,1.72330000000000,22.83360000000000,5.62840000000000,21.11030000000000,1.64650000000000,0.07680000000000,0.00000000000000
mpc-hc64.exe,73104,0x0000000006963910,DXGI,0,512,0,18.54916660000000,0.18820000000000,39.40810000000000,1,Hardware: Independent Flip,2.32460000000000,11.92010000000000,28.49460000000000,9.59550000000000,-37.68480000000000,13.10420000000000,35.36200000000000
mpc-hc64.exe,73104,0x0000000006963910,DXGI,0,512,0,18.54941870000000,0.09010000000000,0.25210000000000,1,Hardware: Independent Flip,2.15140000000000,22.11460000000000,10.44660000000000,19.96320000000000,2.07250000000000,0.07890000000000,0.00000000000000
mpc-hc64.exe,73104,0x0000000006963910,DXGI,0,512,0,18.59065520000000,0.20290000000000,41.23650000000000,1,Hardware: Independent Flip,2.33820000000000,2.33820000000000,21.46010000000000,0.00000000000000,-39.08510000000000,12.72440000000000,4.85440000000000
mpc-hc64.exe,73104,0x0000000006963910,DXGI,0,512,0,18.59092450000000,0.10140000000000,0.26930000000000,1,Hardware: Independent Flip,2.15820000000000,22.82010000000000,20.75120000000000,20.66190000000000,2.06890000000000,0.08600000000000,0.00000000000000
mpc-hc64.exe,73104,0x0000000006963910,DXGI,0,512,0,18.63443000000000,0.14530000000000,43.50550000000000,1,Hardware: Independent Flip,1.49390000000000,15.84920000000000,36.53460000000000,14.35530000000000,-41.34730000000000,12.93550000000000,8.62220000000000
mpc-hc64.exe,73104,0x0000000006963910,DXGI,0,512,0,18.63463490000000,0.08910000000000,0.20490000000000,1,Hardware: Independent Flip,1.37090000000000,22.74130000000000,7.09700000000000,21.37040000000000,1.28900000000000,0.08190000000000,0.00000000000000
mpc-hc64.exe,73104,0x0000000006963910,DXGI,0,512,0,18.67349180000000,0.22170000000000,38.85690000000000,1,Hardware: Independent Flip,1.61880000000000,17.93980000000000,34.05540000000000,16.32100000000000,-37.48600000000000,12.91590000000000,11.68740000000000
mpc-hc64.exe,73104,0x0000000006963910,DXGI,0,512,0,18.67377590000000,0.11630000000000,0.28410000000000,1,Hardware: Independent Flip,2.25660000000000,17.65570000000000,0.00000000000000,15.39910000000000,1.33470000000000,0.92190000000000,0.00000000000000
mpc-hc64.exe,73104,0x0000000006963910,DXGI,0,512,0,18.71532480000000,0.31640000000000,41.54890000000000,1,Hardware: Independent Flip,1.24610000000000,1.47540000000000,25.36860000000000,0.22930000000000,-39.29230000000000,11.59800000000000,9.48610000000000
mpc-hc64.exe,73104,0x0000000006963910,DXGI,0,512,0,18.71586250000000,0.25720000000000,0.53770000000000,1,Hardware: Independent Flip,0.77440000000000,20.98730000000000,20.04960000000000,20.21290000000000,0.70840000000000,0.06600000000000,0.00000000000000
mpc-hc64.exe,73104,0x0000000006963910,DXGI,0,512,0,18.75854060000000,0.23700000000000,42.67810000000000,1,Hardware: Independent Flip,2.45590000000000,21.86140000000000,43.55220000000000,19.40550000000000,-41.90370000000000,14.55150000000000,24.73910000000000
mpc-hc64.exe,73104,0x0000000006963910,DXGI,0,512,0,18.75884020000000,0.08740000000000,0.29960000000000,1,Hardware: Independent Flip,2.24180000000000,24.37410000000000,2.81230000000000,22.13230000000000,2.15630000000000,0.08550000000000,0.00000000000000
mpc-hc64.exe,73104,0x0000000006963910,DXGI,0,512,0,18.79953010000000,0.16500000000000,40.68990000000000,1,Hardware: Independent Flip,2.29960000000000,19.45360000000000,35.76940000000000,17.15400000000000,-38.44810000000000,12.82790000000000,0.00000000000000
mpc-hc64.exe,73104,0x0000000006963910,DXGI,0,512,0,18.79976070000000,0.09450000000000,0.23060000000000,1,Hardware: Independent Flip,2.18010000000000,22.49720000000000,3.27420000000000,20.31710000000000,2.06900000000000,0.11110000000000,0.00000000000000
mpc-hc64.exe,73104,0x0000000006963910,DXGI,0,512,0,18.84277660000000,0.16950000000000,43.01590000000000,1,Hardware: Independent Flip,1.98770000000000,9.57210000000000,30.09080000000000,7.58440000000000,-40.83580000000000,13.23870000000000,12.92970000000000
mpc-hc64.exe,73104,0x0000000006963910,DXGI,0,512,0,18.84301130000000,0.09200000000000,0.23470000000000,1,Hardware: Independent Flip,1.86330000000000,23.21830000000000,13.88090000000000,21.35500000000000,1.75300000000000,0.11030000000000,0.00000000000000
mpc-hc64.exe,73104,0x0000000006963910,DXGI,0,512,0,18.88383890000000,0.14810000000000,40.82760000000000,1,Hardware: Independent Flip,1.50050000000000,18.33680000000000,35.94610000000000,16.83630000000000,-38.96430000000000,12.65130000000000,0.00000000000000
mpc-hc64.exe,73104,0x0000000006963910,DXGI,0,512,0,18.88404100000000,0.09560000000000,0.20210000000000,1,Hardware: Independent Flip,1.37940000000000,21.56460000000000,3.42990000000000,20.18520000000000,1.29840000000000,0.08100000000000,0.00000000000000
mpc-hc64.exe,73104,0x0000000006963910,DXGI,0,512,0,18.92417730000000,0.22650000000000,40.13630000000000,1,Hardware: Independent Flip,2.30750000000000,16.85130000000000,35.42300000000000,14.54380000000000,-38.75690000000000,13.25770000000000,0.00000000000000
mpc-hc64.exe,73104,0x0000000006963910,DXGI,0,512,0,18.92447350000000,0.08980000000000,0.29620000000000,1,Hardware: Independent Flip,2.08740000000000,22.57880000000000,6.02370000000000,20.49140000000000,2.01130000000000,0.07610000000000,0.00000000000000
mpc-hc64.exe,73104,0x0000000006963910,DXGI,0,512,0,18.96637910000000,0.14760000000000,41.90560000000000,1,Hardware: Independent Flip,2.32240000000000,16.64420000000000,35.97100000000000,14.32180000000000,-39.81820000000000,12.66340000000000,0.00000000000000
mpc-hc64.exe,73104,0x0000000006963910,DXGI,0,512,0,18.96658850000000,0.09910000000000,0.20940000000000,1,Hardware: Independent Flip,2.19160000000000,23.21940000000000,6.78460000000000,21.02780000000000,2.11300000000000,0.07860000000000,0.00000000000000
mpc-hc64.exe,73104,0x0000000006963910,DXGI,0,512,0,19.00938680000000,0.17820000000000,42.79830000000000,1,Hardware: Independent Flip,1.50230000000000,16.91010000000000,36.48900000000000,15.40780000000000,-40.60670000000000,12.50350000000000,0.00000000000000
mpc-hc64.exe,73104,0x0000000006963910,DXGI,0,512,0,19.00961990000000,0.08630000000000,0.23310000000000,1,Hardware: Independent Flip,1.34370000000000,22.35390000000000,5.67690000000000,21.01020000000000,1.26920000000000,0.07450000000000,0.00000000000000
mpc-hc64.exe,73104,0x0000000006963910,DXGI,0,512,0,19.04921310000000,0.15580000000000,39.59320000000000,1,Hardware: Independent Flip,2.35050000000000,18.25820000000000,35.49750000000000,15.90770000000000,-38.24950000000000,13.72730000000000,0.00000000000000
mpc-hc64.exe,73104,0x0000000006963910,DXGI,0,512,0,19.04942790000000,0.08800000000000,0.21480000000000,1,Hardware: Independent Flip,2.21430000000000,22.47250000000000,4.42910000000000,20.25820000000000,2.13570000000000,0.07600000000000,0.00000000000000
mpc-hc64.exe,73104,0x0000000006963910,DXGI,0,512,0,19.09240090000000,0.17040000000000,42.97300000000000,1,Hardware: Independent Flip,1.54140000000000,15.65970000000000,36.16020000000000,14.11830000000000,-40.75870000000000,12.66940000000000,0.00000000000000
mpc-hc64.exe,73104,0x0000000006963910,DXGI,0,512,0,19.09262610000000,0.08650000000000,0.22520000000000,1,Hardware: Independent Flip,1.39320000000000,22.49860000000000,7.06410000000000,21.10540000000000,1.31620000000000,0.07700000000000,0.00000000000000
mpc-hc64.exe,73104,0x0000000006963910,DXGI,0,512,0,19.13363490000000,0.12860000000000,41.00880000000000,1,Hardware: Independent Flip,2.12520000000000,17.84900000000000,36.35920000000000,15.72380000000000,-39.61560000000000,13.48340000000000,0.00000000000000
mpc-hc64.exe,73104,0x0000000006963910,DXGI,0,512,0,19.13381740000000,0.09050000000000,0.18250000000000,1,Hardware: Independent Flip,2.01930000000000,22.84560000000000,5.17910000000000,20.82630000000000,1.94270000000000,0.07660000000000,0.00000000000000
mpc-hc64.exe,73104,0x0000000006963910,DXGI,0,512,0,19.17410710000000,0.19400000000000,40.28970000000000,1,Hardware: Independent Flip,2.40690000000000,17.99900000000000,35.44310000000000,15.59210000000000,-38.27040000000000,12.76410000000000,0.00000000000000
mpc-hc64.exe,73104,0x0000000006963910,DXGI,0,512,0,19.17436360000000,0.09990000000000,0.25650000000000,1,Hardware: Independent Flip,2.27560000000000,22.55840000000000,4.81590000000000,20.28280000000000,2.15040000000000,0.12520000000000,0.00000000000000
mpc-hc64.exe,73104,0x0000000006963910,DXGI,0,512,0,19.21557050000000,0.17190000000000,41.20690000000000,1,Hardware: Independent Flip,2.35070000000000,9.57460000000000,28.22310000000000,7.22390000000000,-38.93130000000000,12.50230000000000,0.00000000000000
mpc-hc64.exe,73104,0x0000000006963910,DXGI,0,512,0,19.21579160000000,0.07980000000000,0.22110000000000,1,Hardware: Independent Flip,2.20600000000000,22.81300000000000,13.45950000000000,20.60700000000000,2.12960000000000,0.07350000000000,0.00000000000000
mpc-hc64.exe,73104,0x0000000006963910,DXGI,0,512,0,19.25793650000000,0.15320000000000,42.14490000000000,1,Hardware: Independent Flip,2.42400000000000,2.42400000000000,21.75590000000000,0.00000000000000,-39.93890000000000,12.54620000000000,0.00000000000000
mpc-hc64.exe,73104,0x0000000006963910,DXGI,0,512,0,19.25814680000000,0.08820000000000,0.21030000000000,1,Hardware: Independent Flip,2.27580000000000,23.39910000000000,21.18540000000000,21.12330000000000,2.21370000000000,0.05860000000000,0.00000000000000
mpc-hc64.exe,73104,0x0000000006963910,DXGI,0,512,0,19.29877210000000,0.16340000000000,40.62530000000000,1,Hardware: Independent Flip,2.33930000000000,17.05400000000000,34.28020000000000,14.71470000000000,-38.34950000000000,12.48860000000000,0.00000000000000
mpc-hc64.exe,73104,0x0000000006963910,DXGI,0,512,0,19.29900760000000,0.09110000000000,0.23550000000000,1,Hardware: Independent Flip,2.21120000000000,22.50060000000000,5.68210000000000,20.28940000000000,2.10380000000000,0.10740000000000,0.00000000000000
mpc-hc64.exe,73104,0x0000000006963910,DXGI,0,512,0,19.34103440000000,0.22560000000000,42.02680000000000,1,Hardware: Independent Flip,2.32750000000000,9.14800000000000,28.67420000000000,6.82050000000000,-39.81560000000000,12.57540000000000,3.22820000000000
mpc-hc64.exe,73104,0x0000000006963910,DXGI,0,512,0,19.34132370000000,0.12120000000000,0.28930000000000,1,Hardware: Independent Flip,2.15200000000000,23.16320000000000,14.30450000000000,21.01120000000000,2.03820000000000,0.11380000000000,0.00000000000000
mpc-hc64.exe,73104,0x0000000006963910,DXGI,0,512,0,19.38378410000000,0.14850000000000,42.46040000000000,1,Hardware: Independent Flip,2.01360000000000,2.01360000000000,21.31080000000000,0.00000000000000,-40.30840000000000,13.02020000000000,1.98780000000000
mpc-hc64.exe,73104,0x0000000006963910,DXGI,0,512,0,19.38411030000000,0.28970000000000,0.32620000000000,1,Hardware: Independent Flip,1.73730000000000,22.86410000000000,21.17670000000000,21.12680000000000,1.68740000000000,0.04990000000000,0.00000000000000
mpc-hc64.exe,73104,0x0000000006963910,DXGI,0,512,0,19.42565720000000,0.16570000000000,41.54690000000000,1,Hardware: Independent Flip,1.53820000000000,17.43110000000000,36.11390000000000,15.89290000000000,-39.80960000000000,13.36320000000000,3.79380000000000
mpc-hc64.exe,73104,0x0000000006963910,DXGI,0,512,0,19.42587850000000,0.10620000000000,0.22130000000000,1,Hardware: Independent Flip,1.39560000000000,22.02430000000000,4.81450000000000,20.62870000000000,1.31690000000000,0.07870000000000,0.00000000000000
mpc-hc64.exe,73104,0x0000000006963910,DXGI,0,512,0,19.46613330000000,0.17790000000000,40.25480000000000,1,Hardware: Independent Flip,2.53550000000000,17.69020000000000,35.92070000000000,15.15470000000000,-38.85920000000000,13.62060000000000,4.28070000000000
mpc-hc64.exe,73104,0x0000000006963910,DXGI,0,512,0,19.46638540000000,0.11810000000000,0.25210000000000,1,Hardware: Independent Flip,2.35590000000000,22.99910000000000,5.56100000000000,20.64320000000000,2.28340000000000,0.06930000000000,0.56730000000000
mpc-hc64.exe,73104,0x0000000006963910,DXGI,0,512,0,19.50964370000000,0.46820000000000,43.25830000000001,1,Hardware: Independent Flip,1.47900000000000,16.44670000000000,36.70590000000000,14.96770000000000,-40.90240000000000,12.59970000000000,3.81090000000000
mpc-hc64.exe,73104,0x0000000006963910,DXGI,0,512,0,19.51020920000000,0.11900000000000,0.56550000000000,1,Hardware: Independent Flip,0.98710000000000,22.13350000000000,6.25230000000000,21.14640000000000,0.91350000000000,0.07360000000000,0.00000000000000
mpc-hc64.exe,73104,0x0000000006963910,DXGI,0,512,0,19.54883520000000,0.18970000000000,38.62600000000000,1,Hardware: Independent Flip,2.10160000000000,4.47070000000000,20.96320000000000,2.36910000000000,-37.63890000000000,13.61570000000000,23.02690000000000
mpc-hc64.exe,73104,0x0000000006963910,DXGI,0,512,0,19.54915750000000,0.12480000000000,0.32230000000000,1,Hardware: Independent Flip,1.86030000000000,21.68480000000000,17.53640000000000,19.82450000000000,1.77930000000000,0.08100000000000,0.00000000000000
mpc-hc64.exe,73104,0x0000000006963910,DXGI,0,512,0,19.59246290000000,0.20960000000000,43.30540000000000,1,Hardware: Independent Flip,1.85370000000000,14.94370000000000,36.56430000000000,13.09000000000000,-41.44510000000000,13.04270000000000,18.63870000000000
mpc-hc64.exe,73104,0x0000000006963910,DXGI,0,512,0,19.59273420000000,0.09140000000000,0.27130000000000,1,Hardware: Independent Flip,1.65930000000000,23.26710000000000,8.59470000000000,21.60780000000000,1.58240000000000,0.07690000000000,0.00000000000000
mpc-hc64.exe,73104,0x0000000006963910,DXGI,0,512,0,19.63689300000000,0.13360000000000,44.15880000000000,1,Hardware: Independent Flip,1.53160000000000,17.88020000000000,38.77190000000000,16.34860000000000,-42.49950000000000,13.56440000000000,19.09040000000000
mpc-hc64.exe,73104,0x0000000006963910,DXGI,0,512,0,19.63708060000000,0.09730000000000,0.18760000000000,1,Hardware: Independent Flip,1.42060000000000,23.39070000000000,5.69810000000000,21.97010000000000,1.34400000000000,0.07660000000000,0.00000000000000
mpc-hc64.exe,73104,0x0000000006963910,DXGI,0,512,0,19.67571880000000,0.18300000000000,38.63820000000000,1,Hardware: Independent Flip,1.53180000000000,20.91340000000000,36.16090000000001,19.38160000000000,-37.21760000000000,13.40160000000000,25.91990000000000
mpc-hc64.exe,73104,0x0000000006963910,DXGI,0,512,0,19.67596710000000,0.08650000000000,0.24830000000000,1,Hardware: Independent Flip,1.36120000000000,20.69110000000000,0.02600000000000,19.32990000000000,1.28350000000000,0.07770000000000,0.00000000000000
mpc-hc64.exe,73104,0x0000000006963910,DXGI,0,512,0,19.71769740000000,0.19890000000000,41.73030000000000,1,Hardware: Independent Flip,1.94300000000000,15.84430000000000,36.88350000000001,13.90130000000000,-40.36910000000000,13.83430000000000,7.83550000000000
mpc-hc64.exe,73104,0x0000000006963910,DXGI,0,512,0,19.71795100000000,0.08880000000000,0.25360000000000,1,Hardware: Independent Flip,1.76660000000000,22.87820000000000,7.28750000000000,21.11160000000000,1.68940000000000,0.07720000000000,0.00000000000000
mpc-hc64.exe,73104,0x0000000006963910,DXGI,0,512,0,19.75976280000000,0.18020000000000,41.81180000000001,1,Hardware: Independent Flip,1.50840000000000,1.50840000000000,20.44200000000000,0.00000000000000,-40.04520000000000,12.98010000000000,33.89520000000000
mpc-hc64.exe,73104,0x0000000006963910,DXGI,0,512,0,19.75999990000000,0.08310000000000,0.23710000000000,1,Hardware: Independent Flip,1.35360000000000,22.08310000000000,20.81180000000000,20.72950000000000,1.27130000000000,0.08230000000000,0.00000000000000
mpc-hc64.exe,73104,0x0000000006963910,DXGI,0,512,0,19.79899750000000,0.21220000000000,38.99760000000000,1,Hardware: Independent Flip,2.23180000000000,18.22220000000000,35.13670000000000,15.99040000000000,-37.64400000000000,13.27090000000000,0.00000000000000
mpc-hc64.exe,73104,0x0000000006963910,DXGI,0,512,0,19.79929550000000,0.13880000000000,0.29800000000000,1,Hardware: Independent Flip,2.04440000000000,21.92370000000000,3.99950000000000,19.87930000000000,1.93380000000000,0.11060000000000,0.00000000000000
mpc-hc64.exe,73104,0x0000000006963910,DXGI,0,512,0,19.84281180000000,0.15030000000000,43.51630000000000,1,Hardware: Independent Flip,1.57600000000000,15.03340000000000,36.62600000000000,13.45740000000000,-41.47190000000001,12.81500000000000,92.94380000000001
mpc-hc64.exe,73104,0x0000000006963910,DXGI,0,512,0,19.84301650000000,0.08280000000000,0.20470000000000,1,Hardware: Independent Flip,1.44800000000000,22.92730000000000,8.09860000000000,21.47930000000000,1.37130000000000,0.07670000000000,0.00000000000000
mpc-hc64.exe,73104,0x0000000006963910,DXGI,0,512,0,19.88387610000000,0.15110000000000,40.85960000000000,1,Hardware: Independent Flip,1.52520000000000,18.03980000000000,35.97210000000000,16.51460000000000,-39.41160000000000,13.33610000000000,0.00000000000000
mpc-hc64.exe,73104,0x0000000006963910,DXGI,0,512,0,19.88408180000000,0.08220000000000,0.20570000000000,1,Hardware: Independent Flip,1.39630000000000,21.82080000000000,3.98670000000000,20.42450000000000,1.31950000000000,0.07680000000000,0.00000000000000
mpc-hc64.exe,73104,0x0000000006963910,DXGI,0,512,0,19.92505810000000,0.15210000000000,40.97630000000000,1,Hardware: Independent Flip,1.90840000000000,16.71370000000000,35.86920000000000,14.80530000000000,-39.58000000000001,13.75380000000000,3.20870000000000
mpc-hc64.exe,73104,0x0000000006963910,DXGI,0,512,0,19.92526640000000,0.09020000000000,0.20830000000000,1,Hardware: Independent Flip,1.77980000000000,22.48240000000000,5.97700000000000,20.70260000000000,1.70010000000000,0.07970000000000,0.00000000000000
mpc-hc64.exe,73104,0x0000000006963910,DXGI,0,512,0,19.96778080000000,0.15060000000000,42.51440000000000,1,Hardware: Independent Flip,1.49550000000000,1.49550000000000,21.52750000000000,0.00000000000000,-40.73460000000000,12.92300000000000,0.00000000000000
mpc-hc64.exe,73104,0x0000000006963910,DXGI,0,512,0,19.96798430000000,0.08260000000000,0.20350000000000,1,Hardware: Independent Flip,1.37250000000000,22.44090000000000,21.14890000000000,21.06840000000000,1.29200000000000,0.08050000000000,0.00000000000000
mpc-hc64.exe,73104,0x0000000006963910,DXGI,0,512,0,20.00900850000000,0.17850000000000,41.02420000000000,1,Hardware: Independent Flip,1.46540000000000,17.45680000000000,36.04010000000000,15.99140000000000,-39.65170000000001,13.24180000000000,39.17330000000000
mpc-hc64.exe,73104,0x0000000006963910,DXGI,0,512,0,20.00924280000000,0.08770000000000,0.23430000000000,1,Hardware: Independent Flip,1.30890000000000,21.82390000000000,4.60140000000000,20.51500000000000,1.23110000000000,0.07780000000000,0.00000000000000
mpc-hc64.exe,73104,0x0000000006963910,DXGI,0,512,0,20.04916330000000,0.17190000000000,39.92050000000000,1,Hardware: Independent Flip,2.39100000000000,10.41160000000000,28.50820000000000,8.02060000000000,-38.61160000000000,13.81370000000000,0.00000000000000
mpc-hc64.exe,73104,0x0000000006963910,DXGI,0,512,0,20.04939820000000,0.14080000000000,0.23490000000000,1,Hardware: Independent Flip,2.23350000000000,22.69390000000000,12.51720000000000,20.46040000000000,2.15610000000000,0.07480000000000,0.00000000000000
mpc-hc64.exe,73104,0x0000000006963910,DXGI,0,512,0,20.09102640000000,0.19840000000000,41.62820000000000,1,Hardware: Independent Flip,2.01500000000000,16.33650000000000,35.27080000000000,14.32150000000000,-39.39470000000000,12.20640000000000,0.00000000000000
mpc-hc64.exe,73104,0x0000000006963910,DXGI,0,512,0,20.09129590000000,0.09460000000000,0.26950000000000,1,Hardware: Independent Flip,1.82430000000000,22.48780000000000,6.42080000000000,20.66350000000000,1.74550000000000,0.07880000000000,0.00000000000000
mpc-hc64.exe,73104,0x0000000006963910,DXGI,0,512,0,20.13421810000000,0.14220000000000,42.92220000000000,1,Hardware: Independent Flip,1.45760000000000,15.80290000000000,36.23730000000000,14.34530000000000,-41.09790000000000,12.72520000000000,0.00000000000000
mpc-hc64.exe,73104,0x0000000006963910,DXGI,0,512,0,20.13441760000000,0.08250000000000,0.19950000000000,1,Hardware: Independent Flip,1.33300000000000,22.56510000000000,6.96170000000000,21.23210000000000,1.25810000000000,0.07490000000000,0.00000000000000
mpc-hc64.exe,73104,0x0000000006963910,DXGI,0,512,0,20.17414320000000,0.19020000000000,39.72560000000000,1,Hardware: Independent Flip,2.41140000000000,18.28800000000000,35.44850000000000,15.87660000000000,-38.39260000000000,13.35830000000000,0.00000000000000
mpc-hc64.exe,73104,0x0000000006963910,DXGI,0,512,0,20.17439570000000,0.09290000000000,0.25250000000000,1,Hardware: Independent Flip,2.23600000000000,22.59720000000000,4.56170000000000,20.36120000000000,2.15890000000000,0.07440000000000,0.00000000000000
mpc-hc64.exe,73104,0x0000000006963910,DXGI,0,512,0,20.21560080000000,0.17620000000000,41.20510000000000,1,Hardware: Independent Flip,2.19120000000000,9.46320000000000,28.07110000000000,7.27200000000000,-38.96910000000000,12.51550000000000,0.00000000000000
mpc-hc64.exe,73104,0x0000000006963910,DXGI,0,512,0,20.21583520000000,0.08380000000000,0.23440000000000,1,Hardware: Independent Flip,2.07970000000000,22.60430000000000,13.37550000000000,20.52460000000000,1.95680000000000,0.12290000000000,0.00000000000000
mpc-hc64.exe,73104,0x0000000006963910,DXGI,0,512,0,20.25815130000000,0.35640000000000,42.31610000000000,1,Hardware: Independent Flip,2.54050000000000,16.52230000000000,36.23410000000001,13.98180000000000,-40.23640000000000,12.78410000000000,0.00000000000000
mpc-hc64.exe,73104,0x0000000006963910,DXGI,0,512,0,20.25859190000000,0.11460000000000,0.44060000000000,1,Hardware: Independent Flip,2.17430000000000,23.52570000000000,7.44400000000000,21.35140000000000,2.09990000000000,0.07170000000000,0.00000000000000
mpc-hc64.exe,73104,0x0000000006963910,DXGI,0,512,0,20.29953980000000,0.14260000000000,40.94790000000000,1,Hardware: Independent Flip,2.38550000000000,18.39160000000000,35.81380000000000,16.00610000000000,-38.77360000000000,12.69860000000000,0.00000000000000
mpc-hc64.exe,73104,0x0000000006963910,DXGI,0,512,0,20.29974060000000,0.08250000000000,0.20080000000000,1,Hardware: Independent Flip,2.30020000000000,22.81930000000000,4.62850000000000,20.51910000000000,2.18470000000000,0.11260000000000,0.00000000000000
mpc-hc64.exe,73104,0x0000000006963910,DXGI,0,512,0,20.34283720000000,0.15120000000000,43.09660000000000,1,Hardware: Independent Flip,1.50420000000000,16.28350000000000,36.56080000000000,14.77930000000000,-40.79640000000000,12.46240000000000,0.00000000000000
mpc-hc64.exe,73104,0x0000000006963910,DXGI,0,512,0,20.34304220000000,0.08540000000000,0.20500000000000,1,Hardware: Independent Flip,1.38410000000000,22.48680000000000,6.40830000000000,21.10270000000000,1.29920000000000,0.08490000000000,0.00000000000000
mpc-hc64.exe,73104,0x0000000006963910,DXGI,0,512,0,20.38436110000000,0.16240000000000,41.31890000000000,1,Hardware: Independent Flip,1.49780000000000,10.63320000000000,29.46530000000000,9.13540000000000,-39.93480000000000,13.34850000000000,0.00000000000000
mpc-hc64.exe,73104,0x0000000006963910,DXGI,0,512,0,20.38457710000000,0.07910000000000,0.21600000000000,1,Hardware: Independent Flip,1.36250000000000,22.03090000000000,11.61370000000000,20.66840000000000,1.28180000000000,0.08070000000000,0.00000000000000
mpc-hc64.exe,73104,0x0000000006963910,DXGI,0,512,0,20.42384350000000,0.18050000000000,39.26640000000000,1,Hardware: Independent Flip,2.15030000000000,17.64200000000000,34.87750000000000,15.49170000000000,-37.90390000000000,13.47160000000000,0.00000000000000
mpc-hc64.exe,73104,0x0000000006963910,DXGI,0,512,0,20.42408430000000,0.08880000000000,0.24080000000000,1,Hardware: Independent Flip,2.01670000000000,21.98840000000000,4.58720000000000,19.97170000000000,1.90950000000000,0.10720000000000,0.00000000000000
mpc-hc64.exe,73104,0x0000000006963910,DXGI,0,512,0,20.46629470000000,0.14220000000000,42.21040000000000,1,Hardware: Independent Flip,2.33460000000000,15.62290000000000,35.84490000000000,13.28830000000000,-40.19370000000000,12.75630000000000,0.00000000000000
mpc-hc64.exe,73104,0x0000000006963910,DXGI,0,512,0,20.46649420000000,0.08660000000000,0.19950000000000,1,Hardware: Independent Flip,2.21260000000000,23.43150000000000,8.00810000000000,21.21890000000000,2.13510000000000,0.07410000000000,0.00000000000000
mpc-hc64.exe,73104,0x0000000006963910,DXGI,0,512,0,20.50946060000000,0.17600000000000,42.96640000000000,1,Hardware: Independent Flip,1.49980000000000,1.49980000000000,21.03470000000000,0.00000000000000,-40.75380000000001,12.44710000000000,0.00000000000000
mpc-hc64.exe,73104,0x0000000006963910,DXGI,0,512,0,20.50969500000000,0.08410000000000,0.23440000000000,1,Hardware: Independent Flip,1.34880000000000,22.42780000000000,21.16240000000000,21.07900000000000,1.26540000000000,0.08340000000000,0.00000000000000
mpc-hc64.exe,73104,0x0000000006963910,DXGI,0,512,0,20.54901770000000,0.27960000000000,39.32270000000000,1,Hardware: Independent Flip,2.34270000000000,2.95550000000000,19.85040000000000,0.61280000000000,-37.97390000000000,13.38050000000000,0.00000000000000
mpc-hc64.exe,73104,0x0000000006963910,DXGI,0,512,0,20.54936860000000,0.08950000000000,0.35090000000000,1,Hardware: Independent Flip,2.06870000000000,22.18650000000000,19.58190000000000,20.11780000000000,1.99180000000000,0.07690000000000,0.00000000000000
mpc-hc64.exe,73104,0x0000000006963910,DXGI,0,512,0,20.59096750000000,0.17740000000000,41.59890000000000,1,Hardware: Independent Flip,1.97490000000000,15.74040000000000,35.15280000000000,13.76550000000000,-39.53020000000000,12.78240000000000,0.00000000000000
mpc-hc64.exe,73104,0x0000000006963910,DXGI,0,512,0,20.59120930000000,0.08880000000000,0.24180000000000,1,Hardware: Independent Flip,2.20670000000000,15.49860000000000,0.00000000000000,13.29190000000000,1.73310000000000,0.43440000000000,0.00000000000000
mpc-hc64.exe,73104,0x0000000006963910,DXGI,0,512,0,20.63465620000000,0.14500000000000,43.44690000000000,1,Hardware: Independent Flip,1.06350000000000,1.06350000000000,29.01180000000000,0.00000000000000,-41.24020000000000,12.49740000000000,0.00000000000000
mpc-hc64.exe,73104,0x0000000006963910,DXGI,0,512,0,20.63485840000000,0.15200000000000,0.20220000000000,1,Hardware: Independent Flip,0.93540000000000,22.04480000000000,21.18350000000000,21.10940000000000,0.86130000000000,0.07150000000000,0.00000000000000
mpc-hc64.exe,73104,0x0000000006963910,DXGI,0,512,0,20.67399530000000,0.23890000000000,39.13690000000000,1,Hardware: Independent Flip,2.19920000000000,17.97760000000000,35.06970000000000,15.77840000000000,-38.20150000000000,14.41260000000000,0.00000000000000
mpc-hc64.exe,73104,0x0000000006963910,DXGI,0,512,0,20.67431520000000,0.10690000000000,0.31990000000000,1,Hardware: Independent Flip,1.95570000000000,22.11590000000000,4.45820000000000,20.16020000000000,1.87930000000000,0.07640000000000,0.00000000000000
mpc-hc64.exe,73104,0x0000000006963910,DXGI,0,512,0,20.71566160000000,0.21260000000000,41.34640000000000,1,Hardware: Independent Flip,2.33750000000000,15.97480000000000,35.20530000000000,13.63730000000000,-39.39070000000000,12.76550000000000,0.00000000000000
mpc-hc64.exe,73104,0x0000000006963910,DXGI,0,512,0,20.71595190000000,0.10480000000000,0.29030000000000,1,Hardware: Independent Flip,2.13410000000000,22.95170000000000,7.26720000000000,20.81760000000000,2.04720000000000,0.08420000000000,0.00000000000000
mpc-hc64.exe,73104,0x0000000006963910,DXGI,0,512,0,20.75953820000000,0.18950000000000,43.58630000000000,1,Hardware: Independent Flip,1.49810000000000,15.93900000000000,36.57360000000000,14.44090000000000,-41.45220000000000,12.56910000000000,0.00000000000000
mpc-hc64.exe,73104,0x0000000006963910,DXGI,0,512,0,20.75978670000000,0.08690000000000,0.24850000000000,1,Hardware: Independent Flip,1.35940000000000,22.77710000000000,7.08660000000000,21.41770000000000,1.24960000000000,0.10980000000000,0.00000000000000
mpc-hc64.exe,73104,0x0000000006963910,DXGI,0,512,0,20.80031700000000,0.13360000000000,40.53030000000000,1,Hardware: Independent Flip,1.53400000000000,17.96820000000000,35.72140000000000,16.43420000000000,-39.17090000000000,12.93790000000000,0.00000000000000
mpc-hc64.exe,73104,0x0000000006963910,DXGI,0,512,0,20.80050620000000,0.08410000000000,0.18920000000000,1,Hardware: Independent Flip,1.42060000000000,21.73030000000000,3.95130000000000,20.30970000000000,1.34480000000000,0.07580000000000,0.00000000000000
mpc-hc64.exe,73104,0x0000000006963910,DXGI,0,512,0,20.84095470000000,0.20400000000000,40.44850000000000,1,Hardware: Independent Flip,2.26950000000000,16.70190000000000,35.42010000000001,14.43240000000000,-39.02790000000000,13.03500000000000,803.08370000000002
mpc-hc64.exe,73104,0x0000000006963910,DXGI,0,512,0,20.84123260000000,0.10480000000000,0.27790000000000,1,Hardware: Independent Flip,2.11850000000000,22.71020000000000,6.28620000000000,20.59170000000000,1.99160000000000,0.12690000000000,0.00000000000000
mpc-hc64.exe,73104,0x0000000006963910,DXGI,0,512,0,20.88655880000000,0.18180000000000,45.32620000000000,1,Hardware: Independent Flip,1.52570000000000,9.04180000000000,31.65780000000000,7.51610000000000,-43.20770000000000,12.48510000000000,0.00000000000000
mpc-hc64.exe,73104,0x0000000006963910,DXGI,0,512,0,20.88679420000000,0.08500000000000,0.23540000000000,1,Hardware: Independent Flip,1.36580000000000,23.69750000000000,14.89110000000000,22.33170000000000,1.29030000000000,0.07550000000000,0.00000000000000
mpc-hc64.exe,73104,0x0000000006963910,DXGI,0,512,0,20.92434470000000,0.24380000000000,37.55050000000000,1,Hardware: Independent Flip,2.29490000000000,21.65300000000000,35.50600000000000,19.35810000000000,-36.18470000000000,13.65090000000000,0.00000000000000
mpc-hc64.exe,73104,0x0000000006963910,DXGI,0,512,0,20.92465250000000,0.11660000000000,0.30780000000000,1,Hardware: Independent Flip,2.06400000000000,21.34520000000000,0.00000000000000,19.28120000000000,1.98710000000000,0.07690000000000,0.00000000000000
mpc-hc64.exe,73104,0x0000000006963910,DXGI,0,512,0,20.96658900000000,0.18910000000000,41.93650000000000,1,Hardware: Independent Flip,2.30610000000000,15.41730000000000,36.00860000000000,13.11120000000000,-39.87250000000000,12.52530000000000,0.00000000000000
mpc-hc64.exe,73104,0x0000000006963910,DXGI,0,512,0,20.96684240000000,0.13490000000000,0.25340000000000,1,Hardware: Independent Flip,2.14080000000000,23.18310000000000,8.01920000000000,21.04230000000000,2.05270000000000,0.08810000000000,0.00000000000000
mpc-hc64.exe,73104,0x0000000006963910,DXGI,0,512,0,21.00910290000000,0.15170000000000,42.26050000000000,1,Hardware: Independent Flip,1.49270000000000,10.09170000000000,29.16910000000000,8.59900000000000,-40.11970000000000,12.56220000000000,0.00000000000000
mpc-hc64.exe,73104,0x0000000006963910,DXGI,0,512,0,21.00930780000000,0.08720000000000,0.20490000000000,1,Hardware: Independent Flip,1.36860000000000,22.13260000000000,12.24580000000000,20.76400000000000,1.28780000000000,0.08080000000000,0.00000000000000
mpc-hc64.exe,73104,0x0000000006963910,DXGI,0,512,0,21.04975690000000,0.15590000000000,40.44910000000000,1,Hardware: Independent Flip,2.43000000000000,17.73160000000000,36.04810000000001,15.30160000000000,-39.08050000000000,13.30060000000000,0.00000000000000
mpc-hc64.exe,73104,0x0000000006963910,DXGI,0,512,0,21.04997250000000,0.08810000000000,0.21560000000000,1,Hardware: Independent Flip,2.29290000000000,23.00340000000000,5.48740000000000,20.71050000000000,2.21440000000000,0.07560000000000,0.00000000000000
mpc-hc64.exe,73104,0x0000000006963910,DXGI,0,512,0,21.09087870000000,0.24930000000000,40.90620000000001,1,Hardware: Independent Flip,2.51930000000000,17.68910000000000,35.59190000000000,15.16980000000000,-38.61330000000000,12.51860000000000,0.00000000000000
mpc-hc64.exe,73104,0x0000000006963910,DXGI,0,512,0,21.09122790000000,0.10890000000000,0.34920000000000,1,Hardware: Independent Flip,2.24370000000000,22.77170000000000,5.43180000000000,20.52800000000000,2.17010000000000,0.07090000000000,0.00000000000000
mpc-hc64.exe,73104,0x0000000006963910,DXGI,0,512,0,21.13355890000000,0.22710000000000,42.33100000000000,1,Hardware: Independent Flip,2.30520000000000,2.39680000000000,21.95610000000000,0.09160000000000,-40.08730000000000,12.86220000000000,0.00000000000000
mpc-hc64.exe,73104,0x0000000006963910,DXGI,0,512,0,21.13384640000000,0.09290000000000,0.28750000000000,1,Hardware: Independent Flip,2.09090000000000,23.24710000000000,21.13780000000000,21.15620000000000,2.01770000000000,0.07320000000000,0.00000000000000
mpc-hc64.exe,73104,0x0000000006963910,DXGI,0,512,0,21.17363670000000,0.22950000000000,39.79030000000000,1,Hardware: Independent Flip,1.43000000000000,10.43210000000000,26.97530000000000,9.00210000000000,-37.69940000000000,11.67600000000000,0.00000000000000
mpc-hc64.exe,73104,0x0000000006963910,DXGI,0,512,0,21.17394810000000,0.11240000000000,0.31140000000000,1,Hardware: Independent Flip,2.05850000000000,10.12070000000000,0.00000000000000,8.06220000000000,1.11860000000000,0.93990000000000,0.00000000000000
mpc-hc64.exe,73104,0x0000000006963910,DXGI,0,512,0,21.21618830000000,0.18690000000000,42.24020000000000,1,Hardware: Independent Flip,1.93480000000000,7.25020000000000,39.36970000000000,5.31540000000000,-40.18170000000000,12.37060000000000,0.00000000000000
mpc-hc64.exe,73104,0x0000000006963910,DXGI,0,512,0,21.21644120000000,0.08980000000000,0.25290000000000,1,Hardware: Independent Flip,1.76300000000000,22.77510000000000,15.77780000000000,21.01210000000000,1.68190000000000,0.08110000000000,0.00000000000000
mpc-hc64.exe,73104,0x0000000006963910,DXGI,0,512,0,21.25939320000000,0.15950000000000,42.95200000000001,1,Hardware: Independent Flip,1.51870000000000,16.25440000000000,36.43130000000000,14.73570000000000,-41.18900000000000,13.31380000000000,1.58570000000000
mpc-hc64.exe,73104,0x0000000006963910,DXGI,0,512,0,21.25960930000000,0.08630000000000,0.21610000000000,1,Hardware: Independent Flip,1.37970000000000,22.68910000000000,6.65080000000000,21.30940000000000,1.30260000000000,0.07710000000000,0.00000000000000
mpc-hc64.exe,73104,0x0000000006963910,DXGI,0,512,0,21.29885580000000,0.16590000000000,39.24650000000000,1,Hardware: Independent Flip,2.33010000000000,18.48090000000000,35.03830000000000,16.15080000000000,-37.86680000000000,13.17880000000000,1.06060000000000
mpc-hc64.exe,73104,0x0000000006963910,DXGI,0,512,0,21.29907920000000,0.13060000000000,0.22340000000000,1,Hardware: Independent Flip,2.19070000000000,22.24920000000000,3.99170000000000,20.05850000000000,2.10670000000000,0.08400000000000,0.00000000000000
mpc-hc64.exe,73104,0x0000000006963910,DXGI,0,512,0,21.34241240000000,0.15430000000000,43.33320000000001,1,Hardware: Independent Flip,1.48690000000000,14.98560000000000,36.06960000000000,13.49870000000000,-41.14250000000001,12.31350000000000,0.61290000000000
mpc-hc64.exe,73104,0x0000000006963910,DXGI,0,512,0,21.34262370000000,0.08470000000000,0.21130000000000,1,Hardware: Independent Flip,1.36130000000000,22.63200000000000,7.85770000000000,21.27070000000000,1.27560000000000,0.08570000000000,0.00000000000000
mpc-hc64.exe,73104,0x0000000006963910,DXGI,0,512,0,21.38210010000000,0.17940000000000,39.47640000000001,1,Hardware: Independent Flip,2.11250000000000,17.88290000000000,34.72730000000000,15.77040000000000,-38.11510000000001,13.09090000000000,4.23020000000000
mpc-hc64.exe,73104,0x0000000006963910,DXGI,0,512,0,21.38237180000000,0.13080000000000,0.27170000000000,1,Hardware: Independent Flip,1.91850000000000,21.99180000000000,4.38060000000000,20.07330000000000,1.84080000000000,0.07770000000000,0.00000000000000
mpc-hc64.exe,73104,0x0000000006963910,DXGI,0,512,0,21.42454510000000,0.16010000000000,42.17330000000000,1,Hardware: Independent Flip,2.70800000000000,15.91860000000000,36.10010000000000,13.21060000000000,-40.25480000000000,13.04540000000000,2.69470000000000
mpc-hc64.exe,73104,0x0000000006963910,DXGI,0,512,0,21.42491040000000,0.19560000000000,0.36530000000000,1,Hardware: Independent Flip,2.40840000000000,23.84260000000000,8.28930000000000,21.43420000000000,2.34270000000000,0.06280000000000,0.00000000000000
mpc-hc64.exe,73104,0x0000000006963910,DXGI,0,512,0,21.46638460000000,0.17000000000000,41.47420000000000,1,Hardware: Independent Flip,2.34430000000000,4.38600000000000,22.01760000000000,2.04170000000000,-39.06580000000000,12.95800000000000,4.57170000000000
mpc-hc64.exe,73104,0x0000000006963910,DXGI,0,512,0,21.46661530000000,0.10430000000000,0.23070000000000,1,Hardware: Independent Flip,2.19210000000000,22.85520000000000,18.69990000000000,20.66310000000000,2.11360000000000,0.07850000000000,0.00000000000000
mpc-hc64.exe,73104,0x0000000006963910,DXGI,0,512,0,21.50899240000000,0.16050000000000,42.37710000000000,1,Hardware: Independent Flip,1.49150000000000,16.02480000000000,35.54670000000000,14.53330000000000,-40.18500000000000,12.47880000000000,3.17300000000000
mpc-hc64.exe,73104,0x0000000006963910,DXGI,0,512,0,21.50920870000000,0.10560000000000,0.21630000000000,1,Hardware: Independent Flip,1.34980000000000,22.14330000000000,6.33480000000000,20.79350000000000,1.27520000000000,0.07460000000000,0.00000000000000
mpc-hc64.exe,73104,0x0000000006963910,DXGI,0,512,0,21.55077830000000,0.18390000000000,41.56960000000000,1,Hardware: Independent Flip,1.48180000000000,16.67620000000000,36.10250000000000,15.19440000000000,-40.21980000000000,13.21170000000000,0.96390000000000
mpc-hc64.exe,73104,0x0000000006963910,DXGI,0,512,0,21.55102670000000,0.09490000000000,0.24840000000000,1,Hardware: Independent Flip,1.30880000000000,22.11560000000000,5.68780000000000,20.80680000000000,1.23340000000000,0.07540000000000,0.00000000000000
mpc-hc64.exe,73104,0x0000000006963910,DXGI,0,512,0,21.59107900000000,0.26570000000000,40.05230000000000,1,Hardware: Independent Flip,2.45510000000000,17.77250000000000,35.70920000000000,15.31740000000000,-38.74350000000000,13.38480000000000,1.28350000000000
mpc-hc64.exe,73104,0x0000000006963910,DXGI,0,512,0,21.59141500000000,0.09860000000000,0.33600000000000,1,Hardware: Independent Flip,2.23300000000000,22.77290000000000,5.33640000000000,20.53990000000000,2.11910000000000,0.11390000000000,0.00000000000000
mpc-hc64.exe,73104,0x0000000006963910,DXGI,0,512,0,21.63415460000000,0.16100000000000,42.73960000000000,1,Hardware: Independent Flip,1.47120000000000,16.16450000000000,36.13120000000000,14.69330000000000,-40.50660000000000,12.31280000000000,4.28930000000000
mpc-hc64.exe,73104,0x0000000006963910,DXGI,0,512,0,21.63440190000000,0.10670000000000,0.24730000000000,1,Hardware: Independent Flip,1.30130000000000,22.24620000000000,6.32900000000000,20.94490000000000,1.22390000000000,0.07740000000000,0.59500000000000
mpc-hc64.exe,73104,0x0000000006963910,DXGI,0,512,0,21.67464730000000,0.15680000000000,40.24540000000000,1,Hardware: Independent Flip,2.56570000000000,18.05280000000000,36.05200000000000,15.48710000000000,-38.94410000000000,13.64500000000000,0.84050000000000
mpc-hc64.exe,73104,0x0000000006963910,DXGI,0,512,0,21.67486100000000,0.19370000000000,0.21370000000000,1,Hardware: Independent Flip,2.42910000000000,23.13930000000000,5.30020000000000,20.71020000000000,2.35200000000000,0.07450000000000,0.00000000000000
mpc-hc64.exe,73104,0x0000000006963910,DXGI,0,512,0,21.71619280000000,0.18730000000000,41.33180000000000,1,Hardware: Independent Flip,2.22780000000000,16.98250000000000,35.17500000000000,14.75470000000000,-38.90270000000000,12.70670000000000,2.37610000000000
mpc-hc64.exe,73104,0x0000000006963910,DXGI,0,512,0,21.71645710000000,0.09670000000000,0.26430000000000,1,Hardware: Independent Flip,2.08150000000000,22.58610000000000,5.86790000000000,20.50460000000000,1.96350000000000,0.11510000000000,0.00000000000000
mpc-hc64.exe,73104,0x0000000006963910,DXGI,0,512,0,21.75831220000000,0.16100000000000,41.85510000000000,1,Hardware: Independent Flip,2.30630000000000,16.85120000000000,36.12020000000000,14.54490000000000,-39.77360000000000,12.47520000000000,4.46600000000000
mpc-hc64.exe,73104,0x0000000006963910,DXGI,0,512,0,21.75853010000000,0.08140000000000,0.21790000000000,1,Hardware: Independent Flip,2.15780000000000,23.13730000000000,6.50400000000000,20.97950000000000,2.08840000000000,0.06670000000000,0.72930000000000
mpc-hc64.exe,73104,0x0000000006963910,DXGI,0,512,0,21.79969680000000,0.18710000000000,41.16670000000000,1,Hardware: Independent Flip,2.36700000000000,17.86730000000000,35.89670000000000,15.50030000000000,-39.00890000000000,13.05850000000000,1.90220000000000
mpc-hc64.exe,73104,0x0000000006963910,DXGI,0,512,0,21.79994700000000,0.09120000000000,0.25020000000000,1,Hardware: Independent Flip,2.20330000000000,22.84510000000000,5.22800000000000,20.64180000000000,2.11680000000000,0.08370000000000,0.00000000000000
mpc-hc64.exe,73104,0x0000000006963910,DXGI,0,512,0,21.84057420000000,0.19870000000000,40.62720000000000,1,Hardware: Independent Flip,2.29520000000000,17.25260000000000,35.03470000000000,14.95740000000000,-38.42390000000000,12.32990000000000,2.69340000000000
mpc-hc64.exe,73104,0x0000000006963910,DXGI,0,512,0,21.84083160000000,0.09120000000000,0.25740000000000,1,Hardware: Independent Flip,2.11700000000000,22.43490000000000,5.43970000000000,20.31790000000000,2.03780000000000,0.07640000000000,0.00000000000000
mpc-hc64.exe,73104,0x0000000006963910,DXGI,0,512,0,21.88276250000000,0.34170000000000,41.93090000000000,1,Hardware: Independent Flip,2.30600000000000,16.07010000000000,35.56610000000000,13.76410000000000,-39.81390000000000,12.37270000000000,4.96370000000000
mpc-hc64.exe,73104,0x0000000006963910,DXGI,0,512,0,21.88318330000000,0.10290000000000,0.42080000000000,1,Hardware: Independent Flip,1.99140000000000,22.99590000000000,7.34660000000000,21.00450000000000,1.88520000000000,0.10620000000000,1.38860000000000
mpc-hc64.exe,73104,0x0000000006963910,DXGI,0,512,0,21.92444490000000,0.19940000000000,41.26160000000000,1,Hardware: Independent Flip,2.29900000000000,17.30720000000000,35.57290000000000,15.00820000000000,-39.27020000000000,12.46990000000000,2.62850000000000
mpc-hc64.exe,73104,0x0000000006963910,DXGI,0,512,0,21.92470230000000,0.08680000000000,0.25740000000000,1,Hardware: Independent Flip,2.12060000000000,22.86360000000000,5.81380000000000,20.74300000000000,2.04160000000000,0.07630000000000,0.00000000000000
mpc-hc64.exe,73104,0x0000000006963910,DXGI,0,512,0,21.96625590000000,0.13710000000000,41.55360000000000,1,Hardware: Independent Flip,2.41180000000000,17.13990000000000,35.82990000000000,14.72810000000000,-39.43300000000000,12.58950000000000,12.45550000000000
mpc-hc64.exe,73104,0x0000000006963910,DXGI,0,512,0,21.96644770000000,0.08020000000000,0.19180000000000,1,Hardware: Independent Flip,2.29500000000000,23.17440000000000,6.22630000000000,20.87940000000000,2.22000000000000,0.07240000000000,0.00000000000000
mpc-hc64.exe,73104,0x0000000006963910,DXGI,0,512,0,22.01244570000000,0.15280000000000,45.99800000000000,1,Hardware: Independent Flip,1.47010000000000,1.47010000000000,24.29370000000000,0.00000000000000,-43.70300000000000,13.26360000000000,2.64470000000000
mpc-hc64.exe,73104,0x0000000006963910,DXGI,0,512,0,22.01265140000000,0.08250000000000,0.20570000000000,1,Hardware: Independent Flip,1.33490000000000,23.88020000000000,22.61580000000000,22.54530000000000,1.26440000000000,0.07050000000000,0.00000000000000
mpc-hc64.exe,73104,0x0000000006963910,DXGI,0,512,0,22.04963150000000,0.13850000000000,36.98010000000000,1,Hardware: Independent Flip,2.36770000000000,15.78010000000000,28.88000000000000,13.41240000000000,-35.64520000000000,13.21690000000000,3.81330000000000
mpc-hc64.exe,73104,0x0000000006963910,DXGI,0,512,0,22.04983060000000,0.13180000000000,0.19910000000000,1,Hardware: Independent Flip,2.23520000000000,21.18310000000000,5.60210000000000,18.94790000000000,2.16860000000000,0.06350000000000,0.00000000000000
mpc-hc64.exe,73104,0x0000000006963910,DXGI,0,512,0,22.09245980000000,0.16360000000000,42.62920000000000,1,Hardware: Independent Flip,1.57290000000000,1.57290000000000,23.01900000000000,0.00000000000000,-40.39400000000001,12.23930000000000,2.64290000000000
mpc-hc64.exe,73104,0x0000000006963910,DXGI,0,512,0,22.09267660000000,0.08260000000000,0.21680000000000,1,Hardware: Independent Flip,1.42730000000000,22.36860000000000,21.01250000000000,20.94130000000000,1.35610000000000,0.07120000000000,0.00000000000000
mpc-hc64.exe,73104,0x0000000006963910,DXGI,0,512,0,22.13327040000000,0.13750000000000,40.59380000000000,1,Hardware: Independent Flip,2.30100000000000,17.83620000000000,36.06140000000000,15.53520000000000,-39.16650000000000,13.17750000000000,3.44480000000000
mpc-hc64.exe,73104,0x0000000006963910,DXGI,0,512,0,22.13347710000000,0.08350000000000,0.20670000000000,1,Hardware: Independent Flip,2.16370000000000,22.84700000000000,5.21750000000000,20.68330000000000,2.09430000000000,0.06670000000000,0.00000000000000
mpc-hc64.exe,73104,0x0000000006963910,DXGI,0,512,0,22.17567060000000,0.17360000000000,42.19350000000000,1,Hardware: Independent Flip,1.53590000000000,16.68120000000000,36.02770000000000,15.14530000000000,-40.02980000000000,12.45200000000000,13.86800000000000
mpc-hc64.exe,73104,0x0000000006963910,DXGI,0,512,0,22.17589920000000,0.08450000000000,0.22860000000000,1,Hardware: Independent Flip,1.38530000000000,22.12380000000000,5.67120000000000,20.73850000000000,1.30730000000000,0.07800000000000,0.00000000000000
mpc-hc64.exe,73104,0x0000000006963910,DXGI,0,512,0,22.21606280000000,0.27320000000000,40.16360000000000,1,Hardware: Independent Flip,2.25390000000000,3.54280000000000,21.58260000000000,1.28890000000000,-38.77830000000000,13.29520000000000,2.24640000000000
mpc-hc64.exe,73104,0x0000000006963910,DXGI,0,512,0,22.21640570000000,0.12910000000000,0.34290000000000,1,Hardware: Independent Flip,1.98890000000000,22.46410000000000,19.26420000000000,20.47520000000000,1.91100000000000,0.07790000000000,0.00000000000000
mpc-hc64.exe,73104,0x0000000006963910,DXGI,0,512,0,22.25779170000000,0.26230000000000,41.38600000000000,1,Hardware: Independent Flip,2.23500000000000,16.20860000000000,35.13050000000000,13.97360000000000,-39.39710000000000,12.61630000000000,3.91970000000000
mpc-hc64.exe,73104,0x0000000006963910,DXGI,0,512,0,22.25812310000000,0.09600000000000,0.33140000000000,1,Hardware: Independent Flip,2.01160000000000,22.77150000000000,6.89430000000000,20.75990000000000,1.90360000000000,0.10800000000000,0.00000000000000
mpc-hc64.exe,73104,0x0000000006963910,DXGI,0,512,0,22.29942050000000,0.16680000000000,41.29740000000000,1,Hardware: Independent Flip,2.31240000000000,17.02420000000000,35.55010000000000,14.71180000000000,-39.28580000000000,12.39840000000000,1.62360000000000
mpc-hc64.exe,73104,0x0000000006963910,DXGI,0,512,0,22.29965070000000,0.08760000000000,0.23020000000000,1,Hardware: Independent Flip,2.14770000000000,22.89120000000000,6.09720000000000,20.74350000000000,2.08220000000000,0.06270000000000,0.00000000000000
mpc-hc64.exe,73104,0x0000000006963910,DXGI,0,512,0,22.34241950000000,0.17590000000000,42.76880000000000,1,Hardware: Independent Flip,1.84100000000000,2.64470000000000,22.52230000000000,0.80370000000000,-40.62110000000000,12.62690000000000,0.60710000000000
mpc-hc64.exe,73104,0x0000000006963910,DXGI,0,512,0,22.34265750000000,0.15830000000000,0.23800000000000,1,Hardware: Independent Flip,1.67840000000000,22.86820000000000,20.46150000000000,21.18980000000000,1.60300000000000,0.07540000000000,0.00000000000000
mpc-hc64.exe,73104,0x0000000006963910,DXGI,0,512,0,22.38263670000000,0.16820000000000,39.97920000000000,1,Hardware: Independent Flip,2.31530000000000,18.32450000000000,35.43550000000000,16.00920000000000,-38.30080000000000,13.03600000000000,4.82400000000000
mpc-hc64.exe,73104,0x0000000006963910,DXGI,0,512,0,22.38286830000000,0.09840000000000,0.23160000000000,1,Hardware: Independent Flip,2.17380000000000,22.43460000000000,4.34170000000000,20.26080000000000,2.08370000000000,0.08740000000000,0.00000000000000
mpc-hc64.exe,73104,0x0000000006963910,DXGI,0,512,0,22.42491860000000,0.17400000000000,42.05030000000000,1,Hardware: Independent Flip,2.38990000000000,16.50730000000000,36.12300000000000,14.11740000000000,-39.87650000000000,12.77050000000000,35.11210000000001
mpc-hc64.exe,73104,0x0000000006963910,DXGI,0,512,0,22.42522120000000,0.09850000000000,0.30260000000000,1,Hardware: Independent Flip,2.15960000000000,23.24870000000000,7.04400000000000,21.08910000000000,2.08730000000000,0.07230000000000,0.00000000000000
mpc-hc64.exe,73104,0x0000000006963910,DXGI,0,512,0,22.46545650000000,0.23300000000000,40.23530000000000,1,Hardware: Independent Flip,2.36040000000000,17.97720000000000,34.96380000000000,15.61680000000000,-38.07570000000000,12.38850000000000,3.65450000000000
mpc-hc64.exe,73104,0x0000000006963910,DXGI,0,512,0,22.46578060000000,0.12650000000000,0.32410000000000,1,Hardware: Independent Flip,2.11210000000000,22.28960000000000,4.63650000000000,20.17750000000000,2.03630000000000,0.07580000000000,0.00000000000000
mpc-hc64.exe,73104,0x0000000006963910,DXGI,0,512,0,22.50926310000000,0.16610000000000,43.48250000000000,1,Hardware: Independent Flip,1.48480000000000,15.03060000000000,36.22350000000000,13.54580000000000,-41.37040000000000,12.59040000000000,7.46180000000000
mpc-hc64.exe,73104,0x0000000006963910,DXGI,0,512,0,22.50948560000000,0.11350000000000,0.22250000000000,1,Hardware: Independent Flip,1.34170000000000,22.72290000000000,7.91480000000000,21.38120000000000,1.26230000000000,0.07940000000000,0.00000000000000
mpc-hc64.exe,73104,0x0000000006963910,DXGI,0,512,0,22.55118250000000,0.14900000000000,41.69690000000000,1,Hardware: Independent Flip,1.53220000000000,10.60580000000000,29.57980000000000,9.07360000000000,-40.35520000000000,13.86520000000000,17.28130000000000
mpc-hc64.exe,73104,0x0000000006963910,DXGI,0,512,0,22.55138540000000,0.08320000000000,0.20290000000000,1,Hardware: Independent Flip,1.40540000000000,22.30560000000000,11.90270000000000,20.90020000000000,1.32930000000000,0.07610000000000,0.00000000000000
mpc-hc64.exe,73104,0x0000000006963910,DXGI,0,512,0,22.59207220000000,0.14940000000000,40.68680000000001,1,Hardware: Independent Flip,2.31470000000000,17.92990000000000,36.31110000000000,15.61520000000000,-39.28140000000000,13.66010000000000,2.26850000000000
mpc-hc64.exe,73104,0x0000000006963910,DXGI,0,512,0,22.59227640000000,0.08200000000000,0.20420000000000,1,Hardware: Independent Flip,2.17450000000000,22.91720000000000,5.19150000000000,20.74270000000000,2.11050000000000,0.06140000000000,0.00000000000000
mpc-hc64.exe,73104,0x0000000006963910,DXGI,0,512,0,22.63208780000000,0.15270000000000,39.81140000000000,1,Hardware: Independent Flip,2.35220000000000,18.02000000000000,34.91420000000000,15.66780000000000,-37.63690000000000,12.56120000000000,0.00000000000000
mpc-hc64.exe,73104,0x0000000006963910,DXGI,0,512,0,22.63229730000000,0.09430000000000,0.20950000000000,1,Hardware: Independent Flip,2.22050000000000,22.17360000000000,4.36310000000000,19.95310000000000,2.14270000000000,0.07510000000000,0.00000000000000
mpc-hc64.exe,73104,0x0000000006963910,DXGI,0,512,0,22.67413920000000,0.22270000000000,41.84190000000000,1,Hardware: Independent Flip,1.91500000000000,15.19040000000000,34.85870000000000,13.27540000000000,-39.62140000000000,12.27480000000000,0.00000000000000
mpc-hc64.exe,73104,0x0000000006963910,DXGI,0,512,0,22.67444240000000,0.11560000000000,0.30320000000000,1,Hardware: Independent Flip,1.69280000000000,22.41580000000000,7.52860000000000,20.72300000000000,1.61180000000000,0.08100000000000,0.00000000000000
mpc-hc64.exe,73104,0x0000000006963910,DXGI,0,512,1,22.71747390000000,0.17230000000000,43.03150000000000,0,Composed: Flip,1.60330000000000,0.00000000000000,0.00000000000000,0.00000000000000,1.52290000000000,0.08040000000000,0.00000000000000
mpc-hc64.exe,73104,0x0000000006963910,DXGI,0,512,1,22.75907900000000,0.11410000000000,41.60510000000000,0,Composed: Flip,1.28390000000000,0.00000000000000,0.00000000000000,0.00000000000000,1.19700000000000,0.08690000000000,0.00000000000000
mpc-hc64.exe,73104,0x0000000006963910,DXGI,0,512,1,22.79964620000000,0.14430000000000,40.56720000000000,0,Composed: Flip,1.61270000000000,0.00000000000000,0.00000000000000,0.00000000000000,1.52690000000000,0.08580000000000,0.00000000000000
mpc-hc64.exe,73104,0x0000000006963910,DXGI,0,512,1,22.84266480000000,0.10910000000000,43.01860000000000,0,Composed: Flip,1.66340000000000,0.00000000000000,0.00000000000000,0.00000000000000,0.99390000000000,0.66950000000000,0.00000000000000
mpc-hc64.exe,73104,0x0000000006963910,DXGI,0,512,1,22.88567000000000,0.07860000000000,43.00520000000000,0,Composed: Flip,1.35100000000000,0.00000000000000,0.00000000000000,0.00000000000000,1.27010000000000,0.08090000000000,0.00000000000000
mpc-hc64.exe,73104,0x0000000006963910,DXGI,0,512,1,22.92416210000000,0.09470000000000,38.49210000000000,0,Composed: Flip,1.77790000000000,0.00000000000000,0.00000000000000,0.00000000000000,1.69100000000000,0.08690000000000,0.00000000000000
mpc-hc64.exe,73104,0x0000000006963910,DXGI,0,512,1,22.96636760000000,0.13510000000000,42.20550000000000,0,Composed: Flip,1.70230000000000,0.00000000000000,0.00000000000000,0.00000000000000,1.61740000000000,0.08490000000000,0.53770000000000
mpc-hc64.exe,73104,0x0000000006963910,DXGI,0,512,1,23.00887610000000,0.22290000000000,42.50850000000001,0,Composed: Flip,1.73780000000000,0.00000000000000,0.00000000000000,0.00000000000000,1.66480000000000,0.07300000000000,0.00000000000000
mpc-hc64.exe,73104,0x0000000006963910,DXGI,0,512,1,23.05203610000000,0.20870000000000,43.16000000000000,0,Composed: Flip,0.21880000000000,0.00000000000000,0.00000000000000,0.00000000000000,0.04000000000000,0.13690000000000,0.00000000000000
mpc-hc64.exe,73104,0x0000000006963910,DXGI,0,512,1,23.09276830000000,0.08760000000000,40.73220000000000,0,Composed: Flip,1.93150000000000,0.00000000000000,0.00000000000000,0.00000000000000,1.85070000000000,0.08080000000000,0.00000000000000
mpc-hc64.exe,73104,0x0000000006963910,DXGI,0,512,1,23.13406640000000,0.10170000000000,41.29810000000001,0,Composed: Flip,1.66150000000000,0.00000000000000,0.00000000000000,0.00000000000000,1.58510000000000,0.07640000000000,0.00000000000000
mpc-hc64.exe,73104,0x0000000006963910,DXGI,0,512,1,23.17489330000000,0.10880000000000,40.82690000000000,0,Composed: Flip,0.93140000000000,0.00000000000000,0.00000000000000,0.00000000000000,0.84680000000000,0.08460000000000,0.00000000000000
mpc-hc64.exe,73104,0x0000000006963910,DXGI,0,512,1,23.21740230000000,0.07540000000000,42.50900000000000,0,Composed: Flip,1.85060000000000,0.00000000000000,0.00000000000000,0.00000000000000,1.76430000000000,0.08630000000000,0.00000000000000
mpc-hc64.exe,73104,0x0000000006963910,DXGI,0,512,1,23.25935260000000,0.08160000000000,41.95030000000000,0,Composed: Flip,1.33000000000000,0.00000000000000,0.00000000000000,0.00000000000000,1.24220000000000,0.08780000000000,0.00000000000000
mpc-hc64.exe,73104,0x0000000006963910,DXGI,0,512,1,22.71719590000000,0.19230000000000,0.00000000000000,0,Composed: Flip,1.80090000000000,0.00000000000000,0.00000000000000,0.00000000000000,-41.06070000000000,13.73430000000000,3.39570000000000
mpc-hc64.exe,73104,0x0000000006963910,DXGI,0,512,1,22.75874440000000,0.24700000000000,41.54850000000000,0,Composed: Flip,1.53160000000000,0.00000000000000,0.00000000000000,0.00000000000000,-39.66720000000000,12.86640000000000,0.93680000000000
mpc-hc64.exe,73104,0x0000000006963910,DXGI,0,512,1,22.79932920000000,0.20180000000000,40.58480000000000,0,Composed: Flip,1.84390000000000,0.00000000000000,0.00000000000000,0.00000000000000,-38.96630000000000,13.33410000000000,1.51280000000000
mpc-hc64.exe,73104,0x0000000006963910,DXGI,0,512,1,22.84223460000000,0.35840000000000,42.90540000000000,0,Composed: Flip,1.42410000000000,0.00000000000000,0.00000000000000,0.00000000000000,-40.97570000000000,12.80510000000000,0.43330000000000
mpc-hc64.exe,73104,0x0000000006963910,DXGI,0,512,1,22.88548570000000,0.12940000000000,43.25110000000000,0,Composed: Flip,1.45440000000000,0.00000000000000,0.00000000000000,0.00000000000000,-41.15750000000000,13.81650000000000,3.67020000000000
mpc-hc64.exe,73104,0x0000000006963910,DXGI,0,512,1,22.92391970000000,0.18450000000000,38.43400000000000,0,Composed: Flip,1.93340000000000,0.00000000000000,0.00000000000000,0.00000000000000,-36.89870000000001,13.00750000000000,2.12000000000000
mpc-hc64.exe,73104,0x0000000006963910,DXGI,0,512,1,22.96600910000000,0.23740000000000,42.08940000000000,0,Composed: Flip,1.97590000000000,0.00000000000000,0.00000000000000,0.00000000000000,-40.06910000000000,12.65750000000000,4.20610000000000
mpc-hc64.exe,73104,0x0000000006963910,DXGI,0,512,1,23.00839420000000,0.37980000000000,42.38510000000000,0,Composed: Flip,2.14670000000000,0.00000000000000,0.00000000000000,0.00000000000000,-40.32430000000000,13.41480000000000,2.45590000000000
mpc-hc64.exe,73104,0x0000000006963910,DXGI,0,512,1,23.05062220000000,1.30330000000000,42.22800000000000,0,Composed: Flip,1.45390000000000,0.00000000000000,0.00000000000000,0.00000000000000,-40.00830000000000,13.04520000000000,0.79210000000000
mpc-hc64.exe,73104,0x0000000006963910,DXGI,0,512,1,23.09254090000000,0.17010000000000,41.91870000000000,0,Composed: Flip,2.07810000000000,0.00000000000000,0.00000000000000,0.00000000000000,-40.02580000000000,14.73050000000000,2.70920000000000
mpc-hc64.exe,73104,0x0000000006963910,DXGI,0,512,1,23.13379370000000,0.19230000000000,41.25280000000000,0,Composed: Flip,1.85780000000000,0.00000000000000,0.00000000000000,0.00000000000000,-39.09390000000000,12.93550000000000,27.96900000000000
mpc-hc64.exe,73104,0x0000000006963910,DXGI,0,512,1,23.17406680000000,0.73310000000000,40.27310000000000,0,Composed: Flip,1.67330000000000,0.00000000000000,0.00000000000000,0.00000000000000,-38.33890000000000,13.08710000000000,0.26420000000000
mpc-hc64.exe,73104,0x0000000006963910,DXGI,0,512,1,23.21721990000000,0.12770000000000,43.15310000000000,0,Composed: Flip,1.94670000000000,0.00000000000000,0.00000000000000,0.00000000000000,-41.39520000000000,13.79520000000000,7.40710000000000
mpc-hc64.exe,73104,0x0000000006963910,DXGI,0,512,1,23.25913690000000,0.16090000000000,41.91700000000000,0,Composed: Flip,1.45790000000000,0.00000000000000,0.00000000000000,0.00000000000000,-39.88400000000000,12.60510000000000,13.25290000000000
mpc-hc64.exe,73104,0x0000000006963910,DXGI,0,512,1,23.29971880000000,0.13260000000000,40.58190000000000,0,Composed: Flip,2.11590000000000,0.00000000000000,0.00000000000000,0.00000000000000,-39.03620000000000,12.85970000000000,0.00000000000000
mpc-hc64.exe,73104,0x0000000006963910,DXGI,0,512,0,23.29990580000000,0.08250000000000,0.18700000000000,1,Hardware: Independent Flip,2.01670000000000,19.44030000000000,622.48790000000008,13.99570000000000,1.92890000000000,0.08780000000000,0.00000000000000
mpc-hc64.exe,73104,0x0000000006963910,DXGI,0,512,1,23.34239380000000,0.08910000000000,42.48800000000000,0,Composed: Flip,1.69680000000000,0.00000000000000,0.00000000000000,0.00000000000000,1.61310000000000,0.08370000000000,0.00000000000000
mpc-hc64.exe,73104,0x0000000006963910,DXGI,0,512,1,23.34209390000000,0.23690000000000,0.00000000000000,0,Composed: Flip,1.91300000000000,0.00000000000000,0.00000000000000,0.00000000000000,-40.17140000000000,12.23130000000000,4.22360000000000
mpc-hc64.exe,73104,0x0000000006963910,DXGI,0,512,1,23.38294740000000,0.26880000000000,40.85350000000000,0,Composed: Flip,2.00300000000000,0.00000000000000,0.00000000000000,0.00000000000000,-38.85680000000000,12.41280000000000,0.00000000000000
mpc-hc64.exe,73104,0x0000000006963910,DXGI,0,512,0,23.38331320000000,0.18020000000000,0.36580000000000,1,Hardware: Independent Flip,1.72450000000000,19.43120000000000,83.39830000000001,15.30320000000000,1.63720000000000,0.08730000000000,0.00000000000000
mpc-hc64.exe,73104,0x0000000006963910,DXGI,0,512,1,23.42552560000000,0.08970000000000,42.21240000000000,0,Composed: Flip,1.74670000000000,0.00000000000000,0.00000000000000,0.00000000000000,1.66090000000000,0.08580000000000,0.00000000000000
mpc-hc64.exe,73104,0x0000000006963910,DXGI,0,512,1,23.42522910000000,0.22610000000000,0.00000000000000,0,Composed: Flip,1.95740000000000,0.00000000000000,0.00000000000000,0.00000000000000,-40.19140000000000,13.14960000000000,19.34990000000000
mpc-hc64.exe,73104,0x0000000006963910,DXGI,0,512,1,23.46680160000000,0.30930000000000,41.57250000000001,0,Composed: Flip,2.03990000000000,0.00000000000000,0.00000000000000,0.00000000000000,-39.52930000000000,12.58050000000000,0.00000000000000
mpc-hc64.exe,73104,0x0000000006963910,DXGI,0,512,0,23.46721000000000,0.10940000000000,0.40840000000000,1,Hardware: Independent Flip,1.74500000000000,30.02420000000000,94.48980000000000,18.13600000000000,1.63150000000000,0.11350000000000,0.00000000000000
mpc-hc64.exe,73104,0x0000000006963910,DXGI,0,512,1,23.50894450000000,0.09320000000000,41.73450000000000,0,Composed: Flip,1.24830000000000,0.00000000000000,0.00000000000000,0.00000000000000,1.16180000000000,0.08650000000000,0.00000000000000
mpc-hc64.exe,73104,0x0000000006963910,DXGI,0,512,1,23.55114160000000,0.12540000000000,42.19710000000000,0,Composed: Flip,1.15640000000000,0.00000000000000,0.00000000000000,0.00000000000000,1.07000000000000,0.08640000000000,0.00000000000000
mpc-hc64.exe,73104,0x0000000006963910,DXGI,0,512,1,23.59230200000000,0.08020000000000,41.16040000000000,0,Composed: Flip,1.98190000000000,0.00000000000000,0.00000000000000,0.00000000000000,1.25070000000000,0.73120000000000,0.00000000000000
mpc-hc64.exe,73104,0x0000000006963910,DXGI,0,512,1,23.63313990000000,0.08840000000000,40.83790000000000,0,Composed: Flip,1.52120000000000,0.00000000000000,0.00000000000000,0.00000000000000,1.41360000000000,0.10760000000000,0.00000000000000
mpc-hc64.exe,73104,0x0000000006963910,DXGI,0,512,1,23.67510710000000,0.08900000000000,41.96720000000001,0,Composed: Flip,2.49430000000000,0.00000000000000,0.00000000000000,0.00000000000000,1.70010000000000,0.79110000000000,0.00000000000000
mpc-hc64.exe,73104,0x0000000006963910,DXGI,0,512,1,23.71830440000000,0.10830000000000,43.19730000000001,0,Composed: Flip,1.84170000000000,0.00000000000000,0.00000000000000,0.00000000000000,1.75590000000000,0.08580000000000,0.00000000000000
mpc-hc64.exe,73104,0x0000000006963910,DXGI,0,512,1,23.76057430000000,0.13030000000000,42.26990000000000,0,Composed: Flip,1.72770000000000,0.00000000000000,0.00000000000000,0.00000000000000,1.64300000000000,0.08470000000000,0.00000000000000
mpc-hc64.exe,73104,0x0000000006963910,DXGI,0,512,1,23.80184520000000,0.11820000000000,41.27090000000000,0,Composed: Flip,1.98250000000000,0.00000000000000,0.00000000000000,0.00000000000000,1.89520000000000,0.08730000000000,0.00000000000000
mpc-hc64.exe,73104,0x0000000006963910,DXGI,0,512,1,23.84381160000000,0.08990000000000,41.96640000000000,0,Composed: Flip,1.88460000000000,0.00000000000000,0.00000000000000,0.00000000000000,1.79640000000000,0.08820000000000,0.00000000000000
mpc-hc64.exe,73104,0x0000000006963910,DXGI,0,512,1,23.88509160000000,0.23860000000000,41.28000000000000,0,Composed: Flip,1.98240000000000,0.00000000000000,0.00000000000000,0.00000000000000,1.89880000000000,0.08360000000000,0.00000000000000
mpc-hc64.exe,73104,0x0000000006963910,DXGI,0,512,1,23.92532220000000,0.12710000000000,40.23060000000000,0,Composed: Flip,2.06180000000000,0.00000000000000,0.00000000000000,0.00000000000000,1.41750000000000,0.63030000000000,0.00000000000000
mpc-hc64.exe,73104,0x0000000006963910,DXGI,0,512,1,23.96640310000000,0.82220000000000,41.08090000000000,0,Composed: Flip,1.44630000000000,0.00000000000000,0.00000000000000,0.00000000000000,1.36450000000000,0.08180000000000,0.57060000000000
mpc-hc64.exe,73104,0x0000000006963910,DXGI,0,512,1,24.00887900000000,0.08100000000000,42.47590000000000,0,Composed: Flip,1.74120000000000,0.00000000000000,0.00000000000000,0.00000000000000,1.14530000000000,0.59590000000000,0.00000000000000
mpc-hc64.exe,73104,0x0000000006963910,DXGI,0,512,1,24.04959330000000,0.09150000000000,40.71430000000000,0,Composed: Flip,1.26500000000000,0.00000000000000,0.00000000000000,0.00000000000000,1.19550000000000,0.06950000000000,0.00000000000000
mpc-hc64.exe,73104,0x0000000006963910,DXGI,0,512,1,24.09173400000000,0.07940000000000,42.14070000000000,0,Composed: Flip,1.82640000000000,0.00000000000000,0.00000000000000,0.00000000000000,1.21140000000000,0.61500000000000,0.00000000000000
mpc-hc64.exe,73104,0x0000000006963910,DXGI,0,512,1,24.13325670000000,0.09880000000000,41.52270000000000,0,Composed: Flip,1.91370000000000,0.00000000000000,0.00000000000000,0.00000000000000,1.83780000000000,0.07590000000000,0.00000000000000
mpc-hc64.exe,73104,0x0000000006963910,DXGI,0,512,1,24.17380460000000,0.16030000000000,40.54790000000000,0,Composed: Flip,1.40950000000000,0.00000000000000,0.00000000000000,0.00000000000000,1.14800000000000,0.26150000000000,0.00000000000000
mpc-hc64.exe,73104,0x0000000006963910,DXGI,0,512,1,24.21614960000000,0.08100000000000,42.34500000000000,0,Composed: Flip,1.45370000000000,0.00000000000000,0.00000000000000,0.00000000000000,1.37150000000000,0.08220000000000,0.00000000000000
mpc-hc64.exe,73104,0x0000000006963910,DXGI,0,512,1,24.25818240000000,0.11600000000000,42.03280000000000,0,Composed: Flip,1.91610000000000,0.00000000000000,0.00000000000000,0.00000000000000,1.30040000000000,0.61570000000000,0.38250000000000
mpc-hc64.exe,73104,0x0000000006963910,DXGI,0,512,1,24.29926870000000,0.11880000000000,41.08630000000000,0,Composed: Flip,1.48380000000000,0.00000000000000,0.00000000000000,0.00000000000000,1.40030000000000,0.08350000000000,0.00000000000000
mpc-hc64.exe,73104,0x0000000006963910,DXGI,0,512,1,24.34140360000000,0.08880000000000,42.13490000000000,0,Composed: Flip,1.48230000000000,0.00000000000000,0.00000000000000,0.00000000000000,1.39970000000000,0.08260000000000,0.00000000000000
mpc-hc64.exe,73104,0x0000000006963910,DXGI,0,512,1,24.38209220000000,0.12010000000000,40.68860000000000,0,Composed: Flip,1.33540000000000,0.00000000000000,0.00000000000000,0.00000000000000,1.06490000000000,0.27050000000000,0.00000000000000
mpc-hc64.exe,73104,0x0000000006963910,DXGI,0,512,1,24.42367170000000,0.12390000000000,41.57950000000000,0,Composed: Flip,1.39520000000000,0.00000000000000,0.00000000000000,0.00000000000000,1.31370000000000,0.08150000000000,0.00000000000000
mpc-hc64.exe,73104,0x0000000006963910,DXGI,0,512,1,24.46628090000000,0.17990000000000,42.60920000000000,0,Composed: Flip,1.20610000000000,0.00000000000000,0.00000000000000,0.00000000000000,1.12390000000000,0.08220000000000,0.00000000000000
mpc-hc64.exe,73104,0x0000000006963910,DXGI,0,512,1,24.50879750000000,0.08570000000000,42.51660000000000,0,Composed: Flip,1.24280000000000,0.00000000000000,0.00000000000000,0.00000000000000,1.17460000000000,0.06820000000000,0.00000000000000
mpc-hc64.exe,73104,0x0000000006963910,DXGI,0,512,1,24.54969650000000,0.07710000000000,40.89900000000000,0,Composed: Flip,1.46870000000000,0.00000000000000,0.00000000000000,0.00000000000000,1.38640000000000,0.08230000000000,0.00000000000000
mpc-hc64.exe,73104,0x0000000006963910,DXGI,0,512,1,24.59147230000000,0.09190000000000,41.77580000000000,0,Composed: Flip,1.68720000000000,0.00000000000000,0.00000000000000,0.00000000000000,1.60760000000000,0.07960000000000,0.00000000000000
mpc-hc64.exe,73104,0x0000000006963910,DXGI,0,512,1,24.63325550000000,0.10550000000000,41.78320000000000,0,Composed: Flip,1.53490000000000,0.00000000000000,0.00000000000000,0.00000000000000,1.46470000000000,0.07020000000000,0.00000000000000
mpc-hc64.exe,73104,0x0000000006963910,DXGI,0,512,1,24.67507450000000,0.18350000000000,41.81900000000000,0,Composed: Flip,1.79660000000000,0.00000000000000,0.00000000000000,0.00000000000000,1.71740000000000,0.07920000000000,0.00000000000000
mpc-hc64.exe,73104,0x0000000006963910,DXGI,0,512,1,24.71558610000000,0.09990000000000,40.51160000000000,0,Composed: Flip,1.29570000000000,0.00000000000000,0.00000000000000,0.00000000000000,1.21500000000000,0.08070000000000,0.00000000000000
mpc-hc64.exe,73104,0x0000000006963910,DXGI,0,512,1,24.75854110000000,0.07990000000000,42.95500000000001,0,Composed: Flip,1.75330000000000,0.00000000000000,0.00000000000000,0.00000000000000,1.66880000000000,0.08450000000000,0.00000000000000
mpc-hc64.exe,73104,0x0000000006963910,DXGI,0,512,1,23.50864140000000,0.23790000000000,0.00000000000000,0,Composed: Flip,1.46490000000000,0.00000000000000,0.00000000000000,0.00000000000000,-39.68640000000000,12.35360000000000,6.78690000000000
mpc-hc64.exe,73104,0x0000000006963910,DXGI,0,512,1,23.55032520000000,0.72830000000000,41.68380000000001,0,Composed: Flip,1.88640000000000,0.00000000000000,0.00000000000000,0.00000000000000,-40.13240000000000,13.36890000000000,0.51410000000000
mpc-hc64.exe,73104,0x0000000006963910,DXGI,0,512,1,23.59209620000000,0.15080000000000,41.77100000000000,0,Composed: Flip,1.45650000000000,0.00000000000000,0.00000000000000,0.00000000000000,-39.79820000000000,12.86090000000000,6.27220000000000
mpc-hc64.exe,73104,0x0000000006963910,DXGI,0,512,1,23.63289650000000,0.16220000000000,40.80030000000000,0,Composed: Flip,1.65700000000000,0.00000000000000,0.00000000000000,0.00000000000000,-38.61260000000000,12.24770000000000,3.07860000000000
mpc-hc64.exe,73104,0x0000000006963910,DXGI,0,512,1,23.67485380000000,0.19050000000000,41.95730000000000,0,Composed: Flip,1.95340000000000,0.00000000000000,0.00000000000000,0.00000000000000,-40.19270000000000,13.39440000000000,5.02860000000000
mpc-hc64.exe,73104,0x0000000006963910,DXGI,0,512,1,23.71793980000000,0.26820000000000,43.08600000000000,0,Composed: Flip,2.12050000000000,0.00000000000000,0.00000000000000,0.00000000000000,-12.07130000000000,14.00650000000000,4.12950000000000
mpc-hc64.exe,73104,0x0000000006963910,DXGI,0,512,1,23.76015850000000,0.25240000000000,42.21870000000001,0,Composed: Flip,2.05880000000000,0.00000000000000,0.00000000000000,0.00000000000000,-40.01240000000000,14.15360000000000,2.35320000000000
mpc-hc64.exe,73104,0x0000000006963910,DXGI,0,512,1,23.80162480000000,0.14420000000000,41.46630000000000,0,Composed: Flip,2.11560000000000,0.00000000000000,0.00000000000000,0.00000000000000,-39.32280000000000,14.79610000000000,3.81720000000000
mpc-hc64.exe,73104,0x0000000006963910,DXGI,0,512,1,23.84353980000000,0.20270000000000,41.91500000000000,0,Composed: Flip,2.06820000000000,0.00000000000000,0.00000000000000,0.00000000000000,-39.71210000000000,14.26320000000000,5.70950000000000
mpc-hc64.exe,73104,0x0000000006963910,DXGI,0,512,1,23.88490450000000,0.13110000000000,41.36470000000000,0,Composed: Flip,2.08590000000000,0.00000000000000,0.00000000000000,0.00000000000000,-39.20830000000000,14.47340000000000,7.08550000000000
mpc-hc64.exe,73104,0x0000000006963910,DXGI,0,512,1,23.92489360000000,0.33190000000000,39.98910000000000,0,Composed: Flip,1.84610000000000,0.00000000000000,0.00000000000000,0.00000000000000,-37.81960000000000,12.78740000000000,3.08460000000000
mpc-hc64.exe,73104,0x0000000006963910,DXGI,0,512,1,23.96605150000000,0.25030000000000,41.15790000000001,0,Composed: Flip,1.71610000000000,0.00000000000000,0.00000000000000,0.00000000000000,-10.28360000000000,11.79460000000000,4.23510000000000
mpc-hc64.exe,73104,0x0000000006963910,DXGI,0,512,1,24.00860840000000,0.20640000000000,42.55690000000000,0,Composed: Flip,1.41590000000000,0.00000000000000,0.00000000000000,0.00000000000000,-40.75900000000000,12.56840000000000,2.78890000000000
mpc-hc64.exe,73104,0x0000000006963910,DXGI,0,512,1,24.04930010000000,0.22810000000000,40.69170000000000,0,Composed: Flip,1.48870000000000,0.00000000000000,0.00000000000000,0.00000000000000,-38.67990000000000,11.86850000000000,3.49480000000000
mpc-hc64.exe,73104,0x0000000006963910,DXGI,0,512,1,24.09153120000000,0.14740000000000,42.23110000000000,0,Composed: Flip,1.41420000000000,0.00000000000000,0.00000000000000,0.00000000000000,-40.67290000000000,11.98720000000000,1.68430000000000
mpc-hc64.exe,73104,0x0000000006963910,DXGI,0,512,1,24.13306280000000,0.13930000000000,41.53160000000000,0,Composed: Flip,2.03170000000000,0.00000000000000,0.00000000000000,0.00000000000000,-39.50240000000000,11.82710000000000,3.22460000000000
mpc-hc64.exe,73104,0x0000000006963910,DXGI,0,512,1,24.17345850000000,0.26840000000000,40.39570000000001,0,Composed: Flip,1.49410000000000,0.00000000000000,0.00000000000000,0.00000000000000,-38.28810000000000,11.40530000000000,3.65460000000000
mpc-hc64.exe,73104,0x0000000006963910,DXGI,0,512,1,24.21592440000000,0.16940000000000,42.46590000000000,0,Composed: Flip,1.59670000000000,0.00000000000000,0.00000000000000,0.00000000000000,-40.71030000000000,11.96270000000000,2.09430000000000
mpc-hc64.exe,73104,0x0000000006963910,DXGI,0,512,1,24.25787740000000,0.17180000000000,41.95300000000000,0,Composed: Flip,1.60540000000000,0.00000000000000,0.00000000000000,0.00000000000000,-40.27410000000000,11.76570000000000,4.00560000000000
mpc-hc64.exe,73104,0x0000000006963910,DXGI,0,512,1,24.29899560000000,0.20370000000000,41.11820000000000,0,Composed: Flip,1.67340000000000,0.00000000000000,0.00000000000000,0.00000000000000,-38.89710000000000,11.82140000000000,1.17940000000000
mpc-hc64.exe,73104,0x0000000006963910,DXGI,0,512,1,24.34120530000000,0.14290000000000,42.20970000000001,0,Composed: Flip,1.59800000000000,0.00000000000000,0.00000000000000,0.00000000000000,-40.45280000000000,12.12050000000000,3.33250000000000
mpc-hc64.exe,73104,0x0000000006963910,DXGI,0,512,1,24.38171740000000,0.25860000000000,40.51210000000000,0,Composed: Flip,1.43970000000000,0.00000000000000,0.00000000000000,0.00000000000000,-38.83150000000000,11.66620000000000,3.89110000000000
mpc-hc64.exe,73104,0x0000000006963910,DXGI,0,512,1,24.42337170000000,0.15940000000000,41.65430000000000,0,Composed: Flip,1.61370000000000,0.00000000000000,0.00000000000000,0.00000000000000,-39.94410000000000,12.31960000000000,1.55560000000000
mpc-hc64.exe,73104,0x0000000006963910,DXGI,0,512,1,24.46591860000000,0.24900000000000,42.54690000000000,0,Composed: Flip,1.48620000000000,0.00000000000000,0.00000000000000,0.00000000000000,-40.85170000000000,11.96270000000000,4.06410000000000
mpc-hc64.exe,73104,0x0000000006963910,DXGI,0,512,1,24.50856880000000,0.16970000000000,42.65020000000001,0,Composed: Flip,1.40330000000000,0.00000000000000,0.00000000000000,0.00000000000000,-41.08180000000000,12.33560000000000,2.75080000000000
mpc-hc64.exe,73104,0x0000000006963910,DXGI,0,512,1,24.54946990000000,0.14730000000000,40.90110000000000,0,Composed: Flip,1.61300000000000,0.00000000000000,0.00000000000000,0.00000000000000,-39.42960000000000,12.18250000000000,3.59230000000000
mpc-hc64.exe,73104,0x0000000006963910,DXGI,0,512,1,24.59123470000000,0.17410000000000,41.76480000000000,0,Composed: Flip,1.84520000000000,0.00000000000000,0.00000000000000,0.00000000000000,-40.06950000000001,11.90890000000000,0.00000000000000
mpc-hc64.exe,73104,0x0000000006963910,DXGI,0,512,1,24.63303780000000,0.15480000000000,41.80310000000000,0,Composed: Flip,1.68240000000000,0.00000000000000,0.00000000000000,0.00000000000000,-39.87830000000000,11.44530000000000,3.17090000000000
mpc-hc64.exe,73104,0x0000000006963910,DXGI,0,512,1,24.67479940000000,0.19090000000000,41.76160000000000,0,Composed: Flip,1.99250000000000,0.00000000000000,0.00000000000000,0.00000000000000,-40.00900000000000,12.49520000000000,1.00060000000000
mpc-hc64.exe,73104,0x0000000006963910,DXGI,0,512,1,24.71517990000000,0.31790000000000,40.38050000000000,0,Composed: Flip,1.62120000000000,0.00000000000000,0.00000000000000,0.00000000000000,-38.30880000000001,11.75030000000000,1.35860000000000
mpc-hc64.exe,73104,0x0000000006963910,DXGI,0,512,1,24.75833290000000,0.15230000000000,43.15300000000000,0,Composed: Flip,1.87700000000000,0.00000000000000,0.00000000000000,0.00000000000000,-41.45110000000000,12.84710000000000,12.52990000000000
mpc-hc64.exe,73104,0x0000000006963910,DXGI,0,512,1,24.79890230000000,0.14570000000000,40.56940000000000,0,Composed: Flip,1.91470000000000,0.00000000000000,0.00000000000000,0.00000000000000,-38.60790000000000,11.51770000000000,0.00000000000000
mpc-hc64.exe,73104,0x0000000006963910,DXGI,0,512,0,24.79910550000000,0.08780000000000,0.20320000000000,1,Hardware: Independent Flip,1.79520000000000,20.28650000000000,1322.15779999999995,13.69310000000000,1.71150000000000,0.08370000000000,0.00000000000000
mpc-hc64.exe,73104,0x0000000006963910,DXGI,0,512,0,24.84167870000000,0.30350000000000,42.57320000000000,1,Hardware: Independent Flip,1.95380000000000,18.48370000000000,40.77040000000000,16.52990000000000,-40.77800000000000,11.95150000000000,0.00000000000000
mpc-hc64.exe,73104,0x0000000006963910,DXGI,0,512,0,24.84204920000000,0.09970000000000,0.37050000000000,1,Hardware: Independent Flip,1.65840000000000,18.11320000000000,0.00000000000000,16.45480000000000,1.58330000000000,0.07510000000000,0.00000000000000
mpc-hc64.exe,73104,0x0000000006963910,DXGI,0,512,0,24.88160520000000,0.17350000000000,39.55600000000000,1,Hardware: Independent Flip,1.48570000000000,12.00000000000000,33.44280000000000,10.51430000000000,-37.89760000000000,11.31250000000000,0.00000000000000
mpc-hc64.exe,73104,0x0000000006963910,DXGI,0,512,0,24.88183250000000,0.13220000000000,0.22730000000000,1,Hardware: Independent Flip,1.87020000000000,11.77270000000000,0.00000000000000,9.90250000000000,1.25840000000000,0.61180000000000,0.00000000000000
mpc-hc64.exe,73104,0x0000000006963910,DXGI,0,512,0,24.92319620000000,0.14990000000000,41.36370000000000,1,Hardware: Independent Flip,1.66390000000000,7.32800000000000,36.91900000000000,5.66410000000000,-39.49350000000000,11.24090000000000,0.00000000000000
mpc-hc64.exe,73104,0x0000000006963910,DXGI,0,512,0,24.92340130000000,0.08510000000000,0.20510000000000,1,Hardware: Independent Flip,1.86960000000000,7.12290000000000,0.00000000000000,5.25330000000000,1.45880000000000,0.41080000000000,0.00000000000000
mpc-hc64.exe,73104,0x0000000006963910,DXGI,0,512,0,24.96512160000000,0.38090000000000,41.72030000000000,1,Hardware: Independent Flip,1.67290000000000,15.24030000000000,49.83770000000001,13.56740000000000,-39.85070000000000,11.63940000000000,0.00000000000000
mpc-hc64.exe,73104,0x0000000006963910,DXGI,0,512,0,24.96558290000000,0.09160000000000,0.46130000000000,1,Hardware: Independent Flip,1.28720000000000,22.00390000000000,7.22490000000000,20.71670000000000,1.21160000000000,0.07560000000000,0.00000000000000
mpc-hc64.exe,73104,0x0000000006963910,DXGI,0,512,0,25.00791620000000,0.23800000000000,42.33330000000000,1,Hardware: Independent Flip,1.83250000000000,21.82760000000000,42.15700000000000,19.99510000000000,-41.04610000000000,12.33860000000000,0.00000000000000
mpc-hc64.exe,73104,0x0000000006963910,DXGI,0,512,0,25.00821880000000,0.09520000000000,0.30260000000000,1,Hardware: Independent Flip,1.60330000000000,23.00410000000000,1.47910000000000,21.40080000000000,1.52990000000000,0.07340000000000,0.00000000000000
mpc-hc64.exe,73104,0x0000000006963910,DXGI,0,512,0,25.04905070000000,0.16790000000000,40.83190000000000,1,Hardware: Independent Flip,1.91440000000000,17.82250000000000,35.65030000000000,15.90810000000000,-39.22860000000000,11.70100000000000,0.00000000000000
mpc-hc64.exe,73104,0x0000000006963910,DXGI,0,512,0,25.04929440000000,0.09460000000000,0.24370000000000,1,Hardware: Independent Flip,1.74990000000000,22.27750000000000,4.69870000000000,20.52760000000000,1.67070000000000,0.07920000000000,0.00000000000000
mpc-hc64.exe,73104,0x0000000006963910,DXGI,0,512,0,25.09075980000000,0.27380000000000,41.46540000000000,1,Hardware: Independent Flip,1.82820000000000,9.46500000000000,28.65290000000000,7.63680000000000,-39.71550000000000,11.64540000000000,0.00000000000000
mpc-hc64.exe,73104,0x0000000006963910,DXGI,0,512,0,25.09120080000000,0.13120000000000,0.44100000000000,1,Hardware: Independent Flip,1.46070000000000,22.19370000000000,13.16970000000000,20.73300000000000,1.38720000000000,0.07350000000000,0.00000000000000
mpc-hc64.exe,73104,0x0000000006963910,DXGI,0,512,1,25.13218530000000,0.09210000000000,40.98450000000000,0,Composed: Flip,1.74280000000000,0.00000000000000,0.00000000000000,0.00000000000000,1.07630000000000,0.66650000000000,0.00000000000000
mpc-hc64.exe,73104,0x0000000006963910,DXGI,0,512,1,25.13180530000000,0.30290000000000,0.00000000000000,0,Composed: Flip,1.45630000000000,0.00000000000000,0.00000000000000,0.00000000000000,-39.14380000000000,11.61870000000000,26.00030000000000
mpc-hc64.exe,73104,0x0000000006963910,DXGI,0,512,1,25.17334330000000,0.45020000000000,41.53800000000000,0,Composed: Flip,1.44750000000000,0.00000000000000,0.00000000000000,0.00000000000000,-39.41520000000000,11.65720000000000,0.00000000000000
mpc-hc64.exe,73104,0x0000000006963910,DXGI,0,512,0,25.17388120000000,0.12370000000000,0.53790000000000,1,Hardware: Independent Flip,1.22910000000000,20.55290000000000,81.03960000000001,0.00000000000000,0.90960000000000,0.31950000000000,0.00000000000000
mpc-hc64.exe,73104,0x0000000006963910,DXGI,0,512,0,25.21606950000000,0.27250000000000,42.18830000000001,1,Hardware: Independent Flip,1.91840000000000,18.43040000000000,40.06580000000000,16.51200000000000,-40.95920000000000,12.22880000000000,0.00000000000000
mpc-hc64.exe,73104,0x0000000006963910,DXGI,0,512,0,25.21640460000000,0.10960000000000,0.33510000000000,1,Hardware: Independent Flip,1.68610000000000,18.09530000000000,0.00000000000000,16.40920000000000,1.58330000000000,0.10280000000000,0.00000000000000
mpc-hc64.exe,73104,0x0000000006963910,DXGI,0,512,0,25.25724670000000,0.18850000000000,40.84210000000000,1,Hardware: Independent Flip,1.93940000000000,4.15600000000000,26.90280000000000,2.21660000000000,-39.15600000000000,11.86340000000000,0.00000000000000
mpc-hc64.exe,73104,0x0000000006963910,DXGI,0,512,0,25.25749640000000,0.08810000000000,0.24970000000000,1,Hardware: Independent Flip,1.76640000000000,22.27500000000000,18.36870000000000,20.50860000000000,1.68970000000000,0.07670000000000,0.00000000000000
mpc-hc64.exe,73104,0x0000000006963910,DXGI,0,512,0,25.29979380000000,0.15740000000000,42.29740000000000,1,Hardware: Independent Flip,1.91700000000000,1.91700000000000,21.93940000000000,0.00000000000000,-40.53100000000000,11.99820000000000,0.00000000000000
mpc-hc64.exe,73104,0x0000000006963910,DXGI,0,512,0,25.30000840000000,0.09020000000000,0.21460000000000,1,Hardware: Independent Flip,1.79540000000000,22.97210000000000,21.26970000000000,21.17670000000000,1.70240000000000,0.09300000000000,0.00000000000000
mpc-hc64.exe,73104,0x0000000006963910,DXGI,0,512,1,25.34093940000000,0.10100000000000,40.93100000000000,0,Composed: Flip,1.58060000000000,0.00000000000000,0.00000000000000,0.00000000000000,1.49770000000000,0.08290000000000,0.00000000000000
mpc-hc64.exe,73104,0x0000000006963910,DXGI,0,512,1,25.38353410000000,0.17250000000000,42.59470000000000,0,Composed: Flip,1.72800000000000,0.00000000000000,0.00000000000000,0.00000000000000,1.64380000000000,0.08420000000000,0.00000000000000
mpc-hc64.exe,73104,0x0000000006963910,DXGI,0,512,1,25.42370080000000,0.09070000000000,40.16670000000000,0,Composed: Flip,1.43260000000000,0.00000000000000,0.00000000000000,0.00000000000000,1.35240000000000,0.08020000000000,0.00000000000000
mpc-hc64.exe,73104,0x0000000006963910,DXGI,0,512,1,25.46608490000000,0.16140000000000,42.38410000000000,0,Composed: Flip,1.28890000000000,0.00000000000000,0.00000000000000,0.00000000000000,1.19970000000000,0.08920000000000,0.00000000000000
mpc-hc64.exe,73104,0x0000000006963910,DXGI,0,512,1,25.50732120000000,0.20650000000000,41.23630000000000,0,Composed: Flip,0.64890000000000,0.00000000000000,0.00000000000000,0.00000000000000,0.57480000000000,0.07410000000000,0.00000000000000
mpc-hc64.exe,73104,0x0000000006963910,DXGI,0,512,1,25.54954030000000,0.07870000000000,42.21910000000000,0,Composed: Flip,1.43660000000000,0.00000000000000,0.00000000000000,0.00000000000000,1.35360000000000,0.08300000000000,0.00000000000000
mpc-hc64.exe,73104,0x0000000006963910,DXGI,0,512,1,25.59116750000000,0.13050000000000,41.62720000000000,0,Composed: Flip,1.07280000000000,0.00000000000000,0.00000000000000,0.00000000000000,0.99020000000000,0.08260000000000,0.00000000000000
mpc-hc64.exe,73104,0x0000000006963910,DXGI,0,512,1,25.63253370000000,0.09700000000000,41.36620000000000,0,Composed: Flip,0.97180000000000,0.00000000000000,0.00000000000000,0.00000000000000,0.70060000000000,0.26950000000000,0.00000000000000
mpc-hc64.exe,73104,0x0000000006963910,DXGI,0,512,1,25.67429080000000,0.14050000000000,41.75710000000000,0,Composed: Flip,2.10140000000000,0.00000000000000,0.00000000000000,0.00000000000000,1.83980000000000,0.25490000000000,0.00000000000000
mpc-hc64.exe,73104,0x0000000006963910,DXGI,0,512,1,25.34069460000000,0.18030000000000,0.00000000000000,0,Composed: Flip,1.74250000000000,0.00000000000000,0.00000000000000,0.00000000000000,-38.89080000000000,11.72660000000000,2.85320000000000
mpc-hc64.exe,73104,0x0000000006963910,DXGI,0,512,1,25.38325310000000,0.18210000000000,42.55850000000000,0,Composed: Flip,1.92480000000000,0.00000000000000,0.00000000000000,0.00000000000000,-40.73310000000000,11.74990000000000,1.41810000000000
mpc-hc64.exe,73104,0x0000000006963910,DXGI,0,512,1,25.42344650000000,0.17260000000000,40.19340000000000,0,Composed: Flip,1.60670000000000,0.00000000000000,0.00000000000000,0.00000000000000,-38.18440000000000,11.09320000000000,9.64590000000000
mpc-hc64.exe,73104,0x0000000006963910,DXGI,0,512,1,25.46569680000000,0.27900000000000,42.25030000000000,0,Composed: Flip,1.58780000000000,0.00000000000000,0.00000000000000,0.00000000000000,-40.56340000000000,11.67030000000000,3.89110000000000
mpc-hc64.exe,73104,0x0000000006963910,DXGI,0,512,1,25.50650090000000,0.72210000000000,40.80410000000001,0,Composed: Flip,1.39510000000000,0.00000000000000,0.00000000000000,0.00000000000000,-39.12710000000000,11.88140000000000,0.69850000000000
mpc-hc64.exe,73104,0x0000000006963910,DXGI,0,512,1,25.54933590000000,0.14470000000000,42.83500000000000,0,Composed: Flip,1.55800000000000,0.00000000000000,0.00000000000000,0.00000000000000,-41.36580000000000,13.68590000000000,3.53200000000000
mpc-hc64.exe,73104,0x0000000006963910,DXGI,0,512,1,25.59055840000000,0.52010000000000,41.22250000000000,0,Composed: Flip,1.59930000000000,0.00000000000000,0.00000000000000,0.00000000000000,-39.58150000000000,11.74950000000000,0.76030000000000
mpc-hc64.exe,73104,0x0000000006963910,DXGI,0,512,1,25.63228820000000,0.17790000000000,41.72980000000000,0,Composed: Flip,0.94610000000000,0.00000000000000,0.00000000000000,0.00000000000000,-40.04790000000000,12.11430000000000,1.48910000000000
mpc-hc64.exe,73104,0x0000000006963910,DXGI,0,512,1,25.67401510000000,0.21290000000000,41.72690000000000,0,Composed: Flip,2.11550000000000,0.00000000000000,0.00000000000000,0.00000000000000,-40.47720000000000,13.52790000000000,16.14000000000000
mpc-hc64.exe,73104,0x0000000006963910,DXGI,0,512,1,25.71782030000000,0.12890000000000,43.80520000000000,0,Composed: Flip,1.55030000000000,0.00000000000000,0.00000000000000,0.00000000000000,-10.74820000000000,12.11610000000000,0.00000000000000
mpc-hc64.exe,73104,0x0000000006963910,DXGI,0,512,0,25.71800360000000,0.08150000000000,0.18330000000000,1,Hardware: Independent Flip,1.45830000000000,18.15090000000000,413.17400000000004,13.10520000000000,1.36700000000000,0.09130000000000,0.00000000000000
mpc-hc64.exe,73104,0x0000000006963910,DXGI,0,512,1,25.75873630000000,0.10090000000000,40.73270000000000,0,Composed: Flip,1.86010000000000,0.00000000000000,0.00000000000000,0.00000000000000,1.77520000000000,0.08490000000000,0.00000000000000
mpc-hc64.exe,73104,0x0000000006963910,DXGI,0,512,1,25.79931070000000,0.08970000000000,40.57440000000000,0,Composed: Flip,1.44150000000000,0.00000000000000,0.00000000000000,0.00000000000000,1.35080000000000,0.09070000000000,0.00000000000000
mpc-hc64.exe,73104,0x0000000006963910,DXGI,0,512,1,25.75840960000000,0.25120000000000,0.00000000000000,0,Composed: Flip,2.10190000000000,0.00000000000000,0.00000000000000,0.00000000000000,-38.94770000000000,13.21280000000000,4.54180000000000
mpc-hc64.exe,73104,0x0000000006963910,DXGI,0,512,1,25.79895750000000,0.27830000000000,40.54790000000000,0,Composed: Flip,1.70400000000000,0.00000000000000,0.00000000000000,0.00000000000000,-38.36110000000000,12.31260000000000,1.16230000000000
mpc-hc64.exe,73104,0x0000000006963910,DXGI,0,512,1,25.84309150000000,0.15110000000000,44.13400000000000,0,Composed: Flip,1.51800000000000,0.00000000000000,0.00000000000000,0.00000000000000,-42.33930000000000,13.16070000000000,0.00000000000000
mpc-hc64.exe,73104,0x0000000006963910,DXGI,0,512,0,25.84329810000000,0.08290000000000,0.20660000000000,1,Hardware: Independent Flip,1.40140000000000,17.85340000000000,124.99700000000000,15.77260000000000,1.31140000000000,0.09000000000000,0.00000000000000
mpc-hc64.exe,73104,0x0000000006963910,DXGI,0,512,0,25.88321950000000,0.27940000000000,39.92140000000000,1,Hardware: Independent Flip,1.89630000000000,1.89630000000000,23.96430000000000,0.00000000000000,-38.52000000000000,13.01760000000000,0.00000000000000
mpc-hc64.exe,73104,0x0000000006963910,DXGI,0,512,0,25.88356700000000,0.10090000000000,0.34750000000000,1,Hardware: Independent Flip,1.62470000000000,17.01970000000000,15.47090000000000,15.39500000000000,1.54880000000000,0.07590000000000,0.00000000000000
mpc-hc64.exe,73104,0x0000000006963910,DXGI,0,512,0,25.92477700000000,0.16510000000000,41.21000000000000,1,Hardware: Independent Flip,2.10090000000000,12.14370000000000,36.33400000000000,10.04280000000000,-39.58530000000000,12.97670000000000,0.00000000000000
mpc-hc64.exe,73104,0x0000000006963910,DXGI,0,512,0,25.92500500000000,0.08510000000000,0.22800000000000,1,Hardware: Independent Flip,1.97910000000000,22.76620000000000,10.85050000000000,20.78710000000000,1.87290000000000,0.10620000000000,0.00000000000000
mpc-hc64.exe,73104,0x0000000006963910,DXGI,0,512,0,25.96652220000000,0.14600000000000,41.51720000000000,1,Hardware: Independent Flip,2.40020000000000,18.02020000000000,36.77120000000000,15.62000000000000,-39.53810000000000,12.93790000000000,0.00000000000000
mpc-hc64.exe,73104,0x0000000006963910,DXGI,0,512,0,25.96673230000000,0.08700000000000,0.21010000000000,1,Hardware: Independent Flip,2.30500000000000,23.21520000000000,5.40510000000000,20.91020000000000,2.19010000000000,0.11200000000000,0.00000000000000
mpc-hc64.exe,73104,0x0000000006963910,DXGI,0,512,1,26.01005370000000,0.12690000000000,43.32140000000000,0,Composed: Flip,1.28970000000000,0.00000000000000,0.00000000000000,0.00000000000000,1.20230000000000,0.08740000000000,0.00000000000000
mpc-hc64.exe,73104,0x0000000006963910,DXGI,0,512,1,26.05160830000000,0.10260000000000,41.55460000000000,0,Composed: Flip,1.63710000000000,0.00000000000000,0.00000000000000,0.00000000000000,1.55380000000000,0.08330000000000,0.00000000000000
mpc-hc64.exe,73104,0x0000000006963910,DXGI,0,512,1,26.09240740000000,0.07820000000000,40.79910000000000,0,Composed: Flip,1.81070000000000,0.00000000000000,0.00000000000000,0.00000000000000,1.72130000000000,0.08940000000000,0.00000000000000
mpc-hc64.exe,73104,0x0000000006963910,DXGI,0,512,1,26.13506260000000,0.12170000000000,42.65520000000000,0,Composed: Flip,1.21630000000000,0.00000000000000,0.00000000000000,0.00000000000000,1.14100000000000,0.07530000000000,0.00000000000000
mpc-hc64.exe,73104,0x0000000006963910,DXGI,0,512,1,26.17612620000000,0.11330000000000,41.06360000000000,0,Composed: Flip,1.77590000000000,0.00000000000000,0.00000000000000,0.00000000000000,1.69630000000000,0.07960000000000,0.00000000000000
mpc-hc64.exe,73104,0x0000000006963910,DXGI,0,512,1,26.21656840000000,0.08010000000000,40.44220000000000,0,Composed: Flip,2.23810000000000,0.00000000000000,0.00000000000000,0.00000000000000,1.59730000000000,0.56410000000000,0.00000000000000
mpc-hc64.exe,73104,0x0000000006963910,DXGI,0,512,1,26.26089890000000,0.07960000000000,44.33050000000000,0,Composed: Flip,1.38650000000000,0.00000000000000,0.00000000000000,0.00000000000000,1.29630000000000,0.09020000000000,0.00000000000000
mpc-hc64.exe,73104,0x0000000006963910,DXGI,0,512,1,26.29967420000000,0.11080000000000,38.77530000000000,0,Composed: Flip,1.53720000000000,0.00000000000000,0.00000000000000,0.00000000000000,1.45010000000000,0.08710000000000,0.00000000000000
mpc-hc64.exe,73104,0x0000000006963910,DXGI,0,512,1,26.34304650000000,0.13880000000000,43.37230000000000,0,Composed: Flip,1.27120000000000,0.00000000000000,0.00000000000000,0.00000000000000,1.19190000000000,0.07930000000000,0.00000000000000
mpc-hc64.exe,73104,0x0000000006963910,DXGI,0,512,1,26.38324080000000,0.15350000000000,40.19430000000001,0,Composed: Flip,2.16940000000000,0.00000000000000,0.00000000000000,0.00000000000000,1.45680000000000,0.70840000000000,0.00000000000000
mpc-hc64.exe,73104,0x0000000006963910,DXGI,0,512,1,26.42517130000000,0.07950000000000,41.93050000000000,0,Composed: Flip,2.23980000000000,0.00000000000000,0.00000000000000,0.00000000000000,2.15760000000000,0.07940000000000,0.00000000000000
mpc-hc64.exe,73104,0x0000000006963910,DXGI,0,512,1,26.46721590000000,0.75170000000000,42.04460000000000,0,Composed: Flip,1.87850000000000,0.00000000000000,0.00000000000000,0.00000000000000,1.79560000000000,0.08290000000000,0.00000000000000
mpc-hc64.exe,73104,0x0000000006963910,DXGI,0,512,1,26.50984170000000,0.28400000000000,42.62580000000001,0,Composed: Flip,1.72680000000000,0.00000000000000,0.00000000000000,0.00000000000000,1.64310000000000,0.08370000000000,0.00000000000000
mpc-hc64.exe,73104,0x0000000006963910,DXGI,0,512,1,26.55019470000000,0.12840000000000,40.35300000000000,0,Composed: Flip,2.16900000000000,0.00000000000000,0.00000000000000,0.00000000000000,2.08470000000000,0.08430000000000,0.00000000000000
mpc-hc64.exe,73104,0x0000000006963910,DXGI,0,512,1,26.59108030000000,0.13330000000000,40.88560000000000,0,Composed: Flip,1.54720000000000,0.00000000000000,0.00000000000000,0.00000000000000,1.46260000000000,0.08460000000000,0.00000000000000
mpc-hc64.exe,73104,0x0000000006963910,DXGI,0,512,1,26.63270700000000,0.08360000000000,41.62670000000000,0,Composed: Flip,1.71160000000000,0.00000000000000,0.00000000000000,0.00000000000000,1.62480000000000,0.08680000000000,0.00000000000000
mpc-hc64.exe,73104,0x0000000006963910,DXGI,0,512,1,26.67521810000000,0.12240000000000,42.51110000000000,0,Composed: Flip,2.13570000000000,0.00000000000000,0.00000000000000,0.00000000000000,1.47110000000000,0.66460000000000,0.00000000000000
mpc-hc64.exe,73104,0x0000000006963910,DXGI,0,512,1,26.71623590000000,0.08290000000000,41.01780000000000,0,Composed: Flip,1.73160000000000,0.00000000000000,0.00000000000000,0.00000000000000,1.65710000000000,0.07450000000000,0.00000000000000
mpc-hc64.exe,73104,0x0000000006963910,DXGI,0,512,1,26.75913760000000,0.16100000000000,42.90170000000001,0,Composed: Flip,0.72800000000000,0.00000000000000,0.00000000000000,0.00000000000000,0.65950000000000,0.06850000000000,0.00000000000000
mpc-hc64.exe,73104,0x0000000006963910,DXGI,0,512,1,26.80007480000000,0.08870000000000,40.93720000000000,0,Composed: Flip,2.22070000000000,0.00000000000000,0.00000000000000,0.00000000000000,2.13960000000000,0.07700000000000,0.00000000000000
mpc-hc64.exe,73104,0x0000000006963910,DXGI,0,512,1,26.84300200000000,0.11830000000000,42.92720000000000,0,Composed: Flip,1.30530000000000,0.00000000000000,0.00000000000000,0.00000000000000,1.22040000000000,0.08490000000000,0.00000000000000
mpc-hc64.exe,73104,0x0000000006963910,DXGI,0,512,1,26.88305500000000,0.19970000000000,40.05300000000000,0,Composed: Flip,1.22170000000000,0.00000000000000,0.00000000000000,0.00000000000000,1.13640000000000,0.08530000000000,0.00000000000000
mpc-hc64.exe,73104,0x0000000006963910,DXGI,0,512,1,26.92433850000000,0.09740000000000,41.28350000000000,0,Composed: Flip,1.86110000000000,0.00000000000000,0.00000000000000,0.00000000000000,1.77050000000000,0.09060000000000,0.00000000000000
mpc-hc64.exe,73104,0x0000000006963910,DXGI,0,512,1,26.96632550000000,0.13360000000000,41.98700000000000,0,Composed: Flip,1.53400000000000,0.00000000000000,0.00000000000000,0.00000000000000,1.44900000000000,0.08500000000000,0.50710000000000
mpc-hc64.exe,73104,0x0000000006963910,DXGI,0,512,1,27.00876530000000,0.07960000000000,42.43980000000001,0,Composed: Flip,1.91620000000000,0.00000000000000,0.00000000000000,0.00000000000000,1.28230000000000,0.63390000000000,0.00000000000000
mpc-hc64.exe,73104,0x0000000006963910,DXGI,0,512,1,27.04912480000000,0.08760000000000,40.35950000000000,0,Composed: Flip,1.61850000000000,0.00000000000000,0.00000000000000,0.00000000000000,1.55160000000000,0.06690000000000,0.00000000000000
mpc-hc64.exe,73104,0x0000000006963910,DXGI,0,512,1,27.09217190000000,0.20160000000000,43.04710000000000,0,Composed: Flip,2.14060000000000,0.00000000000000,0.00000000000000,0.00000000000000,2.05370000000000,0.08380000000000,0.00000000000000
mpc-hc64.exe,73104,0x0000000006963910,DXGI,0,512,1,27.13531210000000,0.12680000000000,43.14020000000000,0,Composed: Flip,0.90650000000000,0.00000000000000,0.00000000000000,0.00000000000000,0.83570000000000,0.07080000000000,0.00000000000000
mpc-hc64.exe,73104,0x0000000006963910,DXGI,0,512,1,27.17416580000000,0.11340000000000,38.85370000000000,0,Composed: Flip,1.42230000000000,0.00000000000000,0.00000000000000,0.00000000000000,1.33690000000000,0.08540000000000,0.36420000000000
mpc-hc64.exe,73104,0x0000000006963910,DXGI,0,512,1,27.21637180000000,0.08400000000000,42.20600000000000,0,Composed: Flip,2.28820000000000,0.00000000000000,0.00000000000000,0.00000000000000,1.67740000000000,0.53200000000000,0.00000000000000
mpc-hc64.exe,73104,0x0000000006963910,DXGI,0,512,1,27.25936670000000,0.09510000000000,42.99490000000000,0,Composed: Flip,1.77750000000000,0.00000000000000,0.00000000000000,0.00000000000000,1.69800000000000,0.07950000000000,0.00000000000000
mpc-hc64.exe,73104,0x0000000006963910,DXGI,0,512,1,27.29960990000000,0.08240000000000,40.24320000000000,0,Composed: Flip,1.70620000000000,0.00000000000000,0.00000000000000,0.00000000000000,1.62730000000000,0.07890000000000,0.00000000000000
mpc-hc64.exe,73104,0x0000000006963910,DXGI,0,512,1,27.34024090000000,0.08230000000000,40.63100000000000,0,Composed: Flip,1.62030000000000,0.00000000000000,0.00000000000000,0.00000000000000,1.24030000000000,0.38000000000000,0.00000000000000
mpc-hc64.exe,73104,0x0000000006963910,DXGI,0,512,1,27.38329200000000,0.15830000000000,43.05110000000001,0,Composed: Flip,2.02060000000000,0.00000000000000,0.00000000000000,0.00000000000000,1.93870000000000,0.08190000000000,0.00000000000000
mpc-hc64.exe,73104,0x0000000006963910,DXGI,0,512,1,27.42416520000000,0.08890000000000,40.87320000000000,0,Composed: Flip,1.55260000000000,0.00000000000000,0.00000000000000,0.00000000000000,1.47620000000000,0.07640000000000,0.00000000000000
mpc-hc64.exe,73104,0x0000000006963910,DXGI,0,512,1,27.46859130000000,0.10900000000000,44.42610000000001,0,Composed: Flip,1.48290000000000,0.00000000000000,0.00000000000000,0.00000000000000,0.84750000000000,0.63540000000000,0.00000000000000
mpc-hc64.exe,73104,0x0000000006963910,DXGI,0,512,1,27.50799950000000,0.08810000000000,39.40820000000000,0,Composed: Flip,1.65620000000000,0.00000000000000,0.00000000000000,0.00000000000000,1.57270000000000,0.08350000000000,0.00000000000000
mpc-hc64.exe,73104,0x0000000006963910,DXGI,0,512,1,27.54930430000000,0.10540000000000,41.30480000000000,0,Composed: Flip,1.63930000000000,0.00000000000000,0.00000000000000,0.00000000000000,1.55750000000000,0.08180000000000,0.00000000000000
mpc-hc64.exe,73104,0x0000000006963910,DXGI,0,512,1,27.59263600000000,0.07720000000000,43.33170000000000,0,Composed: Flip,1.73630000000000,0.00000000000000,0.00000000000000,0.00000000000000,1.65170000000000,0.08460000000000,0.00000000000000
mpc-hc64.exe,73104,0x0000000006963910,DXGI,0,512,1,27.63435510000000,0.64150000000000,41.71910000000000,0,Composed: Flip,1.62890000000000,0.00000000000000,0.00000000000000,0.00000000000000,1.54630000000000,0.08260000000000,0.55120000000000
mpc-hc64.exe,73104,0x0000000006963910,DXGI,0,512,1,27.67540230000000,0.10150000000000,41.04720000000000,0,Composed: Flip,2.04880000000000,0.00000000000000,0.00000000000000,0.00000000000000,1.34610000000000,0.69170000000000,0.00000000000000
mpc-hc64.exe,73104,0x0000000006963910,DXGI,0,512,1,27.71622340000000,0.14160000000000,40.82110000000000,0,Composed: Flip,1.40310000000000,0.00000000000000,0.00000000000000,0.00000000000000,1.32420000000000,0.07890000000000,0.00000000000000
mpc-hc64.exe,73104,0x0000000006963910,DXGI,0,512,1,27.75887720000000,0.13230000000000,42.65380000000000,0,Composed: Flip,0.91230000000000,0.00000000000000,0.00000000000000,0.00000000000000,0.84530000000000,0.06700000000000,1.06810000000000
mpc-hc64.exe,73104,0x0000000006963910,DXGI,0,512,1,27.80091180000000,0.07650000000000,42.03460000000000,0,Composed: Flip,1.74020000000000,0.00000000000000,0.00000000000000,0.00000000000000,1.65870000000000,0.08150000000000,0.00000000000000
mpc-hc64.exe,73104,0x0000000006963910,DXGI,0,512,1,27.84151190000000,0.11260000000000,40.60010000000000,0,Composed: Flip,1.59870000000000,0.00000000000000,0.00000000000000,0.00000000000000,1.51760000000000,0.08110000000000,0.00000000000000
mpc-hc64.exe,73104,0x0000000006963910,DXGI,0,512,1,27.88309120000000,0.11180000000000,41.57930000000000,0,Composed: Flip,2.13070000000000,0.00000000000000,0.00000000000000,0.00000000000000,1.84130000000000,0.23480000000000,0.28830000000000
mpc-hc64.exe,73104,0x0000000006963910,DXGI,0,512,1,27.92450080000000,0.09200000000000,41.40960000000000,0,Composed: Flip,1.68490000000000,0.00000000000000,0.00000000000000,0.00000000000000,1.60690000000000,0.07800000000000,0.00000000000000
mpc-hc64.exe,73104,0x0000000006963910,DXGI,0,512,1,27.96625330000000,0.17140000000000,41.75250000000000,0,Composed: Flip,1.40260000000000,0.00000000000000,0.00000000000000,0.00000000000000,1.32130000000000,0.08130000000000,0.44810000000000
mpc-hc64.exe,73104,0x0000000006963910,DXGI,0,512,1,28.00922860000000,0.13260000000000,42.97530000000000,0,Composed: Flip,1.71850000000000,0.00000000000000,0.00000000000000,0.00000000000000,1.47860000000000,0.23990000000000,0.00000000000000
mpc-hc64.exe,73104,0x0000000006963910,DXGI,0,512,1,28.04849560000000,0.07870000000000,39.26700000000000,0,Composed: Flip,1.31330000000000,0.00000000000000,0.00000000000000,0.00000000000000,1.23250000000000,0.08080000000000,0.00000000000000
mpc-hc64.exe,73104,0x0000000006963910,DXGI,0,512,1,28.09119330000000,0.17320000000000,42.69770000000000,0,Composed: Flip,1.13300000000000,0.00000000000000,0.00000000000000,0.00000000000000,1.05100000000000,0.08200000000000,0.00000000000000
mpc-hc64.exe,73104,0x0000000006963910,DXGI,0,512,1,28.14023880000000,0.09210000000000,49.04550000000000,0,Composed: Flip,1.22130000000000,0.00000000000000,0.00000000000000,0.00000000000000,1.14110000000000,0.08020000000000,0.00000000000000
mpc-hc64.exe,73104,0x0000000006963910,DXGI,0,512,1,28.17494710000000,0.16470000000000,34.70830000000000,0,Composed: Flip,2.14820000000000,0.00000000000000,0.00000000000000,0.00000000000000,2.06830000000000,0.07710000000000,0.00000000000000
mpc-hc64.exe,73104,0x0000000006963910,DXGI,0,512,1,28.21680140000000,0.08120000000000,41.85430000000000,0,Composed: Flip,1.98020000000000,0.00000000000000,0.00000000000000,0.00000000000000,1.88220000000000,0.09580000000000,0.00000000000000
mpc-hc64.exe,73104,0x0000000006963910,DXGI,0,512,1,28.25921440000000,0.11650000000000,42.41300000000000,0,Composed: Flip,1.02780000000000,0.00000000000000,0.00000000000000,0.00000000000000,0.94600000000000,0.08180000000000,0.00000000000000
mpc-hc64.exe,73104,0x0000000006963910,DXGI,0,512,1,28.29985250000000,0.09230000000000,40.63810000000000,0,Composed: Flip,1.67450000000000,0.00000000000000,0.00000000000000,0.00000000000000,1.59520000000000,0.07930000000000,0.00000000000000
mpc-hc64.exe,73104,0x0000000006963910,DXGI,0,512,1,28.34299500000000,0.13800000000000,43.14250000000001,0,Composed: Flip,1.15270000000000,0.00000000000000,0.00000000000000,0.00000000000000,1.07230000000000,0.08040000000000,0.00000000000000
mpc-hc64.exe,73104,0x0000000006963910,DXGI,0,512,1,28.38327250000000,0.14190000000000,40.27750000000000,0,Composed: Flip,1.09130000000000,0.00000000000000,0.00000000000000,0.00000000000000,1.00740000000000,0.08390000000000,0.00000000000000
mpc-hc64.exe,73104,0x0000000006963910,DXGI,0,512,1,28.42458170000000,0.09130000000000,41.30920000000000,0,Composed: Flip,1.56770000000000,0.00000000000000,0.00000000000000,0.00000000000000,1.49380000000000,0.07390000000000,0.00000000000000
mpc-hc64.exe,73104,0x0000000006963910,DXGI,0,512,1,28.46602090000000,0.14700000000000,41.43920000000000,0,Composed: Flip,1.32510000000000,0.00000000000000,0.00000000000000,0.00000000000000,1.07560000000000,0.24950000000000,0.00000000000000
mpc-hc64.exe,73104,0x0000000006963910,DXGI,0,512,1,28.50855800000000,0.09420000000000,42.53710000000000,0,Composed: Flip,1.52980000000000,0.00000000000000,0.00000000000000,0.00000000000000,1.45310000000000,0.07670000000000,0.00000000000000
mpc-hc64.exe,73104,0x0000000006963910,DXGI,0,512,1,28.54908190000000,0.09900000000000,40.52390000000000,0,Composed: Flip,2.15700000000000,0.00000000000000,0.00000000000000,0.00000000000000,2.07430000000000,0.07850000000000,0.00000000000000
mpc-hc64.exe,73104,0x0000000006963910,DXGI,0,512,1,28.59050660000000,0.12530000000000,41.42470000000000,0,Composed: Flip,1.65080000000000,0.00000000000000,0.00000000000000,0.00000000000000,1.57490000000000,0.07590000000000,0.00000000000000
mpc-hc64.exe,73104,0x0000000006963910,DXGI,0,512,1,28.63359120000000,0.08160000000000,43.08460000000000,0,Composed: Flip,1.72450000000000,0.00000000000000,0.00000000000000,0.00000000000000,1.65000000000000,0.07450000000000,0.00000000000000
mpc-hc64.exe,73104,0x0000000006963910,DXGI,0,512,1,28.67387140000000,0.12130000000000,40.28020000000000,0,Composed: Flip,1.28110000000000,0.00000000000000,0.00000000000000,0.00000000000000,1.18370000000000,0.09740000000000,0.00000000000000
mpc-hc64.exe,73104,0x0000000006963910,DXGI,0,512,1,28.71592370000000,0.08150000000000,42.05230000000000,0,Composed: Flip,1.71620000000000,0.00000000000000,0.00000000000000,0.00000000000000,1.63230000000000,0.08390000000000,0.00000000000000
mpc-hc64.exe,73104,0x0000000006963910,DXGI,0,512,1,28.75948420000000,0.13210000000000,43.56050000000000,0,Composed: Flip,1.70030000000000,0.00000000000000,0.00000000000000,0.00000000000000,1.05100000000000,0.64930000000000,0.00000000000000
mpc-hc64.exe,73104,0x0000000006963910,DXGI,0,512,1,28.80037750000000,0.15970000000000,40.89330000000000,0,Composed: Flip,1.24400000000000,0.00000000000000,0.00000000000000,0.00000000000000,1.17860000000000,0.06540000000000,0.00000000000000
mpc-hc64.exe,73104,0x0000000006963910,DXGI,0,512,1,28.84178460000000,0.10470000000000,41.40710000000000,0,Composed: Flip,1.58320000000000,0.00000000000000,0.00000000000000,0.00000000000000,1.50170000000000,0.08150000000000,0.00000000000000
mpc-hc64.exe,73104,0x0000000006963910,DXGI,0,512,1,28.88432270000000,0.08710000000000,42.53810000000000,0,Composed: Flip,1.90250000000000,0.00000000000000,0.00000000000000,0.00000000000000,1.23160000000000,0.67090000000000,0.00000000000000
mpc-hc64.exe,73104,0x0000000006963910,DXGI,0,512,1,28.92412890000000,0.08840000000000,39.80620000000000,0,Composed: Flip,1.80240000000000,0.00000000000000,0.00000000000000,0.00000000000000,1.53810000000000,0.26430000000000,0.00000000000000
mpc-hc64.exe,73104,0x0000000006963910,DXGI,0,512,1,28.96752790000000,0.16060000000000,43.39900000000000,0,Composed: Flip,0.78270000000000,0.00000000000000,0.00000000000000,0.00000000000000,0.70370000000000,0.07900000000000,0.00000000000000
mpc-hc64.exe,73104,0x0000000006963910,DXGI,0,512,1,29.00839450000000,0.08270000000000,40.86660000000001,0,Composed: Flip,1.61800000000000,0.00000000000000,0.00000000000000,0.00000000000000,1.53530000000000,0.08270000000000,0.00000000000000
mpc-hc64.exe,73104,0x0000000006963910,DXGI,0,512,1,29.04946420000000,0.08150000000000,41.06970000000000,0,Composed: Flip,1.72450000000000,0.00000000000000,0.00000000000000,0.00000000000000,1.64320000000000,0.08130000000000,0.00000000000000
mpc-hc64.exe,73104,0x0000000006963910,DXGI,0,512,1,29.09314680000000,0.07850000000000,43.68260000000000,0,Composed: Flip,1.37580000000000,0.00000000000000,0.00000000000000,0.00000000000000,1.29180000000000,0.08400000000000,0.00000000000000
mpc-hc64.exe,73104,0x0000000006963910,DXGI,0,512,1,29.13443650000000,0.72580000000000,41.28970000000000,0,Composed: Flip,1.73190000000000,0.00000000000000,0.00000000000000,0.00000000000000,1.65900000000000,0.07290000000000,0.62340000000000
mpc-hc64.exe,73104,0x0000000006963910,DXGI,0,512,1,29.17503560000000,0.86490000000000,40.59910000000000,0,Composed: Flip,1.38820000000000,0.00000000000000,0.00000000000000,0.00000000000000,1.31230000000000,0.07590000000000,0.00000000000000
mpc-hc64.exe,73104,0x0000000006963910,DXGI,0,512,1,29.21566820000000,0.10360000000000,40.63260000000000,0,Composed: Flip,1.61660000000000,0.00000000000000,0.00000000000000,0.00000000000000,1.57040000000000,0.04620000000000,0.00000000000000
mpc-hc64.exe,73104,0x0000000006963910,DXGI,0,512,1,26.00973860000000,0.17900000000000,0.00000000000000,0,Composed: Flip,1.51740000000000,0.00000000000000,0.00000000000000,0.00000000000000,-40.70130000000000,12.72440000000000,3.86970000000000
mpc-hc64.exe,73104,0x0000000006963910,DXGI,0,512,1,26.05138450000000,0.16630000000000,41.64590000000000,0,Composed: Flip,1.77760000000000,0.00000000000000,0.00000000000000,0.00000000000000,-40.04110000000000,14.30210000000000,17.58530000000000
mpc-hc64.exe,73104,0x0000000006963910,DXGI,0,512,1,26.09219490000000,0.15940000000000,40.81040000000000,0,Composed: Flip,1.93380000000000,0.00000000000000,0.00000000000000,0.00000000000000,-38.94950000000000,13.95150000000000,2.39650000000000
mpc-hc64.exe,73104,0x0000000006963910,DXGI,0,512,1,26.13441600000000,0.56030000000000,42.22110000000000,0,Composed: Flip,1.78760000000000,0.00000000000000,0.00000000000000,0.00000000000000,-40.19790000000000,12.92400000000000,0.61560000000000
mpc-hc64.exe,73104,0x0000000006963910,DXGI,0,512,1,26.17580330000000,0.20290000000000,41.38730000000000,0,Composed: Flip,2.01920000000000,0.00000000000000,0.00000000000000,0.00000000000000,-39.52440000000000,14.68060000000000,2.00290000000000
mpc-hc64.exe,73104,0x0000000006963910,DXGI,0,512,1,26.21637260000000,0.13330000000000,40.56930000000001,0,Composed: Flip,1.79310000000000,0.00000000000000,0.00000000000000,0.00000000000000,-38.47050000000000,12.96030000000000,2.50180000000000
mpc-hc64.exe,73104,0x0000000006963910,DXGI,0,512,1,26.26068420000000,0.15970000000000,44.31160000000001,0,Composed: Flip,1.51100000000000,0.00000000000000,0.00000000000000,0.00000000000000,-11.96050000000000,13.31130000000000,22.87480000000000
mpc-hc64.exe,73104,0x0000000006963910,DXGI,0,512,1,26.29941280000000,0.18770000000000,38.72860000000000,0,Composed: Flip,1.71150000000000,0.00000000000000,0.00000000000000,0.00000000000000,-37.12740000000000,13.06190000000000,1.60990000000000
mpc-hc64.exe,73104,0x0000000006963910,DXGI,0,512,1,26.34234360000000,0.61500000000000,42.93080000000000,0,Composed: Flip,1.89480000000000,0.00000000000000,0.00000000000000,0.00000000000000,-41.13220000000000,13.43080000000000,0.54150000000000
mpc-hc64.exe,73104,0x0000000006963910,DXGI,0,512,1,26.38282680000000,0.32530000000000,40.48320000000000,0,Composed: Flip,1.87080000000000,0.00000000000000,0.00000000000000,0.00000000000000,-38.50910000000000,13.71290000000000,1.02930000000000
mpc-hc64.exe,73104,0x0000000006963910,DXGI,0,512,1,26.42495330000000,0.15360000000000,42.12650000000000,0,Composed: Flip,2.37560000000000,0.00000000000000,0.00000000000000,0.00000000000000,-10.61740000000000,12.76150000000000,3.07680000000000
mpc-hc64.exe,73104,0x0000000006963910,DXGI,0,512,1,26.46663820000000,0.45990000000000,41.68490000000000,0,Composed: Flip,2.37330000000000,0.00000000000000,0.00000000000000,0.00000000000000,-10.94490000000000,13.04590000000000,0.81430000000000
mpc-hc64.exe,73104,0x0000000006963910,DXGI,0,512,1,26.50961380000000,0.16900000000000,42.97560000000000,0,Composed: Flip,1.87100000000000,0.00000000000000,0.00000000000000,0.00000000000000,-40.51940000000000,13.91030000000000,3.81280000000000
mpc-hc64.exe,73104,0x0000000006963910,DXGI,0,512,1,26.54988580000000,0.20400000000000,40.27200000000000,0,Composed: Flip,2.39360000000000,0.00000000000000,0.00000000000000,0.00000000000000,-38.31730000000000,13.20570000000000,4.08220000000000
mpc-hc64.exe,73104,0x0000000006963910,DXGI,0,512,1,26.59069280000000,0.31290000000000,40.80700000000000,0,Composed: Flip,1.85010000000000,0.00000000000000,0.00000000000000,0.00000000000000,-38.32910000000000,12.13200000000000,0.89590000000000
mpc-hc64.exe,73104,0x0000000006963910,DXGI,0,512,1,26.63249490000000,0.15170000000000,41.80210000000000,0,Composed: Flip,1.83690000000000,0.00000000000000,0.00000000000000,0.00000000000000,-39.86740000000000,13.17210000000000,2.68790000000000
mpc-hc64.exe,73104,0x0000000006963910,DXGI,0,512,1,26.67484530000000,0.28230000000000,42.35040000000000,0,Composed: Flip,1.84390000000000,0.00000000000000,0.00000000000000,0.00000000000000,-40.42670000000000,12.59120000000000,1.04190000000000
mpc-hc64.exe,73104,0x0000000006963910,DXGI,0,512,1,26.71603600000000,0.14460000000000,41.19070000000000,0,Composed: Flip,1.85700000000000,0.00000000000000,0.00000000000000,0.00000000000000,-38.68220000000000,12.47380000000000,2.23740000000000
mpc-hc64.exe,73104,0x0000000006963910,DXGI,0,512,1,26.75843200000000,0.62690000000000,42.39600000000000,0,Composed: Flip,1.36510000000000,0.00000000000000,0.00000000000000,0.00000000000000,-40.46450000000000,11.89100000000000,0.63030000000000
mpc-hc64.exe,73104,0x0000000006963910,DXGI,0,512,1,26.79988020000000,0.13830000000000,41.44820000000000,0,Composed: Flip,2.33420000000000,0.00000000000000,0.00000000000000,0.00000000000000,-40.01460000000000,14.09230000000000,2.06710000000000
mpc-hc64.exe,73104,0x0000000006963910,DXGI,0,512,1,26.84247070000000,0.46060000000000,42.59050000000000,0,Composed: Flip,1.75170000000000,0.00000000000000,0.00000000000000,0.00000000000000,-10.70050000000000,12.25310000000000,0.66820000000000
mpc-hc64.exe,73104,0x0000000006963910,DXGI,0,512,1,26.88236570000000,0.58940000000000,39.89500000000000,0,Composed: Flip,1.82570000000000,0.00000000000000,0.00000000000000,0.00000000000000,-38.05840000000000,12.71380000000000,0.56430000000000
mpc-hc64.exe,73104,0x0000000006963910,DXGI,0,512,1,26.92406540000000,0.16930000000000,41.69970000000000,0,Composed: Flip,2.04360000000000,0.00000000000000,0.00000000000000,0.00000000000000,-39.78870000000000,13.18630000000000,2.26380000000000
mpc-hc64.exe,73104,0x0000000006963910,DXGI,0,512,1,26.96588230000000,0.30810000000000,41.81690000000000,0,Composed: Flip,1.89220000000000,0.00000000000000,0.00000000000000,0.00000000000000,-39.68270000000000,12.31940000000000,4.01740000000000
mpc-hc64.exe,73104,0x0000000006963910,DXGI,0,512,1,27.00856390000000,0.14780000000000,42.68160000000000,0,Composed: Flip,1.48370000000000,0.00000000000000,0.00000000000000,0.00000000000000,-40.70440000000000,12.73130000000000,2.76470000000000
mpc-hc64.exe,73104,0x0000000006963910,DXGI,0,512,1,27.04889970000000,0.16020000000000,40.33580000000000,0,Composed: Flip,1.77670000000000,0.00000000000000,0.00000000000000,0.00000000000000,-38.21820000000000,12.24020000000000,3.02170000000000
mpc-hc64.exe,73104,0x0000000006963910,DXGI,0,512,1,27.09187490000000,0.16490000000000,42.97520000000000,0,Composed: Flip,2.35070000000000,0.00000000000000,0.00000000000000,0.00000000000000,-41.13160000000000,12.98700000000000,2.05790000000000
mpc-hc64.exe,73104,0x0000000006963910,DXGI,0,512,1,27.13445270000000,0.77690000000000,42.57780000000000,0,Composed: Flip,1.69510000000000,0.00000000000000,0.00000000000000,0.00000000000000,-11.02860000000000,12.46220000000000,0.65090000000000
mpc-hc64.exe,73104,0x0000000006963910,DXGI,0,512,1,27.17389560000000,0.20490000000000,39.44290000000000,0,Composed: Flip,1.60710000000000,0.00000000000000,0.00000000000000,0.00000000000000,-37.67700000000000,13.09420000000000,4.09140000000000
mpc-hc64.exe,73104,0x0000000006963910,DXGI,0,512,1,27.21615450000000,0.15760000000000,42.25890000000000,0,Composed: Flip,1.89470000000000,0.00000000000000,0.00000000000000,0.00000000000000,-40.56640000000000,12.80590000000000,2.33760000000000
mpc-hc64.exe,73104,0x0000000006963910,DXGI,0,512,1,27.25905440000000,0.21310000000000,42.89990000000000,0,Composed: Flip,2.01030000000000,0.00000000000000,0.00000000000000,0.00000000000000,-11.25820000000000,13.09310000000000,5.20290000000000
mpc-hc64.exe,73104,0x0000000006963910,DXGI,0,512,1,27.29940950000000,0.14470000000000,40.35510000000000,0,Composed: Flip,1.82770000000000,0.00000000000000,0.00000000000000,0.00000000000000,-38.26530000000000,11.79560000000000,5.60610000000000
mpc-hc64.exe,73104,0x0000000006963910,DXGI,0,512,1,27.34003600000000,0.15090000000000,40.62650000000000,0,Composed: Flip,1.44520000000000,0.00000000000000,0.00000000000000,0.00000000000000,-38.71990000000000,11.02670000000000,6.23390000000000
mpc-hc64.exe,73104,0x0000000006963910,DXGI,0,512,1,27.38300830000000,0.16170000000000,42.97230000000000,0,Composed: Flip,2.22240000000000,0.00000000000000,0.00000000000000,0.00000000000000,-41.14710000000000,12.68240000000000,1.21200000000000
mpc-hc64.exe,73104,0x0000000006963910,DXGI,0,512,1,27.42390560000000,0.19340000000000,40.89730000000000,0,Composed: Flip,1.73580000000000,0.00000000000000,0.00000000000000,0.00000000000000,-38.59300000000000,11.63040000000000,2.09400000000000
mpc-hc64.exe,73104,0x0000000006963910,DXGI,0,512,1,27.46801700000000,0.48320000000000,44.11140000000000,0,Composed: Flip,1.42180000000000,0.00000000000000,0.00000000000000,0.00000000000000,-42.29920000000000,12.75430000000000,2.20520000000000
mpc-hc64.exe,73104,0x0000000006963910,DXGI,0,512,1,27.50776170000000,0.17670000000000,39.74470000000000,0,Composed: Flip,1.81050000000000,0.00000000000000,0.00000000000000,0.00000000000000,-37.68750000000000,12.48140000000000,1.95230000000000
mpc-hc64.exe,73104,0x0000000006963910,DXGI,0,512,1,27.54904650000000,0.16730000000000,41.28480000000000,0,Composed: Flip,1.81530000000000,0.00000000000000,0.00000000000000,0.00000000000000,-39.39080000000000,12.76060000000000,3.24380000000000
mpc-hc64.exe,73104,0x0000000006963910,DXGI,0,512,1,27.59242500000000,0.15880000000000,43.37850000000000,0,Composed: Flip,1.86270000000000,0.00000000000000,0.00000000000000,0.00000000000000,-41.48140000000000,12.49050000000000,2.60820000000000
mpc-hc64.exe,73104,0x0000000006963910,DXGI,0,512,1,27.63410590000000,0.15760000000000,41.68090000000000,0,Composed: Flip,1.79550000000000,0.00000000000000,0.00000000000000,0.00000000000000,-39.73360000000000,12.25050000000000,4.23050000000000
mpc-hc64.exe,73104,0x0000000006963910,DXGI,0,512,1,27.67499150000000,0.31870000000000,40.88560000000000,0,Composed: Flip,1.75690000000000,0.00000000000000,0.00000000000000,0.00000000000000,-39.00750000000000,12.84320000000000,1.18040000000000
mpc-hc64.exe,73104,0x0000000006963910,DXGI,0,512,1,27.71581650000000,0.26460000000000,40.82500000000000,0,Composed: Flip,1.73110000000000,0.00000000000000,0.00000000000000,0.00000000000000,-10.26700000000000,11.77430000000000,5.98920000000000
mpc-hc64.exe,73104,0x0000000006963910,DXGI,0,512,1,27.75802760000000,0.77180000000000,42.21110000000000,0,Composed: Flip,1.69490000000000,0.00000000000000,0.00000000000000,0.00000000000000,-40.40110000000000,12.24760000000000,3.14420000000000
mpc-hc64.exe,73104,0x0000000006963910,DXGI,0,512,1,27.80072220000000,0.13630000000000,42.69460000000000,0,Composed: Flip,1.84830000000000,0.00000000000000,0.00000000000000,0.00000000000000,-40.93270000000000,13.81620000000000,2.91990000000000
mpc-hc64.exe,73104,0x0000000006963910,DXGI,0,512,1,27.84122950000000,0.18930000000000,40.50730000000000,0,Composed: Flip,1.80000000000000,0.00000000000000,0.00000000000000,0.00000000000000,-38.57750000000000,11.97830000000000,3.35180000000000
mpc-hc64.exe,73104,0x0000000006963910,DXGI,0,512,1,27.88274440000000,0.13970000000000,41.51490000000000,0,Composed: Flip,2.18810000000000,0.00000000000000,0.00000000000000,0.00000000000000,-39.63380000000000,12.47670000000000,8.86450000000000
mpc-hc64.exe,73104,0x0000000006963910,DXGI,0,512,1,27.92424290000000,0.18980000000000,41.49850000000000,0,Composed: Flip,1.86480000000000,0.00000000000000,0.00000000000000,0.00000000000000,-10.38510000000000,12.12720000000000,2.39110000000000
mpc-hc64.exe,73104,0x0000000006963910,DXGI,0,512,1,27.96575000000000,0.39710000000000,41.50710000000000,0,Composed: Flip,1.82460000000000,0.00000000000000,0.00000000000000,0.00000000000000,-39.56430000000000,12.09720000000000,3.86940000000000
mpc-hc64.exe,73104,0x0000000006963910,DXGI,0,512,1,28.00883910000000,0.26360000000000,43.08910000000000,0,Composed: Flip,1.86810000000000,0.00000000000000,0.00000000000000,0.00000000000000,-41.18320000000000,12.95800000000000,2.96530000000000
mpc-hc64.exe,73104,0x0000000006963910,DXGI,0,512,1,28.04829370000000,0.14790000000000,39.45460000000000,0,Composed: Flip,1.43440000000000,0.00000000000000,0.00000000000000,0.00000000000000,-37.34660000000000,11.45660000000000,2.47210000000000
mpc-hc64.exe,73104,0x0000000006963910,DXGI,0,512,1,28.09047410000000,0.60360000000000,42.18040000000000,0,Composed: Flip,1.77020000000000,0.00000000000000,0.00000000000000,0.00000000000000,-40.66520000000000,12.52230000000000,0.67310000000000
mpc-hc64.exe,73104,0x0000000006963910,DXGI,0,512,1,28.13999450000000,0.17340000000000,49.52040000000000,0,Composed: Flip,1.38540000000000,0.00000000000000,0.00000000000000,0.00000000000000,-47.66820000000000,12.99650000000000,2.15650000000000
mpc-hc64.exe,73104,0x0000000006963910,DXGI,0,512,1,28.17472180000000,0.16010000000000,34.72730000000000,0,Composed: Flip,2.29360000000000,0.00000000000000,0.00000000000000,0.00000000000000,-33.26170000000000,13.75870000000000,0.91990000000000
mpc-hc64.exe,73104,0x0000000006963910,DXGI,0,512,1,28.21660370000000,0.14020000000000,41.88190000000000,0,Composed: Flip,2.07990000000000,0.00000000000000,0.00000000000000,0.00000000000000,-10.25330000000000,12.09070000000000,6.79720000000000
mpc-hc64.exe,73104,0x0000000006963910,DXGI,0,512,1,28.25835280000000,0.79000000000000,41.74910000000000,0,Composed: Flip,1.80760000000000,0.00000000000000,0.00000000000000,0.00000000000000,-10.71720000000000,12.28900000000000,0.53750000000000
mpc-hc64.exe,73104,0x0000000006963910,DXGI,0,512,1,28.29959530000000,0.18430000000000,41.24250000000000,0,Composed: Flip,1.85240000000000,0.00000000000000,0.00000000000000,0.00000000000000,-39.35310000000000,12.81480000000000,1.71620000000000
mpc-hc64.exe,73104,0x0000000006963910,DXGI,0,512,1,28.34234110000000,0.50180000000000,42.74580000000000,0,Composed: Flip,1.72620000000000,0.00000000000000,0.00000000000000,0.00000000000000,-40.81410000000000,12.66620000000000,0.53570000000000
mpc-hc64.exe,73104,0x0000000006963910,DXGI,0,512,1,28.38263270000000,0.55530000000000,40.29160000000000,0,Composed: Flip,1.64720000000000,0.00000000000000,0.00000000000000,0.00000000000000,-38.48500000000000,12.74330000000000,0.83180000000000
mpc-hc64.exe,73104,0x0000000006963910,DXGI,0,512,1,28.42431910000000,0.19910000000000,41.68640000000000,0,Composed: Flip,1.75640000000000,0.00000000000000,0.00000000000000,0.00000000000000,-39.95530000000000,13.09320000000000,2.46770000000000
mpc-hc64.exe,73104,0x0000000006963910,DXGI,0,512,1,28.46565200000000,0.16970000000000,41.33290000000000,0,Composed: Flip,1.44450000000000,0.00000000000000,0.00000000000000,0.00000000000000,-39.50260000000000,11.79080000000000,7.84360000000000
mpc-hc64.exe,73104,0x0000000006963910,DXGI,0,512,1,28.50822100000000,0.26900000000000,42.56900000000000,0,Composed: Flip,1.79010000000000,0.00000000000000,0.00000000000000,0.00000000000000,-40.87500000000000,12.31750000000000,2.41990000000000
mpc-hc64.exe,73104,0x0000000006963910,DXGI,0,512,1,28.54882960000000,0.18240000000000,40.60860000000000,0,Composed: Flip,2.32660000000000,0.00000000000000,0.00000000000000,0.00000000000000,-38.74180000000000,12.20050000000000,3.02390000000000
mpc-hc64.exe,73104,0x0000000006963910,DXGI,0,512,1,28.59016930000000,0.17680000000000,41.33970000000000,0,Composed: Flip,1.91220000000000,0.00000000000000,0.00000000000000,0.00000000000000,-9.80550000000000,11.48080000000000,4.36140000000000
mpc-hc64.exe,73104,0x0000000006963910,DXGI,0,512,1,28.63337730000000,0.15450000000000,43.20800000000001,0,Composed: Flip,1.86390000000000,0.00000000000000,0.00000000000000,0.00000000000000,-41.21990000000000,11.74730000000000,3.57200000000000
mpc-hc64.exe,73104,0x0000000006963910,DXGI,0,512,1,28.67354330000000,0.21760000000000,40.16600000000000,0,Composed: Flip,1.51180000000000,0.00000000000000,0.00000000000000,0.00000000000000,-38.22760000000000,11.17750000000000,7.73620000000000
mpc-hc64.exe,73104,0x0000000006963910,DXGI,0,512,1,28.71570130000000,0.16530000000000,42.15800000000000,0,Composed: Flip,1.85470000000000,0.00000000000000,0.00000000000000,0.00000000000000,-40.54880000000000,12.27500000000000,5.89280000000000
mpc-hc64.exe,73104,0x0000000006963910,DXGI,0,512,1,28.75910860000000,0.28650000000000,43.40730000000000,0,Composed: Flip,1.42660000000000,0.00000000000000,0.00000000000000,0.00000000000000,-41.46870000000001,12.36940000000000,1.29860000000000
mpc-hc64.exe,73104,0x0000000006963910,DXGI,0,512,1,28.79991440000000,0.34770000000000,40.80580000000000,0,Composed: Flip,1.64170000000000,0.00000000000000,0.00000000000000,0.00000000000000,-38.72990000000000,13.06080000000000,6.06640000000000
mpc-hc64.exe,73104,0x0000000006963910,DXGI,0,512,1,28.84147180000000,0.23550000000000,41.55740000000000,0,Composed: Flip,1.81450000000000,0.00000000000000,0.00000000000000,0.00000000000000,-39.85030000000000,13.45340000000000,3.55960000000000
mpc-hc64.exe,73104,0x0000000006963910,DXGI,0,512,1,28.88413190000000,0.13390000000000,42.66010000000000,0,Composed: Flip,1.42240000000000,0.00000000000000,0.00000000000000,0.00000000000000,-40.76410000000000,12.31240000000000,2.29680000000000
mpc-hc64.exe,73104,0x0000000006963910,DXGI,0,512,1,28.92388240000000,0.18350000000000,39.75050000000000,0,Composed: Flip,1.78460000000000,0.00000000000000,0.00000000000000,0.00000000000000,-37.65720000000000,12.01480000000000,10.05040000000000
mpc-hc64.exe,73104,0x0000000006963910,DXGI,0,512,1,28.96651700000000,0.91890000000000,42.63460000000000,0,Composed: Flip,1.71460000000000,0.00000000000000,0.00000000000000,0.00000000000000,-40.58570000000000,12.04920000000000,0.70640000000000
mpc-hc64.exe,73104,0x0000000006963910,DXGI,0,512,1,29.00813900000000,0.19180000000000,41.62200000000000,0,Composed: Flip,1.79080000000000,0.00000000000000,0.00000000000000,0.00000000000000,-39.82840000000000,13.51890000000000,2.32000000000000
mpc-hc64.exe,73104,0x0000000006963910,DXGI,0,512,1,29.04924570000000,0.15990000000000,41.10670000000000,0,Composed: Flip,1.86170000000000,0.00000000000000,0.00000000000000,0.00000000000000,-39.23320000000000,12.24070000000000,3.41590000000000
mpc-hc64.exe,73104,0x0000000006963910,DXGI,0,512,1,29.09293210000000,0.14600000000000,43.68640000000000,0,Composed: Flip,1.50650000000000,0.00000000000000,0.00000000000000,0.00000000000000,-41.74340000000000,12.86770000000000,3.05620000000000
mpc-hc64.exe,73104,0x0000000006963910,DXGI,0,512,1,29.13419730000000,0.16480000000000,41.26520000000000,0,Composed: Flip,1.89820000000000,0.00000000000000,0.00000000000000,0.00000000000000,-39.67470000000000,13.32540000000000,4.34460000000000
mpc-hc64.exe,73104,0x0000000006963910,DXGI,0,512,1,29.17458390000000,0.36360000000000,40.38660000000000,0,Composed: Flip,1.76400000000000,0.00000000000000,0.00000000000000,0.00000000000000,-38.41550000000000,13.23340000000000,0.76450000000000
mpc-hc64.exe,73104,0x0000000006963910,DXGI,0,512,1,29.21528850000000,0.30020000000000,40.70460000000000,0,Composed: Flip,1.95010000000000,0.00000000000000,0.00000000000000,0.00000000000000,-38.86470000000000,13.09200000000000,17.46700000000000
mpc-hc64.exe,73104,0x0000000006963910,DXGI,0,512,1,29.25781290000000,0.18560000000000,42.52440000000000,0,Composed: Flip,1.88320000000000,0.00000000000000,0.00000000000000,0.00000000000000,-40.52810000000000,12.45800000000000,0.00000000000000
mpc-hc64.exe,73104,0x0000000006963910,DXGI,0,512,0,29.25806300000000,0.10310000000000,0.25010000000000,1,Hardware: Independent Flip,1.71990000000000,19.82290000000000,3287.93840000000000,8.80100000000000,1.63310000000000,0.08680000000000,0.00000000000000
mpc-hc64.exe,73104,0x0000000006963910,DXGI,0,512,0,29.29961530000000,0.27140000000000,41.55230000000000,1,Hardware: Independent Flip,1.95580000000000,17.56700000000000,39.29640000000000,15.61120000000000,-39.83240000000000,11.98430000000000,0.00000000000000
mpc-hc64.exe,73104,0x0000000006963910,DXGI,0,512,0,29.29996810000000,0.12250000000000,0.35280000000000,1,Hardware: Independent Flip,1.67380000000000,17.21420000000000,0.00000000000000,15.54040000000000,1.60300000000000,0.07080000000000,0.00000000000000
mpc-hc64.exe,73104,0x0000000006963910,DXGI,0,512,0,29.34154780000000,0.27670000000000,41.57970000000000,1,Hardware: Independent Flip,2.36510000000000,2.36510000000000,26.73060000000000,0.00000000000000,-39.90590000000000,13.37200000000000,0.00000000000000
mpc-hc64.exe,73104,0x0000000006963910,DXGI,0,512,0,29.34189570000000,0.10100000000000,0.34790000000000,1,Hardware: Independent Flip,2.09280000000000,23.18740000000000,21.17020000000000,21.09460000000000,2.01720000000000,0.07560000000000,0.00000000000000
mpc-hc64.exe,73104,0x0000000006963910,DXGI,0,512,0,29.38194810000000,0.38210000000000,40.05240000000000,1,Hardware: Independent Flip,1.98050000000000,1.98050000000000,18.84550000000000,0.00000000000000,-37.95960000000000,11.97600000000000,0.00000000000000
mpc-hc64.exe,73104,0x0000000006963910,DXGI,0,512,0,29.38240980000000,0.10460000000000,0.46170000000000,1,Hardware: Independent Flip,1.60020000000000,21.52130000000000,20.00250000000000,19.92110000000000,1.51880000000000,0.08140000000000,0.00000000000000
mpc-hc64.exe,73104,0x0000000006963910,DXGI,0,512,0,29.42359600000000,0.34030000000000,41.18620000000000,1,Hardware: Independent Flip,2.21350000000000,2.21350000000000,21.87840000000000,0.00000000000000,-39.58600000000000,12.35800000000000,0.00000000000000
mpc-hc64.exe,73104,0x0000000006963910,DXGI,0,512,0,29.42403310000000,0.10450000000000,0.43710000000000,1,Hardware: Independent Flip,1.84140000000000,22.68680000000000,20.91040000000000,20.84540000000000,1.77640000000000,0.06500000000000,0.00000000000000
