Application,ProcessID,SwapChainAddress,Runtime,SyncInterval,PresentFlags,Dropped,TimeInSeconds,msInPresentAPI,msBetweenPresents,AllowsTearing,PresentMode,msUntilRenderComplete,msUntilDisplayed,msBetweenDisplayChange,msFlipDelay,msUntilRenderStart,msGPUActive,msSinceInput
mpc-hc64.exe,64292,0x00000000075C5C90,DXGI,0,512,1,6.95591660000000,0.12850000000000,194.60580000000002,0,Composed: Flip,0.58090000000000,0.00000000000000,0.00000000000000,0.00000000000000,-0.02170000000000,0.54600000000000,0.00000000000000
mpc-hc64.exe,64292,0x00000000075C5C90,DXGI,0,512,1,6.76062070000000,0.57000000000000,0.00000000000000,0,Composed: Flip,0.57230000000000,0.00000000000000,0.00000000000000,0.00000000000000,-1414.20980000000009,40.88500000000001,0.00000000000000
mpc-hc64.exe,64292,0x00000000075C5C90,DXGI,0,512,1,6.95432990000000,1.46040000000000,193.70920000000001,0,Composed: Flip,1.46210000000000,0.00000000000000,0.00000000000000,0.00000000000000,-185.45850000000002,25.02950000000000,0.00000000000000
mpc-hc64.exe,64292,0x00000000075C5C90,DXGI,0,512,1,6.97391050000000,0.18980000000000,19.58060000000000,0,Composed: Flip,0.84350000000000,0.00000000000000,0.00000000000000,0.00000000000000,-11.19160000000000,10.60250000000000,0.00000000000000
mpc-hc64.exe,64292,0x00000000075C5C90,DXGI,0,512,0,6.97498640000000,1.23560000000000,1.07590000000000,1,Hardware: Independent Flip,1.24310000000000,14.56520000000000,0.00000000000000,1.51460000000000,-0.23240000000000,0.16550000000000,0.00000000000000
mpc-hc64.exe,64292,0x00000000075C5C90,DXGI,0,512,0,6.99428540000000,0.21260000000000,19.29900000000000,1,Hardware: Independent Flip,0.98830000000000,2.16560000000000,6.89940000000000,1.17730000000000,-16.36380000000000,12.58260000000000,0.00000000000000
mpc-hc64.exe,64292,0x00000000075C5C90,DXGI,0,512,0,6.99456540000000,0.81730000000000,0.28000000000000,1,Hardware: Independent Flip,0.85290000000000,7.07660000000000,5.19100000000000,6.22370000000000,0.70830000000000,0.06910000000000,0.00000000000000
mpc-hc64.exe,64292,0x00000000075C5C90,DXGI,0,512,0,7.01465200000000,0.20650000000000,20.08660000000000,1,Hardware: Independent Flip,0.98280000000000,0.98280000000000,13.99280000000000,0.00000000000000,-19.23370000000000,11.83100000000000,0.00000000000000
mpc-hc64.exe,64292,0x00000000075C5C90,DXGI,0,512,0,7.01493740000000,0.10640000000000,0.28540000000000,1,Hardware: Independent Flip,0.76570000000000,10.81020000000000,10.11280000000000,10.04450000000000,0.69740000000000,0.06480000000000,0.00000000000000
mpc-hc64.exe,64292,0x00000000075C5C90,DXGI,0,512,0,7.04263240000000,0.18040000000000,27.69500000000000,1,Hardware: Independent Flip,0.95060000000000,0.95060000000000,17.83540000000000,0.00000000000000,-26.92930000000000,22.41780000000000,0.00000000000000
mpc-hc64.exe,64292,0x00000000075C5C90,DXGI,0,512,0,7.04288390000000,0.10360000000000,0.25150000000000,1,Hardware: Independent Flip,0.75990000000000,14.64390000000000,13.94480000000000,13.88400000000000,0.69910000000000,0.05790000000000,0.00000000000000
mpc-hc64.exe,64292,0x00000000075C5C90,DXGI,0,512,0,7.06291030000000,0.29010000000000,20.02640000000000,1,Hardware: Independent Flip,0.94000000000000,0.94000000000000,6.32250000000000,0.00000000000000,-19.26650000000000,11.31410000000000,0.00000000000000
mpc-hc64.exe,64292,0x00000000075C5C90,DXGI,0,512,0,7.06327600000000,0.10490000000000,0.36570000000000,1,Hardware: Independent Flip,0.64010000000000,10.68450000000000,10.11020000000000,10.04440000000000,0.57430000000000,0.06300000000000,0.00000000000000
mpc-hc64.exe,64292,0x00000000075C5C90,DXGI,0,512,0,7.08463560000000,0.23580000000000,21.35960000000000,1,Hardware: Independent Flip,0.91610000000000,0.91610000000000,11.59120000000000,0.00000000000000,-20.71950000000000,11.82310000000000,0.00000000000000
mpc-hc64.exe,64292,0x00000000075C5C90,DXGI,0,512,0,7.08494440000000,0.12000000000000,0.30880000000000,1,Hardware: Independent Flip,0.67490000000000,11.43230000000000,10.82500000000000,10.75740000000000,0.60730000000000,0.06430000000000,0.00000000000000
mpc-hc64.exe,64292,0x00000000075C5C90,DXGI,0,512,0,7.10566820000000,0.20330000000000,20.72380000000000,1,Hardware: Independent Flip,0.95020000000000,8.16020000000000,17.45170000000000,7.21000000000000,-20.04890000000000,11.96650000000000,0.00000000000000
mpc-hc64.exe,64292,0x00000000075C5C90,DXGI,0,512,0,7.10594120000000,0.10640000000000,0.27300000000000,1,Hardware: Independent Flip,0.74830000000000,11.18520000000000,3.29800000000000,10.43690000000000,0.67720000000000,0.06780000000000,0.00000000000000
mpc-hc64.exe,64292,0x00000000075C5C90,DXGI,0,512,0,7.12911120000000,0.20220000000000,23.17000000000000,1,Hardware: Independent Flip,0.89680000000000,0.89680000000000,12.88160000000000,0.00000000000000,-22.42170000000000,10.73140000000000,0.00000000000000
mpc-hc64.exe,64292,0x00000000075C5C90,DXGI,0,512,0,7.12938810000000,0.10010000000000,0.27690000000000,1,Hardware: Independent Flip,0.69880000000000,12.29590000000000,11.67600000000000,11.59710000000000,0.61990000000000,0.07720000000000,0.00000000000000
mpc-hc64.exe,64292,0x00000000075C5C90,DXGI,0,512,0,7.14471140000000,0.16260000000000,15.32330000000000,1,Hardware: Independent Flip,1.18860000000000,4.98100000000000,8.00840000000000,3.79240000000000,-14.62450000000000,11.11680000000000,0.00000000000000
mpc-hc64.exe,64292,0x00000000075C5C90,DXGI,0,512,0,7.14494090000000,0.09780000000000,0.22950000000000,1,Hardware: Independent Flip,1.01840000000000,8.87510000000000,4.12360000000000,7.85670000000000,0.95910000000000,0.05930000000000,0.00000000000000
mpc-hc64.exe,64292,0x00000000075C5C90,DXGI,0,512,0,7.16545430000000,0.22200000000000,20.51340000000000,1,Hardware: Independent Flip,1.15460000000000,3.98570000000000,15.62400000000000,2.83110000000000,-19.49500000000000,10.44970000000000,0.00000000000000
mpc-hc64.exe,64292,0x00000000075C5C90,DXGI,0,512,0,7.16575920000000,0.11550000000000,0.30490000000000,1,Hardware: Independent Flip,0.90770000000000,11.18420000000000,7.50340000000000,10.27650000000000,0.84970000000000,0.05800000000000,0.00000000000000
mpc-hc64.exe,64292,0x00000000075C5C90,DXGI,0,512,0,7.18640530000000,0.22420000000000,20.64610000000000,1,Hardware: Independent Flip,1.16440000000000,1.16440000000000,10.62630000000000,0.00000000000000,-19.73840000000000,10.57780000000000,0.00000000000000
mpc-hc64.exe,64292,0x00000000075C5C90,DXGI,0,512,0,7.18670990000000,0.11500000000000,0.30460000000000,1,Hardware: Independent Flip,0.92160000000000,11.31930000000000,10.45950000000000,10.39770000000000,0.85980000000000,0.06180000000000,0.00000000000000
mpc-hc64.exe,64292,0x00000000075C5C90,DXGI,0,512,0,7.20818040000000,0.16080000000000,21.47050000000000,1,Hardware: Independent Flip,1.22040000000000,1.22040000000000,11.37160000000000,0.00000000000000,-20.54890000000000,10.49640000000000,0.00000000000000
mpc-hc64.exe,64292,0x00000000075C5C90,DXGI,0,512,0,7.20840270000000,0.09420000000000,0.22230000000000,1,Hardware: Independent Flip,1.05470000000000,11.89280000000000,10.89470000000000,10.83810000000000,0.99810000000000,0.05660000000000,0.00000000000000
mpc-hc64.exe,64292,0x00000000075C5C90,DXGI,0,512,0,7.22781720000000,0.15670000000000,19.41450000000000,1,Hardware: Independent Flip,1.44640000000000,1.44640000000000,8.96810000000000,0.00000000000000,-18.35980000000000,10.58230000000000,0.00000000000000
mpc-hc64.exe,64292,0x00000000075C5C90,DXGI,0,512,0,7.22806390000000,0.10380000000000,0.24670000000000,1,Hardware: Independent Flip,1.25520000000000,11.11560000000000,9.91590000000000,9.86040000000000,1.19970000000000,0.05550000000000,0.00000000000000
mpc-hc64.exe,64292,0x00000000075C5C90,DXGI,0,512,0,7.24860420000000,0.14380000000000,20.54030000000000,1,Hardware: Independent Flip,1.18600000000000,1.18600000000000,10.61070000000000,0.00000000000000,-19.28510000000000,10.12920000000000,0.00000000000000
mpc-hc64.exe,64292,0x00000000075C5C90,DXGI,0,512,0,7.24881150000000,0.09170000000000,0.20730000000000,1,Hardware: Independent Flip,1.04260000000000,11.22450000000000,10.24580000000000,10.18190000000000,0.97870000000000,0.06390000000000,0.00000000000000
mpc-hc64.exe,64292,0x00000000075C5C90,DXGI,0,512,0,7.26949170000000,0.25410000000000,20.68020000000000,1,Hardware: Independent Flip,1.36110000000000,1.36110000000000,10.81680000000000,0.00000000000000,-19.63760000000000,10.59060000000000,0.00000000000000
mpc-hc64.exe,64292,0x00000000075C5C90,DXGI,0,512,0,7.26985050000000,0.10580000000000,0.35880000000000,1,Hardware: Independent Flip,1.06230000000000,11.50600000000000,10.50370000000000,10.44370000000000,1.00230000000000,0.06000000000000,0.00000000000000
mpc-hc64.exe,64292,0x00000000075C5C90,DXGI,0,512,0,7.29029900000000,0.14760000000000,20.44850000000000,1,Hardware: Independent Flip,1.17850000000000,6.51160000000000,15.45410000000000,5.33310000000000,-19.38620000000000,10.12890000000000,0.00000000000000
mpc-hc64.exe,64292,0x00000000075C5C90,DXGI,0,512,0,7.29050910000000,0.08970000000000,0.21010000000000,1,Hardware: Independent Flip,1.03350000000000,11.26300000000000,4.96150000000000,10.22950000000000,0.96840000000000,0.06510000000000,0.00000000000000
mpc-hc64.exe,64292,0x00000000075C5C90,DXGI,0,512,0,7.31106160000000,0.13890000000000,20.55250000000000,1,Hardware: Independent Flip,1.18940000000000,1.18940000000000,10.47890000000000,0.00000000000000,-19.51900000000000,10.23820000000000,0.00000000000000
mpc-hc64.exe,64292,0x00000000075C5C90,DXGI,0,512,0,7.31126340000000,0.09110000000000,0.20180000000000,1,Hardware: Independent Flip,1.05240000000000,11.35190000000000,10.36430000000000,10.29950000000000,0.98760000000000,0.06480000000000,0.00000000000000
mpc-hc64.exe,64292,0x00000000075C5C90,DXGI,0,512,0,7.33195460000000,0.15810000000000,20.69120000000000,1,Hardware: Independent Flip,1.16310000000000,4.94280000000000,14.28210000000000,3.77970000000000,-19.63880000000000,10.43870000000000,0.00000000000000
mpc-hc64.exe,64292,0x00000000075C5C90,DXGI,0,512,0,7.33217110000000,0.09630000000000,0.21650000000000,1,Hardware: Independent Flip,1.02110000000000,11.37980000000000,6.65350000000000,10.35870000000000,0.94660000000000,0.07450000000000,0.00000000000000
mpc-hc64.exe,64292,0x00000000075C5C90,DXGI,0,512,0,7.35256100000000,0.13440000000000,20.38990000000000,1,Hardware: Independent Flip,1.18730000000000,6.61230000000000,15.62240000000000,5.42500000000000,-19.36880000000000,10.21170000000000,0.00000000000000
mpc-hc64.exe,64292,0x00000000075C5C90,DXGI,0,512,0,7.35275520000000,0.08630000000000,0.19420000000000,1,Hardware: Independent Flip,1.06770000000000,11.30180000000000,4.88370000000000,10.23410000000000,0.99310000000000,0.07460000000000,0.00000000000000
mpc-hc64.exe,64292,0x00000000075C5C90,DXGI,0,512,0,7.37373000000000,0.22850000000000,20.97480000000000,1,Hardware: Independent Flip,1.02090000000000,5.67720000000000,15.35020000000000,4.65630000000000,-19.90710000000000,10.35130000000000,0.00000000000000
mpc-hc64.exe,64292,0x00000000075C5C90,DXGI,0,512,0,7.37405470000000,0.11230000000000,0.32470000000000,1,Hardware: Independent Flip,0.75590000000000,11.16650000000000,5.81400000000000,10.41060000000000,0.69620000000000,0.05970000000000,0.00000000000000
mpc-hc64.exe,64292,0x00000000075C5C90,DXGI,0,512,0,7.39407850000000,0.18950000000000,20.02380000000000,1,Hardware: Independent Flip,1.53930000000000,6.67290000000000,15.53020000000000,5.13360000000000,-19.26790000000000,10.68920000000000,0.00000000000000
mpc-hc64.exe,64292,0x00000000075C5C90,DXGI,0,512,0,7.39435880000000,0.11860000000000,0.28030000000000,1,Hardware: Independent Flip,1.31600000000000,11.67320000000000,5.28060000000000,10.35720000000000,1.25900000000000,0.05700000000000,0.00000000000000
mpc-hc64.exe,64292,0x00000000075C5C90,DXGI,0,512,0,7.41521670000000,0.13500000000000,20.85790000000000,1,Hardware: Independent Flip,1.19450000000000,6.33260000000000,15.51730000000000,5.13810000000000,-19.54190000000000,10.01180000000000,0.00000000000000
mpc-hc64.exe,64292,0x00000000075C5C90,DXGI,0,512,0,7.41541070000000,0.08980000000000,0.19400000000000,1,Hardware: Independent Flip,1.05990000000000,11.37980000000000,5.24120000000000,10.31990000000000,1.00050000000000,0.05940000000000,0.00000000000000
mpc-hc64.exe,64292,0x00000000075C5C90,DXGI,0,512,0,7.43603320000000,0.19700000000000,20.62250000000000,1,Hardware: Independent Flip,1.36320000000000,1.36320000000000,10.60590000000000,0.00000000000000,-19.56260000000000,10.23320000000000,0.00000000000000
mpc-hc64.exe,64292,0x00000000075C5C90,DXGI,0,512,0,7.43632140000000,0.13320000000000,0.28820000000000,1,Hardware: Independent Flip,1.15090000000000,11.57350000000000,10.49850000000000,10.42260000000000,1.07500000000000,0.07590000000000,0.00000000000000
mpc-hc64.exe,64292,0x00000000075C5C90,DXGI,0,512,0,7.45817540000000,0.18020000000000,21.85400000000000,1,Hardware: Independent Flip,1.21260000000000,6.51490000000000,16.79540000000000,5.30230000000000,-20.70310000000000,9.92460000000000,0.00000000000000
mpc-hc64.exe,64292,0x00000000075C5C90,DXGI,0,512,0,7.45841950000000,0.12270000000000,0.24410000000000,1,Hardware: Independent Flip,1.14860000000000,11.99560000000000,5.72480000000000,10.84700000000000,0.96850000000000,0.18010000000000,0.00000000000000
mpc-hc64.exe,64292,0x00000000075C5C90,DXGI,0,512,0,7.47776650000000,0.14280000000000,19.34700000000000,1,Hardware: Independent Flip,1.14670000000000,7.08950000000000,14.44090000000000,5.94280000000000,-18.19840000000000,10.06060000000000,0.00000000000000
mpc-hc64.exe,64292,0x00000000075C5C90,DXGI,0,512,0,7.47796700000000,0.08560000000000,0.20050000000000,1,Hardware: Independent Flip,1.00250000000000,10.63030000000000,3.74130000000000,9.62780000000000,0.94620000000000,0.05630000000000,0.00000000000000
mpc-hc64.exe,64292,0x00000000075C5C90,DXGI,0,512,0,7.49889230000000,0.13640000000000,20.92530000000000,1,Hardware: Independent Flip,1.18860000000000,1.18860000000000,11.48360000000000,0.00000000000000,-19.92280000000000,10.46720000000000,0.00000000000000
mpc-hc64.exe,64292,0x00000000075C5C90,DXGI,0,512,0,7.49908810000000,0.08240000000000,0.19580000000000,1,Hardware: Independent Flip,1.05270000000000,11.55720000000000,10.56440000000000,10.50450000000000,0.99280000000000,0.05990000000000,0.00000000000000
mpc-hc64.exe,64292,0x00000000075C5C90,DXGI,0,512,0,7.51959370000000,0.14730000000000,20.50560000000000,1,Hardware: Independent Flip,1.18230000000000,1.18230000000000,10.13070000000000,0.00000000000000,-19.45290000000000,10.48290000000000,0.00000000000000
mpc-hc64.exe,64292,0x00000000075C5C90,DXGI,0,512,0,7.51979670000000,0.08190000000000,0.20300000000000,1,Hardware: Independent Flip,1.04620000000000,11.32760000000000,10.34830000000000,10.28140000000000,0.97930000000000,0.06690000000000,0.00000000000000
mpc-hc64.exe,64292,0x00000000075C5C90,DXGI,0,512,0,7.54002240000000,0.13200000000000,20.22570000000000,1,Hardware: Independent Flip,1.42030000000000,6.76110000000000,15.65920000000000,5.34080000000000,-19.17950000000000,10.10120000000000,0.00000000000000
mpc-hc64.exe,64292,0x00000000075C5C90,DXGI,0,512,0,7.54020910000000,0.08850000000000,0.18670000000000,1,Hardware: Independent Flip,1.30300000000000,11.56590000000000,4.99150000000000,10.26290000000000,1.23360000000000,0.06940000000000,0.00000000000000
mpc-hc64.exe,64292,0x00000000075C5C90,DXGI,0,512,0,7.56125100000000,0.15540000000000,21.04190000000000,1,Hardware: Independent Flip,1.40810000000000,6.49040000000000,15.96640000000000,5.08230000000000,-19.73890000000000,9.94920000000000,0.00000000000000
mpc-hc64.exe,64292,0x00000000075C5C90,DXGI,0,512,0,7.56153340000000,0.14820000000000,0.28240000000000,1,Hardware: Independent Flip,1.19560000000000,11.72070000000000,5.51270000000000,10.52510000000000,1.12570000000000,0.06990000000000,0.00000000000000
mpc-hc64.exe,64292,0x00000000075C5C90,DXGI,0,512,0,7.58268530000000,0.16010000000000,21.15190000000000,1,Hardware: Independent Flip,1.24360000000000,1.24360000000000,10.67480000000000,0.00000000000000,-19.95630000000000,9.63460000000000,0.00000000000000
mpc-hc64.exe,64292,0x00000000075C5C90,DXGI,0,512,0,7.58290360000000,0.08540000000000,0.21830000000000,1,Hardware: Independent Flip,1.08520000000000,11.64000000000000,10.61470000000000,10.55480000000000,1.02530000000000,0.05990000000000,0.00000000000000
mpc-hc64.exe,64292,0x00000000075C5C90,DXGI,0,512,0,7.60270420000000,0.21630000000000,19.80060000000000,1,Hardware: Independent Flip,1.33020000000000,7.20830000000000,15.36890000000000,5.87810000000000,-18.71540000000000,10.14590000000000,0.00000000000000
mpc-hc64.exe,64292,0x00000000075C5C90,DXGI,0,512,0,7.60303130000000,0.11940000000000,0.32710000000000,1,Hardware: Independent Flip,1.06160000000000,11.03390000000000,4.15270000000000,9.97230000000000,1.00310000000000,0.05850000000000,0.00000000000000
mpc-hc64.exe,64292,0x00000000075C5C90,DXGI,0,512,0,7.62389480000000,0.13580000000000,20.86350000000000,1,Hardware: Independent Flip,1.18720000000000,5.74470000000000,15.57430000000000,4.55750000000000,-19.80190000000000,10.46510000000000,0.00000000000000
mpc-hc64.exe,64292,0x00000000075C5C90,DXGI,0,512,0,7.62408790000000,0.08190000000000,0.19310000000000,1,Hardware: Independent Flip,1.05160000000000,11.49700000000000,5.94540000000000,10.44540000000000,0.99410000000000,0.05750000000000,0.00000000000000
mpc-hc64.exe,64292,0x00000000075C5C90,DXGI,0,512,0,7.64477780000000,0.17780000000000,20.68990000000000,1,Hardware: Independent Flip,1.43410000000000,1.43410000000000,10.62700000000000,0.00000000000000,-19.63830000000000,10.54320000000000,0.00000000000000
mpc-hc64.exe,64292,0x00000000075C5C90,DXGI,0,512,0,7.64501650000000,0.10010000000000,0.23870000000000,1,Hardware: Independent Flip,1.25060000000000,11.73480000000000,10.53940000000000,10.48420000000000,1.19540000000000,0.05520000000000,0.00000000000000
mpc-hc64.exe,64292,0x00000000075C5C90,DXGI,0,512,0,7.66658200000000,0.14400000000000,21.56550000000000,1,Hardware: Independent Flip,1.18880000000000,1.18880000000000,11.01950000000000,0.00000000000000,-20.31490000000000,9.49460000000000,0.00000000000000
mpc-hc64.exe,64292,0x00000000075C5C90,DXGI,0,512,0,7.66678370000000,0.08490000000000,0.20170000000000,1,Hardware: Independent Flip,1.06250000000000,11.77290000000000,10.78580000000000,10.71040000000000,0.98710000000000,0.07540000000000,0.00000000000000
mpc-hc64.exe,64292,0x00000000075C5C90,DXGI,0,512,0,7.68616570000000,0.13780000000000,19.38200000000000,1,Hardware: Independent Flip,1.19860000000000,7.98220000000000,15.59130000000000,6.78360000000000,-18.31950000000000,10.15630000000000,0.00000000000000
mpc-hc64.exe,64292,0x00000000075C5C90,DXGI,0,512,0,7.68636050000000,0.08750000000000,0.19480000000000,1,Hardware: Independent Flip,1.06060000000000,10.77140000000000,2.98400000000000,9.71080000000000,1.00380000000000,0.05680000000000,0.00000000000000
mpc-hc64.exe,64292,0x00000000075C5C90,DXGI,0,512,0,7.70865180000000,0.15330000000000,22.29130000000000,1,Hardware: Independent Flip,1.20540000000000,1.20540000000000,12.72530000000000,0.00000000000000,-21.23070000000000,9.77610000000000,0.00000000000000
mpc-hc64.exe,64292,0x00000000075C5C90,DXGI,0,512,0,7.70886000000000,0.08350000000000,0.20820000000000,1,Hardware: Independent Flip,1.05570000000000,12.22500000000000,11.22780000000000,11.16930000000000,0.99720000000000,0.05850000000000,0.00000000000000
mpc-hc64.exe,64292,0x00000000075C5C90,DXGI,0,512,0,7.72780970000000,0.14310000000000,18.94970000000000,1,Hardware: Independent Flip,1.15390000000000,1.15390000000000,7.87860000000000,0.00000000000000,-17.89400000000000,10.11100000000000,0.00000000000000
mpc-hc64.exe,64292,0x00000000075C5C90,DXGI,0,512,0,7.72800930000000,0.08420000000000,0.19960000000000,1,Hardware: Independent Flip,1.01040000000000,10.48800000000000,9.53370000000000,9.47760000000000,0.95430000000000,0.05610000000000,0.00000000000000
mpc-hc64.exe,64292,0x00000000075C5C90,DXGI,0,512,0,7.74900420000000,0.17620000000000,20.99490000000000,1,Hardware: Independent Flip,1.22130000000000,5.25130000000000,15.75820000000000,4.03000000000000,-19.98450000000000,10.62180000000000,0.00000000000000
mpc-hc64.exe,64292,0x00000000075C5C90,DXGI,0,512,0,7.74923810000000,0.08750000000000,0.23390000000000,1,Hardware: Independent Flip,1.04580000000000,11.59850000000000,6.58110000000000,10.55270000000000,0.98740000000000,0.05840000000000,0.00000000000000
mpc-hc64.exe,64292,0x00000000075C5C90,DXGI,0,512,0,7.76954490000000,0.16520000000000,20.30680000000000,1,Hardware: Independent Flip,1.18550000000000,5.71040000000000,14.41870000000000,4.52490000000000,-19.26100000000000,10.09020000000000,0.00000000000000
mpc-hc64.exe,64292,0x00000000075C5C90,DXGI,0,512,0,7.76976890000000,0.08700000000000,0.22400000000000,1,Hardware: Independent Flip,1.01930000000000,11.19380000000000,5.70740000000000,10.17450000000000,0.96150000000000,0.05780000000000,0.00000000000000
mpc-hc64.exe,64292,0x00000000075C5C90,DXGI,0,512,0,7.79099570000000,0.14200000000000,21.22680000000000,1,Hardware: Independent Flip,1.20610000000000,6.08430000000000,16.11730000000000,4.87820000000000,-20.20750000000000,9.78750000000000,0.00000000000000
mpc-hc64.exe,64292,0x00000000075C5C90,DXGI,0,512,0,7.79119470000000,0.09390000000000,0.19900000000000,1,Hardware: Independent Flip,1.06280000000000,11.72060000000000,5.83530000000000,10.65780000000000,1.00710000000000,0.05570000000000,0.00000000000000
mpc-hc64.exe,64292,0x00000000075C5C90,DXGI,0,512,0,7.81096600000000,0.13330000000000,19.77130000000000,1,Hardware: Independent Flip,1.38820000000000,7.28400000000000,15.33470000000000,5.89580000000000,-18.70850000000000,10.17020000000000,0.00000000000000
mpc-hc64.exe,64292,0x00000000075C5C90,DXGI,0,512,0,7.81115250000000,0.09470000000000,0.18650000000000,1,Hardware: Independent Flip,1.27640000000000,11.28270000000000,4.18520000000000,10.00630000000000,1.20170000000000,0.07470000000000,0.00000000000000
mpc-hc64.exe,64292,0x00000000075C5C90,DXGI,0,512,0,7.83235860000000,0.15080000000000,21.20610000000000,1,Hardware: Independent Flip,1.21440000000000,1.21440000000000,11.13780000000000,0.00000000000000,-19.92970000000000,9.26550000000000,0.00000000000000
mpc-hc64.exe,64292,0x00000000075C5C90,DXGI,0,512,0,7.83256390000000,0.07760000000000,0.20530000000000,1,Hardware: Independent Flip,1.06490000000000,11.58460000000000,10.57550000000000,10.51970000000000,1.00910000000000,0.05580000000000,0.00000000000000
mpc-hc64.exe,64292,0x00000000075C5C90,DXGI,0,512,0,7.85270960000000,0.13830000000000,20.14570000000000,1,Hardware: Independent Flip,1.17300000000000,1.17300000000000,9.73410000000000,0.00000000000000,-19.08080000000000,9.91800000000000,0.00000000000000
mpc-hc64.exe,64292,0x00000000075C5C90,DXGI,0,512,0,7.85290620000000,0.08250000000000,0.19660000000000,1,Hardware: Independent Flip,1.04050000000000,11.11550000000000,10.13910000000000,10.07500000000000,0.97640000000000,0.06410000000000,0.00000000000000
mpc-hc64.exe,64292,0x00000000075C5C90,DXGI,0,512,0,7.87334890000000,0.13950000000000,20.44270000000000,1,Hardware: Independent Flip,1.20480000000000,1.20480000000000,10.53200000000000,0.00000000000000,-19.40220000000000,9.93500000000000,0.00000000000000
mpc-hc64.exe,64292,0x00000000075C5C90,DXGI,0,512,0,7.87354620000000,0.08330000000000,0.19730000000000,1,Hardware: Independent Flip,1.33180000000000,1.33180000000000,0.32430000000000,0.00000000000000,1.00750000000000,0.32430000000000,0.00000000000000
mpc-hc64.exe,64292,0x00000000075C5C90,DXGI,0,512,0,7.89452210000000,0.17190000000000,20.97590000000000,1,Hardware: Independent Flip,1.17030000000000,6.11620000000000,25.76030000000000,4.94590000000000,-19.64410000000000,9.84200000000000,0.00000000000000
mpc-hc64.exe,64292,0x00000000075C5C90,DXGI,0,512,0,7.89475410000000,0.08330000000000,0.23200000000000,1,Hardware: Independent Flip,1.00140000000000,11.36150000000000,5.47730000000000,10.36010000000000,0.93830000000000,0.06310000000000,0.00000000000000
mpc-hc64.exe,64292,0x00000000075C5C90,DXGI,0,512,0,7.91618920000000,0.14260000000000,21.43510000000000,1,Hardware: Independent Flip,1.20540000000000,6.20970000000000,16.28330000000000,5.00430000000000,-20.43370000000000,10.10930000000000,0.00000000000000
mpc-hc64.exe,64292,0x00000000075C5C90,DXGI,0,512,0,7.91638820000000,0.08310000000000,0.19900000000000,1,Hardware: Independent Flip,1.06230000000000,11.83600000000000,5.82530000000000,10.77370000000000,1.00640000000000,0.05590000000000,0.00000000000000
mpc-hc64.exe,64292,0x00000000075C5C90,DXGI,0,512,0,7.93626460000000,0.13860000000000,19.87640000000000,1,Hardware: Independent Flip,1.18590000000000,7.33490000000000,15.37530000000000,6.14900000000000,-18.81410000000000,9.93230000000000,0.00000000000000
mpc-hc64.exe,64292,0x00000000075C5C90,DXGI,0,512,0,7.93650000000000,0.09070000000000,0.23540000000000,1,Hardware: Independent Flip,1.00720000000000,10.95760000000000,3.85810000000000,9.95040000000000,0.95050000000000,0.05670000000000,0.00000000000000
mpc-hc64.exe,64292,0x00000000075C5C90,DXGI,0,512,0,7.95753830000000,0.16280000000000,21.03830000000000,1,Hardware: Independent Flip,1.17670000000000,5.85470000000000,15.93540000000000,4.67800000000000,-20.03110000000000,9.57930000000000,0.00000000000000
mpc-hc64.exe,64292,0x00000000075C5C90,DXGI,0,512,0,7.95775810000000,0.09390000000000,0.21980000000000,1,Hardware: Independent Flip,1.01360000000000,11.57090000000000,5.93600000000000,10.55730000000000,0.95690000000000,0.05670000000000,0.00000000000000
mpc-hc64.exe,64292,0x00000000075C5C90,DXGI,0,512,0,7.97758740000000,0.15440000000000,19.82930000000000,1,Hardware: Independent Flip,1.39580000000000,1.39580000000000,9.65420000000000,0.00000000000000,-18.81570000000000,10.23630000000000,0.00000000000000
mpc-hc64.exe,64292,0x00000000075C5C90,DXGI,0,512,0,7.97779800000000,0.08210000000000,0.21060000000000,1,Hardware: Independent Flip,1.25240000000000,11.32250000000000,10.13730000000000,10.07010000000000,1.18520000000000,0.06720000000000,0.00000000000000
mpc-hc64.exe,64292,0x00000000075C5C90,DXGI,0,512,0,7.99851870000000,0.15170000000000,20.72070000000000,1,Hardware: Independent Flip,1.18010000000000,1.18010000000000,10.57830000000000,0.00000000000000,-19.46830000000000,9.89030000000000,0.00000000000000
mpc-hc64.exe,64292,0x00000000075C5C90,DXGI,0,512,0,7.99872730000000,0.08070000000000,0.20860000000000,1,Hardware: Independent Flip,1.03000000000000,11.30360000000000,10.33210000000000,10.27360000000000,0.97150000000000,0.05850000000000,0.00000000000000
mpc-hc64.exe,64292,0x00000000075C5C90,DXGI,0,512,0,8.01965470000000,0.17030000000000,20.92740000000000,1,Hardware: Independent Flip,1.18240000000000,1.18240000000000,10.80620000000000,0.00000000000000,-19.89740000000000,10.25660000000000,0.00000000000000
mpc-hc64.exe,64292,0x00000000075C5C90,DXGI,0,512,0,8.01988060000000,0.08220000000000,0.22590000000000,1,Hardware: Independent Flip,1.01170000000000,11.50670000000000,10.55020000000000,10.49500000000000,0.95650000000000,0.05520000000000,0.00000000000000
mpc-hc64.exe,64292,0x00000000075C5C90,DXGI,0,512,0,8.04005350000000,0.12770000000000,20.17290000000000,1,Hardware: Independent Flip,1.22120000000000,1.22120000000000,9.88740000000000,0.00000000000000,-19.16120000000000,10.12540000000000,0.00000000000000
mpc-hc64.exe,64292,0x00000000075C5C90,DXGI,0,512,0,8.04023640000000,0.07900000000000,0.18290000000000,1,Hardware: Independent Flip,1.11060000000000,11.26160000000000,10.22330000000000,10.15100000000000,1.03830000000000,0.07230000000000,0.00000000000000
mpc-hc64.exe,64292,0x00000000075C5C90,DXGI,0,512,0,8.06154530000000,0.21180000000000,21.30890000000000,1,Hardware: Independent Flip,1.20690000000000,1.20690000000000,11.25420000000000,0.00000000000000,-20.19830000000000,9.53700000000000,0.00000000000000
mpc-hc64.exe,64292,0x00000000075C5C90,DXGI,0,512,0,8.06182210000000,0.09340000000000,0.27680000000000,1,Hardware: Independent Flip,0.98590000000000,11.64180000000000,10.71170000000000,10.65590000000000,0.93010000000000,0.05580000000000,0.00000000000000
mpc-hc64.exe,64292,0x00000000075C5C90,DXGI,0,512,0,8.08215430000000,0.15720000000000,20.33220000000000,1,Hardware: Independent Flip,1.50800000000000,7.60070000000000,16.29110000000000,6.09270000000000,-19.34630000000000,10.77310000000000,0.00000000000000
mpc-hc64.exe,64292,0x00000000075C5C90,DXGI,0,512,0,8.08241340000000,0.08550000000000,0.25910000000000,1,Hardware: Independent Flip,1.31360000000000,11.70540000000000,4.36380000000000,10.39180000000000,1.24890000000000,0.06470000000000,0.00000000000000
mpc-hc64.exe,64292,0x00000000075C5C90,DXGI,0,512,0,8.10278130000000,0.13250000000000,20.36790000000000,1,Hardware: Independent Flip,1.15520000000000,1.15520000000000,9.81770000000000,0.00000000000000,-19.05430000000000,9.65380000000000,0.00000000000000
mpc-hc64.exe,64292,0x00000000075C5C90,DXGI,0,512,0,8.10297010000000,0.08570000000000,0.18880000000000,1,Hardware: Independent Flip,1.03790000000000,11.10150000000000,10.13510000000000,10.06360000000000,0.96640000000000,0.07150000000000,0.00000000000000
mpc-hc64.exe,64292,0x00000000075C5C90,DXGI,0,512,0,8.12348160000000,0.14710000000000,20.51150000000000,1,Hardware: Independent Flip,1.18900000000000,1.18900000000000,10.59900000000000,0.00000000000000,-19.47360000000000,10.09290000000000,0.00000000000000
mpc-hc64.exe,64292,0x00000000075C5C90,DXGI,0,512,0,8.12368330000000,0.08190000000000,0.20170000000000,1,Hardware: Independent Flip,1.04380000000000,11.32850000000000,10.34120000000000,10.28470000000000,0.98730000000000,0.05650000000000,0.00000000000000
mpc-hc64.exe,64292,0x00000000075C5C90,DXGI,0,512,0,8.14440550000000,0.14490000000000,20.72220000000000,1,Hardware: Independent Flip,1.19290000000000,6.28090000000000,15.67460000000000,5.08800000000000,-19.67840000000000,10.23500000000000,0.00000000000000
mpc-hc64.exe,64292,0x00000000075C5C90,DXGI,0,512,0,8.14460410000000,0.08210000000000,0.19860000000000,1,Hardware: Independent Flip,1.04820000000000,11.43350000000000,5.35120000000000,10.38530000000000,0.99430000000000,0.05390000000000,0.00000000000000
mpc-hc64.exe,64292,0x00000000075C5C90,DXGI,0,512,0,8.16565040000000,0.14240000000000,21.04630000000000,1,Hardware: Independent Flip,0.89020000000000,6.23280000000000,15.84560000000000,5.34260000000000,-19.99810000000000,10.05820000000000,0.00000000000000
mpc-hc64.exe,64292,0x00000000075C5C90,DXGI,0,512,0,8.16585020000000,0.08620000000000,0.19980000000000,1,Hardware: Independent Flip,0.74890000000000,11.14430000000000,5.11130000000000,10.39540000000000,0.69040000000000,0.05640000000000,0.00000000000000
mpc-hc64.exe,64292,0x00000000075C5C90,DXGI,0,512,0,8.18639180000000,0.12710000000000,20.54160000000000,1,Hardware: Independent Flip,1.18680000000000,1.18680000000000,10.58410000000000,0.00000000000000,-19.79270000000000,11.02570000000000,0.00000000000000
mpc-hc64.exe,64292,0x00000000075C5C90,DXGI,0,512,0,8.18657420000000,0.08070000000000,0.18240000000000,1,Hardware: Independent Flip,1.05800000000000,11.50400000000000,10.49960000000000,10.44600000000000,1.00440000000000,0.05360000000000,0.00000000000000
mpc-hc64.exe,64292,0x00000000075C5C90,DXGI,0,512,0,8.20804680000000,0.14840000000000,21.47260000000000,1,Hardware: Independent Flip,1.24650000000000,5.88720000000000,15.85580000000000,4.64070000000000,-20.41460000000000,9.64890000000000,0.00000000000000
mpc-hc64.exe,64292,0x00000000075C5C90,DXGI,0,512,0,8.20824930000000,0.08170000000000,0.20250000000000,1,Hardware: Independent Flip,1.10950000000000,11.90370000000000,6.21900000000000,10.79420000000000,1.04400000000000,0.06550000000000,0.00000000000000
mpc-hc64.exe,64292,0x00000000075C5C90,DXGI,0,512,0,8.22771470000000,0.13460000000000,19.46540000000000,1,Hardware: Independent Flip,1.20500000000000,8.11260000000000,15.67430000000000,6.90760000000000,-18.35590000000000,10.06240000000000,0.00000000000000
mpc-hc64.exe,64292,0x00000000075C5C90,DXGI,0,512,0,8.22790670000000,0.08310000000000,0.19200000000000,1,Hardware: Independent Flip,1.06810000000000,10.80210000000000,2.88150000000000,9.73400000000000,1.01300000000000,0.05510000000000,0.00000000000000
mpc-hc64.exe,64292,0x00000000075C5C90,DXGI,0,512,0,8.24868450000000,0.12850000000000,20.77780000000000,1,Hardware: Independent Flip,1.18880000000000,1.18880000000000,11.16450000000000,0.00000000000000,-19.70970000000000,10.29060000000000,0.00000000000000
mpc-hc64.exe,64292,0x00000000075C5C90,DXGI,0,512,0,8.24886790000000,0.08290000000000,0.18340000000000,1,Hardware: Independent Flip,1.05990000000000,11.45810000000000,10.45270000000000,10.39820000000000,1.00540000000000,0.05450000000000,0.00000000000000
mpc-hc64.exe,64292,0x00000000075C5C90,DXGI,0,512,0,8.26934380000000,0.14840000000000,20.47590000000000,1,Hardware: Independent Flip,1.16790000000000,6.60080000000000,15.61860000000000,5.43290000000000,-19.41600000000000,9.94850000000000,0.00000000000000
mpc-hc64.exe,64292,0x00000000075C5C90,DXGI,0,512,0,8.26954520000000,0.08020000000000,0.20140000000000,1,Hardware: Independent Flip,1.03930000000000,11.29100000000000,4.89160000000000,10.25170000000000,0.96650000000000,0.07280000000000,0.00000000000000
mpc-hc64.exe,64292,0x00000000075C5C90,DXGI,0,512,0,8.29013520000000,0.23310000000000,20.59000000000000,1,Hardware: Independent Flip,1.31970000000000,1.31970000000000,10.61870000000000,0.00000000000000,-19.55070000000000,10.27330000000000,0.00000000000000
mpc-hc64.exe,64292,0x00000000075C5C90,DXGI,0,512,0,8.29045650000000,0.13050000000000,0.32130000000000,1,Hardware: Independent Flip,1.05610000000000,11.44310000000000,10.44470000000000,10.38700000000000,0.99840000000000,0.05770000000000,0.00000000000000
mpc-hc64.exe,64292,0x00000000075C5C90,DXGI,0,512,0,8.31185470000000,0.12920000000000,21.39820000000000,1,Hardware: Independent Flip,1.27180000000000,5.41030000000000,15.36540000000000,4.13850000000000,-20.34210000000000,9.94280000000000,0.00000000000000
mpc-hc64.exe,64292,0x00000000075C5C90,DXGI,0,512,0,8.31203600000000,0.08080000000000,0.18130000000000,1,Hardware: Independent Flip,1.14480000000000,11.90110000000000,6.67210000000000,10.75630000000000,1.09050000000000,0.05430000000000,0.00000000000000
mpc-hc64.exe,64292,0x00000000075C5C90,DXGI,0,512,0,8.33184970000000,0.15260000000000,19.81370000000000,1,Hardware: Independent Flip,1.16490000000000,7.72110000000000,15.63370000000000,6.55620000000000,-18.66890000000000,9.96840000000000,0.00000000000000
mpc-hc64.exe,64292,0x00000000075C5C90,DXGI,0,512,0,8.33205600000000,0.08080000000000,0.20630000000000,1,Hardware: Independent Flip,1.02460000000000,10.90500000000000,3.39020000000000,9.88040000000000,0.95860000000000,0.06600000000000,0.00000000000000
mpc-hc64.exe,64292,0x00000000075C5C90,DXGI,0,512,0,8.35278600000000,0.15030000000000,20.73000000000000,1,Hardware: Independent Flip,1.22230000000000,5.81300000000000,15.63800000000000,4.59070000000000,-19.70540000000000,10.10680000000000,0.00000000000000
mpc-hc64.exe,64292,0x00000000075C5C90,DXGI,0,512,0,8.35299390000000,0.12530000000000,0.20790000000000,1,Hardware: Independent Flip,1.07360000000000,11.49160000000000,5.88650000000000,10.41800000000000,1.01440000000000,0.05920000000000,0.00000000000000
mpc-hc64.exe,64292,0x00000000075C5C90,DXGI,0,512,0,8.37354770000000,0.12910000000000,20.55380000000000,1,Hardware: Independent Flip,1.24660000000000,6.46240000000000,15.52460000000000,5.21580000000000,-19.48020000000000,10.20760000000000,0.00000000000000
mpc-hc64.exe,64292,0x00000000075C5C90,DXGI,0,512,0,8.37373130000000,0.08220000000000,0.18360000000000,1,Hardware: Independent Flip,1.11720000000000,11.43570000000000,5.15690000000000,10.31850000000000,1.06300000000000,0.05420000000000,0.00000000000000
mpc-hc64.exe,64292,0x00000000075C5C90,DXGI,0,512,0,8.39427220000000,0.14680000000000,20.54090000000000,1,Hardware: Independent Flip,1.21340000000000,6.53200000000000,15.63720000000000,5.31860000000000,-19.42370000000000,10.03200000000000,0.00000000000000
mpc-hc64.exe,64292,0x00000000075C5C90,DXGI,0,512,0,8.39447280000000,0.07770000000000,0.20060000000000,1,Hardware: Independent Flip,1.08520000000000,11.36380000000000,5.03240000000000,10.27860000000000,1.01280000000000,0.07240000000000,0.00000000000000
mpc-hc64.exe,64292,0x00000000075C5C90,DXGI,0,512,0,8.41518030000000,0.23760000000000,20.70750000000000,1,Hardware: Independent Flip,1.45540000000000,6.26230000000000,15.60600000000000,4.80690000000000,-19.62230000000000,10.25810000000000,0.00000000000000
mpc-hc64.exe,64292,0x00000000075C5C90,DXGI,0,512,0,8.41548180000000,0.09960000000000,0.30150000000000,1,Hardware: Independent Flip,1.21940000000000,11.72310000000000,5.76230000000000,10.50370000000000,1.15390000000000,0.06550000000000,0.00000000000000
mpc-hc64.exe,64292,0x00000000075C5C90,DXGI,0,512,0,8.43646250000000,0.13240000000000,20.98070000000000,1,Hardware: Independent Flip,1.19330000000000,6.69930000000000,15.95690000000000,5.50600000000000,-19.76130000000000,9.31420000000000,0.00000000000000
mpc-hc64.exe,64292,0x00000000075C5C90,DXGI,0,512,0,8.43665000000000,0.08300000000000,0.18750000000000,1,Hardware: Independent Flip,1.06470000000000,11.48570000000000,4.97390000000000,10.42100000000000,1.00580000000000,0.05890000000000,0.00000000000000
mpc-hc64.exe,64292,0x00000000075C5C90,DXGI,0,512,0,8.45800320000000,0.15120000000000,21.35320000000000,1,Hardware: Independent Flip,1.22080000000000,6.73490000000000,16.60240000000000,5.51410000000000,-20.28850000000000,9.62360000000000,0.00000000000000
mpc-hc64.exe,64292,0x00000000075C5C90,DXGI,0,512,0,8.45821300000000,0.08350000000000,0.20980000000000,1,Hardware: Independent Flip,1.07020000000000,11.76900000000000,5.24390000000000,10.69880000000000,1.01100000000000,0.05920000000000,0.00000000000000
mpc-hc64.exe,64292,0x00000000075C5C90,DXGI,0,512,0,8.47783070000000,0.14180000000000,19.61770000000000,1,Hardware: Independent Flip,1.18430000000000,1.18430000000000,9.03300000000000,0.00000000000000,-18.54750000000000,10.08040000000000,0.00000000000000
mpc-hc64.exe,64292,0x00000000075C5C90,DXGI,0,512,0,8.47803090000000,0.08380000000000,0.20020000000000,1,Hardware: Independent Flip,1.04090000000000,10.85940000000000,9.87530000000000,9.81850000000000,0.98410000000000,0.05680000000000,0.00000000000000
mpc-hc64.exe,64292,0x00000000075C5C90,DXGI,0,512,0,8.49860650000000,0.13300000000000,20.57560000000000,1,Hardware: Independent Flip,1.48150000000000,1.48150000000000,11.19770000000000,0.00000000000000,-19.53470000000000,10.34080000000000,0.00000000000000
mpc-hc64.exe,64292,0x00000000075C5C90,DXGI,0,512,0,8.49879250000000,0.09440000000000,0.18600000000000,1,Hardware: Independent Flip,1.36360000000000,11.83380000000000,10.53830000000000,10.47020000000000,1.29550000000000,0.06810000000000,0.00000000000000
mpc-hc64.exe,64292,0x00000000075C5C90,DXGI,0,512,0,8.51939650000000,0.15150000000000,20.60400000000000,1,Hardware: Independent Flip,1.18320000000000,1.18320000000000,9.95340000000000,0.00000000000000,-19.24040000000000,9.63940000000000,0.00000000000000
mpc-hc64.exe,64292,0x00000000075C5C90,DXGI,0,512,0,8.51960340000000,0.08730000000000,0.20690000000000,1,Hardware: Independent Flip,1.04320000000000,11.21790000000000,10.24160000000000,10.17470000000000,0.97630000000000,0.06690000000000,0.00000000000000
mpc-hc64.exe,64292,0x00000000075C5C90,DXGI,0,512,0,8.54108650000000,0.13610000000000,21.48310000000000,1,Hardware: Independent Flip,1.22120000000000,5.80300000000000,16.06820000000000,4.58180000000000,-20.43990000000000,10.10790000000000,0.00000000000000
mpc-hc64.exe,64292,0x00000000075C5C90,DXGI,0,512,0,8.54127810000000,0.08030000000000,0.19160000000000,1,Hardware: Independent Flip,1.08780000000000,11.86320000000000,6.25180000000000,10.77540000000000,1.02960000000000,0.05820000000000,0.00000000000000
mpc-hc64.exe,64292,0x00000000075C5C90,DXGI,0,512,0,8.56115180000000,0.13000000000000,19.87370000000000,1,Hardware: Independent Flip,1.16780000000000,7.63730000000000,15.64780000000000,6.46950000000000,-18.78590000000000,10.16300000000000,0.00000000000000
mpc-hc64.exe,64292,0x00000000075C5C90,DXGI,0,512,0,8.56133580000000,0.08050000000000,0.18400000000000,1,Hardware: Independent Flip,1.04970000000000,10.99110000000000,3.53780000000000,9.94140000000000,0.98380000000000,0.06590000000000,0.00000000000000
mpc-hc64.exe,64292,0x00000000075C5C90,DXGI,0,512,0,8.58284480000000,0.15200000000000,21.50900000000000,1,Hardware: Independent Flip,1.25020000000000,5.95060000000000,16.46850000000000,4.70040000000000,-20.45930000000000,9.74280000000000,0.00000000000000
mpc-hc64.exe,64292,0x00000000075C5C90,DXGI,0,512,0,8.58305230000000,0.08890000000000,0.20750000000000,1,Hardware: Independent Flip,1.10700000000000,11.91450000000000,6.17140000000000,10.80750000000000,1.04270000000000,0.06430000000000,0.00000000000000
mpc-hc64.exe,64292,0x00000000075C5C90,DXGI,0,512,0,8.60281960000000,0.13620000000000,19.76730000000000,1,Hardware: Independent Flip,1.22760000000000,7.83460000000000,15.68740000000000,6.60700000000000,-18.66030000000000,10.03790000000000,0.00000000000000
mpc-hc64.exe,64292,0x00000000075C5C90,DXGI,0,512,0,8.60301030000000,0.08200000000000,0.19070000000000,1,Hardware: Independent Flip,1.09130000000000,10.98370000000000,3.33980000000000,9.89240000000000,1.03690000000000,0.05440000000000,0.00000000000000
mpc-hc64.exe,64292,0x00000000075C5C90,DXGI,0,512,0,8.62360140000000,0.14050000000000,20.59110000000000,1,Hardware: Independent Flip,1.40100000000000,6.21740000000000,15.82480000000000,4.81640000000000,-19.49980000000000,10.42470000000000,0.00000000000000
mpc-hc64.exe,64292,0x00000000075C5C90,DXGI,0,512,0,8.62379510000000,0.08140000000000,0.19370000000000,1,Hardware: Independent Flip,1.27400000000000,11.68940000000000,5.66570000000000,10.41540000000000,1.20730000000000,0.06670000000000,0.00000000000000
mpc-hc64.exe,64292,0x00000000075C5C90,DXGI,0,512,0,8.64435640000000,0.14570000000000,20.56130000000000,1,Hardware: Independent Flip,1.16510000000000,5.93210000000000,14.80400000000000,4.76700000000000,-19.28730000000000,9.93370000000000,0.00000000000000
mpc-hc64.exe,64292,0x00000000075C5C90,DXGI,0,512,0,8.64455800000000,0.08320000000000,0.20160000000000,1,Hardware: Independent Flip,1.02940000000000,11.21860000000000,5.48810000000000,10.18920000000000,0.96350000000000,0.06590000000000,0.00000000000000
mpc-hc64.exe,64292,0x00000000075C5C90,DXGI,0,512,0,8.66515500000000,0.13000000000000,20.59700000000000,1,Hardware: Independent Flip,1.19790000000000,6.07070000000000,15.44910000000000,4.87280000000000,-19.56760000000000,10.09570000000000,0.00000000000000
mpc-hc64.exe,64292,0x00000000075C5C90,DXGI,0,512,0,8.66534260000000,0.14200000000000,0.18760000000000,1,Hardware: Independent Flip,1.06400000000000,11.39350000000000,5.51040000000000,10.32950000000000,1.01030000000000,0.05370000000000,0.00000000000000
mpc-hc64.exe,64292,0x00000000075C5C90,DXGI,0,512,0,8.68673940000000,0.13100000000000,21.39680000000000,1,Hardware: Independent Flip,0.95660000000000,5.98220000000000,15.98550000000000,5.02560000000000,-20.33280000000000,9.53340000000000,0.00000000000000
mpc-hc64.exe,64292,0x00000000075C5C90,DXGI,0,512,0,8.68692450000000,0.07870000000000,0.18510000000000,1,Hardware: Independent Flip,0.84070000000000,11.44680000000000,5.64970000000000,10.60610000000000,0.77150000000000,0.06920000000000,0.00000000000000
mpc-hc64.exe,64292,0x00000000075C5C90,DXGI,0,512,0,8.70702950000000,0.14790000000000,20.10500000000000,1,Hardware: Independent Flip,1.17690000000000,1.17690000000000,9.83510000000000,0.00000000000000,-19.26430000000000,10.33700000000000,0.00000000000000
mpc-hc64.exe,64292,0x00000000075C5C90,DXGI,0,512,0,8.70723230000000,0.08240000000000,0.20280000000000,1,Hardware: Independent Flip,1.04640000000000,11.22700000000000,10.25290000000000,10.18060000000000,0.97410000000000,0.07230000000000,0.00000000000000
mpc-hc64.exe,64292,0x00000000075C5C90,DXGI,0,512,0,8.72777600000000,0.13030000000000,20.54370000000000,1,Hardware: Independent Flip,1.17900000000000,1.17900000000000,10.49570000000000,0.00000000000000,-19.49730000000000,10.04940000000000,0.00000000000000
mpc-hc64.exe,64292,0x00000000075C5C90,DXGI,0,512,0,8.72795970000000,0.07930000000000,0.18370000000000,1,Hardware: Independent Flip,1.05640000000000,11.34680000000000,10.35150000000000,10.29040000000000,0.99530000000000,0.06110000000000,0.00000000000000
mpc-hc64.exe,64292,0x00000000075C5C90,DXGI,0,512,0,8.74894350000000,0.14930000000000,20.98380000000000,1,Hardware: Independent Flip,1.47030000000000,1.47030000000000,11.10730000000000,0.00000000000000,-19.92740000000000,10.82990000000000,0.00000000000000
mpc-hc64.exe,64292,0x00000000075C5C90,DXGI,0,512,0,8.74915010000000,0.14500000000000,0.20660000000000,1,Hardware: Independent Flip,1.31860000000000,11.97030000000000,10.70660000000000,10.65170000000000,1.26370000000000,0.05490000000000,0.00000000000000
mpc-hc64.exe,64292,0x00000000075C5C90,DXGI,0,512,0,8.76987710000000,0.15360000000000,20.72700000000000,1,Hardware: Independent Flip,1.24400000000000,1.24400000000000,10.00070000000000,0.00000000000000,-19.40840000000000,9.47600000000000,0.00000000000000
mpc-hc64.exe,64292,0x00000000075C5C90,DXGI,0,512,0,8.77008700000000,0.08370000000000,0.20990000000000,1,Hardware: Independent Flip,1.10870000000000,11.39250000000000,10.35840000000000,10.28380000000000,1.03410000000000,0.07460000000000,0.00000000000000
mpc-hc64.exe,64292,0x00000000075C5C90,DXGI,0,512,0,8.79087390000000,0.19250000000000,20.78690000000000,1,Hardware: Independent Flip,1.22300000000000,6.84810000000000,16.24250000000000,5.62510000000000,-19.67820000000000,9.52610000000000,0.00000000000000
mpc-hc64.exe,64292,0x00000000075C5C90,DXGI,0,512,0,8.79114000000000,0.10230000000000,0.26610000000000,1,Hardware: Independent Flip,1.01200000000000,11.40920000000000,4.82720000000000,10.39720000000000,0.95690000000000,0.05510000000000,0.00000000000000
mpc-hc64.exe,64292,0x00000000075C5C90,DXGI,0,512,0,8.81176100000000,0.15300000000000,20.62100000000000,1,Hardware: Independent Flip,1.26010000000000,7.07290000000000,16.28470000000000,5.81280000000000,-19.60900000000000,9.79490000000000,0.00000000000000
mpc-hc64.exe,64292,0x00000000075C5C90,DXGI,0,512,0,8.81197320000000,0.08150000000000,0.21220000000000,1,Hardware: Independent Flip,1.10330000000000,11.49090000000000,4.63020000000000,10.38760000000000,1.04790000000000,0.05540000000000,0.00000000000000
mpc-hc64.exe,64292,0x00000000075C5C90,DXGI,0,512,0,8.83279350000000,0.14850000000000,20.82030000000000,1,Hardware: Independent Flip,1.19710000000000,1.19710000000000,10.52650000000000,0.00000000000000,-19.71700000000000,9.53390000000000,0.00000000000000
mpc-hc64.exe,64292,0x00000000075C5C90,DXGI,0,512,0,8.83299440000000,0.08450000000000,0.20090000000000,1,Hardware: Independent Flip,1.07030000000000,11.48520000000000,10.48900000000000,10.41490000000000,0.99620000000000,0.07410000000000,0.00000000000000
mpc-hc64.exe,64292,0x00000000075C5C90,DXGI,0,512,0,8.85298760000000,0.23040000000000,19.99320000000000,1,Hardware: Independent Flip,1.18970000000000,1.18970000000000,9.69770000000000,0.00000000000000,-18.92290000000000,10.17370000000000,0.00000000000000
mpc-hc64.exe,64292,0x00000000075C5C90,DXGI,0,512,0,8.85330880000000,0.27530000000000,0.32120000000000,1,Hardware: Independent Flip,0.92610000000000,10.92930000000000,10.06080000000000,10.00320000000000,0.86850000000000,0.05760000000000,0.00000000000000
mpc-hc64.exe,64292,0x00000000075C5C90,DXGI,0,512,0,8.87380110000000,0.12940000000000,20.49230000000000,1,Hardware: Independent Flip,1.17860000000000,1.17860000000000,10.74160000000000,0.00000000000000,-19.56620000000000,10.40530000000000,0.00000000000000
mpc-hc64.exe,64292,0x00000000075C5C90,DXGI,0,512,0,8.87398490000000,0.08570000000000,0.18380000000000,1,Hardware: Independent Flip,1.05840000000000,11.38410000000000,10.38930000000000,10.32570000000000,0.99480000000000,0.06360000000000,0.00000000000000
mpc-hc64.exe,64292,0x00000000075C5C90,DXGI,0,512,0,8.89498500000000,0.19650000000000,21.00010000000000,1,Hardware: Independent Flip,1.25410000000000,6.72920000000000,16.34520000000000,5.47510000000000,-19.94170000000000,9.62490000000000,0.00000000000000
mpc-hc64.exe,64292,0x00000000075C5C90,DXGI,0,512,0,8.89524480000000,0.08860000000000,0.25980000000000,1,Hardware: Independent Flip,1.04910000000000,11.59410000000000,5.12470000000000,10.54500000000000,0.99430000000000,0.05480000000000,0.00000000000000
mpc-hc64.exe,64292,0x00000000075C5C90,DXGI,0,512,0,8.91644490000000,0.15010000000000,21.20010000000000,1,Hardware: Independent Flip,1.20470000000000,7.21460000000000,16.82060000000000,6.00990000000000,-20.15100000000000,9.88730000000000,0.00000000000000
mpc-hc64.exe,64292,0x00000000075C5C90,DXGI,0,512,0,8.91664780000000,0.08530000000000,0.20290000000000,1,Hardware: Independent Flip,1.05790000000000,11.68870000000000,4.67700000000000,10.63080000000000,1.00180000000000,0.05610000000000,0.00000000000000
mpc-hc64.exe,64292,0x00000000075C5C90,DXGI,0,512,0,8.93670760000000,0.13330000000000,20.05980000000000,1,Hardware: Independent Flip,1.20320000000000,1.20320000000000,9.57430000000000,0.00000000000000,-19.00190000000000,9.50880000000000,0.00000000000000
mpc-hc64.exe,64292,0x00000000075C5C90,DXGI,0,512,0,8.93689740000000,0.08290000000000,0.18980000000000,1,Hardware: Independent Flip,1.07060000000000,11.12580000000000,10.11240000000000,10.05520000000000,1.01340000000000,0.05720000000000,0.00000000000000
mpc-hc64.exe,64292,0x00000000075C5C90,DXGI,0,512,0,8.95697580000000,0.14970000000000,20.07840000000000,1,Hardware: Independent Flip,1.14210000000000,6.59690000000000,15.54950000000000,5.45480000000000,-19.00780000000000,10.10300000000000,0.00000000000000
mpc-hc64.exe,64292,0x00000000075C5C90,DXGI,0,512,0,8.95718000000000,0.08280000000000,0.20420000000000,1,Hardware: Independent Flip,1.01230000000000,11.04570000000000,4.65300000000000,10.03340000000000,0.93790000000000,0.07440000000000,0.00000000000000
mpc-hc64.exe,64292,0x00000000075C5C90,DXGI,0,512,0,8.97804820000000,0.13130000000000,20.86820000000000,1,Hardware: Independent Flip,1.19070000000000,1.19070000000000,11.01320000000000,0.00000000000000,-19.85590000000000,10.39850000000000,0.00000000000000
mpc-hc64.exe,64292,0x00000000075C5C90,DXGI,0,512,0,8.97823310000000,0.08180000000000,0.18490000000000,1,Hardware: Independent Flip,1.05980000000000,11.53790000000000,10.53210000000000,10.47810000000000,1.00580000000000,0.05400000000000,0.00000000000000
mpc-hc64.exe,64292,0x00000000075C5C90,DXGI,0,512,0,8.99859230000000,0.13460000000000,20.35920000000000,1,Hardware: Independent Flip,1.19360000000000,1.19360000000000,10.01490000000000,0.00000000000000,-19.29940000000000,10.15170000000000,0.00000000000000
mpc-hc64.exe,64292,0x00000000075C5C90,DXGI,0,512,0,8.99878250000000,0.08140000000000,0.19020000000000,1,Hardware: Independent Flip,1.06100000000000,11.25880000000000,10.25540000000000,10.19780000000000,1.00340000000000,0.05760000000000,0.00000000000000
mpc-hc64.exe,64292,0x00000000075C5C90,DXGI,0,512,0,9.01952770000000,0.15620000000000,20.74520000000000,1,Hardware: Independent Flip,1.19300000000000,6.20750000000000,15.69390000000000,5.01450000000000,-19.68420000000000,10.07400000000000,0.00000000000000
mpc-hc64.exe,64292,0x00000000075C5C90,DXGI,0,512,0,9.01973830000000,0.08240000000000,0.21060000000000,1,Hardware: Independent Flip,1.05630000000000,11.45420000000000,5.45730000000000,10.39790000000000,0.98240000000000,0.07390000000000,0.00000000000000
mpc-hc64.exe,64292,0x00000000075C5C90,DXGI,0,512,0,9.04043050000000,0.12980000000000,20.69220000000000,1,Hardware: Independent Flip,1.16390000000000,6.32630000000000,15.56430000000000,5.16240000000000,-19.63590000000000,10.25180000000000,0.00000000000000
mpc-hc64.exe,64292,0x00000000075C5C90,DXGI,0,512,0,9.04061510000000,0.08160000000000,0.18460000000000,1,Hardware: Independent Flip,1.05580000000000,11.41280000000000,5.27110000000000,10.35700000000000,0.97930000000000,0.07650000000000,0.00000000000000
mpc-hc64.exe,64292,0x00000000075C5C90,DXGI,0,512,0,9.06171830000000,0.13740000000000,21.10320000000000,1,Hardware: Independent Flip,1.20720000000000,6.32800000000000,16.01840000000000,5.12080000000000,-20.04740000000000,9.61060000000000,0.00000000000000
mpc-hc64.exe,64292,0x00000000075C5C90,DXGI,0,512,0,9.06191300000000,0.08210000000000,0.19470000000000,1,Hardware: Independent Flip,1.06770000000000,11.64960000000000,5.51630000000000,10.58190000000000,1.01250000000000,0.05520000000000,0.00000000000000
mpc-hc64.exe,64292,0x00000000075C5C90,DXGI,0,512,0,9.08337760000000,0.15550000000000,21.46460000000000,1,Hardware: Independent Flip,1.25890000000000,7.37940000000000,17.19440000000000,6.12050000000000,-20.39690000000000,9.94550000000000,0.00000000000000
mpc-hc64.exe,64292,0x00000000075C5C90,DXGI,0,512,0,9.08358780000000,0.08280000000000,0.21020000000000,1,Hardware: Independent Flip,1.10460000000000,11.88660000000000,4.71740000000000,10.78200000000000,1.04870000000000,0.05590000000000,0.00000000000000
mpc-hc64.exe,64292,0x00000000075C5C90,DXGI,0,512,0,9.10306470000000,0.13460000000000,19.47690000000000,1,Hardware: Independent Flip,1.18510000000000,8.12770000000000,15.71800000000000,6.94260000000000,-18.37230000000000,10.11790000000000,0.00000000000000
mpc-hc64.exe,64292,0x00000000075C5C90,DXGI,0,512,0,9.10325010000000,0.08240000000000,0.18540000000000,1,Hardware: Independent Flip,1.05730000000000,10.78680000000000,2.84450000000000,9.72950000000000,0.99970000000000,0.05760000000000,0.00000000000000
mpc-hc64.exe,64292,0x00000000075C5C90,DXGI,0,512,0,9.13043860000000,0.13160000000000,27.18850000000000,1,Hardware: Independent Flip,1.19400000000000,1.19400000000000,17.59570000000000,0.00000000000000,-26.13120000000000,10.30940000000000,0.00000000000000
mpc-hc64.exe,64292,0x00000000075C5C90,DXGI,0,512,0,9.13062400000000,0.08230000000000,0.18540000000000,1,Hardware: Independent Flip,1.06850000000000,14.68120000000000,13.67260000000000,13.61270000000000,1.00860000000000,0.05990000000000,0.00000000000000
mpc-hc64.exe,64292,0x00000000075C5C90,DXGI,0,512,0,9.14453030000000,0.15010000000000,13.90630000000000,1,Hardware: Independent Flip,1.19100000000000,8.51760000000000,7.74270000000000,7.32660000000000,-12.83780000000000,10.10960000000000,0.00000000000000
mpc-hc64.exe,64292,0x00000000075C5C90,DXGI,0,512,0,9.14473910000000,0.08660000000000,0.20880000000000,1,Hardware: Independent Flip,1.04850000000000,8.30880000000000,0.00000000000000,7.26030000000000,0.98220000000000,0.06630000000000,0.00000000000000
mpc-hc64.exe,64292,0x00000000075C5C90,DXGI,0,512,0,9.16529830000000,0.13850000000000,20.55920000000000,1,Hardware: Independent Flip,1.20030000000000,1.20030000000000,13.45070000000000,0.00000000000000,-19.51070000000000,10.19960000000000,0.00000000000000
mpc-hc64.exe,64292,0x00000000075C5C90,DXGI,0,512,0,9.16549580000000,0.08620000000000,0.19750000000000,1,Hardware: Independent Flip,1.06980000000000,11.36920000000000,10.36640000000000,10.29940000000000,1.00280000000000,0.06700000000000,0.00000000000000
mpc-hc64.exe,64292,0x00000000075C5C90,DXGI,0,512,0,9.18611190000000,0.12660000000000,20.61610000000000,1,Hardware: Independent Flip,1.18850000000000,5.25720000000000,14.50410000000000,4.06870000000000,-19.54630000000000,9.97760000000000,0.00000000000000
mpc-hc64.exe,64292,0x00000000075C5C90,DXGI,0,512,0,9.18629070000000,0.10240000000000,0.17880000000000,1,Hardware: Independent Flip,1.08390000000000,11.41380000000000,6.33540000000000,10.32990000000000,1.00970000000000,0.07420000000000,0.00000000000000
mpc-hc64.exe,64292,0x00000000075C5C90,DXGI,0,512,0,9.20699050000000,0.15090000000000,20.69980000000000,1,Hardware: Independent Flip,1.16530000000000,6.45170000000000,15.73770000000000,5.28640000000000,-19.61590000000000,10.16550000000000,0.00000000000000
mpc-hc64.exe,64292,0x00000000075C5C90,DXGI,0,512,0,9.20719610000000,0.08640000000000,0.20560000000000,1,Hardware: Independent Flip,1.02650000000000,11.38030000000000,5.13420000000000,10.35380000000000,0.95970000000000,0.06680000000000,0.00000000000000
mpc-hc64.exe,64292,0x00000000075C5C90,DXGI,0,512,0,9.22780540000000,0.13020000000000,20.60930000000000,1,Hardware: Independent Flip,1.16280000000000,6.01300000000000,15.24200000000000,4.85020000000000,-19.58280000000000,10.16840000000000,0.00000000000000
mpc-hc64.exe,64292,0x00000000075C5C90,DXGI,0,512,0,9.22799000000000,0.07940000000000,0.18460000000000,1,Hardware: Independent Flip,1.05700000000000,11.38610000000000,5.55770000000000,10.32910000000000,0.97820000000000,0.07880000000000,0.00000000000000
mpc-hc64.exe,64292,0x00000000075C5C90,DXGI,0,512,0,9.24901460000000,0.13110000000000,21.02460000000000,1,Hardware: Independent Flip,1.22310000000000,6.42650000000000,16.06500000000000,5.20340000000000,-19.96760000000000,10.38650000000000,0.00000000000000
mpc-hc64.exe,64292,0x00000000075C5C90,DXGI,0,512,0,9.24920090000000,0.08130000000000,0.18630000000000,1,Hardware: Independent Flip,1.09210000000000,11.64150000000000,5.40130000000000,10.54940000000000,1.03680000000000,0.05530000000000,0.00000000000000
mpc-hc64.exe,64292,0x00000000075C5C90,DXGI,0,512,0,9.26943820000000,0.15140000000000,20.23730000000000,1,Hardware: Independent Flip,1.17380000000000,7.00920000000000,15.60500000000000,5.83540000000000,-19.14520000000000,9.90440000000000,0.00000000000000
mpc-hc64.exe,64292,0x00000000075C5C90,DXGI,0,512,0,9.26964440000000,0.08550000000000,0.20620000000000,1,Hardware: Independent Flip,1.04070000000000,11.15920000000000,4.35620000000000,10.11850000000000,0.96760000000000,0.07310000000000,0.00000000000000
mpc-hc64.exe,64292,0x00000000075C5C90,DXGI,0,512,0,9.29055370000000,0.12530000000000,20.90930000000000,1,Hardware: Independent Flip,1.16080000000000,6.04980000000000,15.79990000000000,4.88900000000000,-19.86860000000000,10.43890000000000,0.00000000000000
mpc-hc64.exe,64292,0x00000000075C5C90,DXGI,0,512,0,9.29073180000000,0.07930000000000,0.17810000000000,1,Hardware: Independent Flip,1.04970000000000,11.52730000000000,5.65560000000000,10.47760000000000,0.98270000000000,0.06700000000000,0.00000000000000
mpc-hc64.exe,64292,0x00000000075C5C90,DXGI,0,512,0,9.31200180000000,0.13220000000000,21.27000000000000,1,Hardware: Independent Flip,1.23840000000000,5.93440000000000,15.67710000000000,4.69600000000000,-20.22030000000000,9.81950000000000,0.00000000000000
mpc-hc64.exe,64292,0x00000000075C5C90,DXGI,0,512,0,9.31218860000000,0.08300000000000,0.18680000000000,1,Hardware: Independent Flip,1.11730000000000,11.81040000000000,6.06280000000000,10.69310000000000,1.05160000000000,0.06570000000000,0.00000000000000
mpc-hc64.exe,64292,0x00000000075C5C90,DXGI,0,512,0,9.33184920000000,0.14800000000000,19.66060000000000,1,Hardware: Independent Flip,1.16950000000000,1.16950000000000,9.01970000000000,0.00000000000000,-18.54330000000000,9.95690000000000,0.00000000000000
mpc-hc64.exe,64292,0x00000000075C5C90,DXGI,0,512,0,9.33205260000000,0.08120000000000,0.20340000000000,1,Hardware: Independent Flip,1.03260000000000,10.85230000000000,9.88620000000000,9.81970000000000,0.96610000000000,0.06650000000000,0.00000000000000
mpc-hc64.exe,64292,0x00000000075C5C90,DXGI,0,512,0,9.35279390000000,0.13090000000000,20.74130000000000,1,Hardware: Independent Flip,1.17990000000000,5.60570000000000,15.49470000000000,4.42580000000000,-19.70870000000000,10.15600000000000,0.00000000000000
mpc-hc64.exe,64292,0x00000000075C5C90,DXGI,0,512,0,9.35297880000000,0.08050000000000,0.18490000000000,1,Hardware: Independent Flip,1.05250000000000,11.44750000000000,6.02670000000000,10.39500000000000,0.99500000000000,0.05750000000000,0.00000000000000
mpc-hc64.exe,64292,0x00000000075C5C90,DXGI,0,512,0,9.37378910000000,0.12950000000000,20.81030000000000,1,Hardware: Independent Flip,1.16800000000000,6.45050000000000,15.81330000000000,5.28250000000000,-19.75780000000000,10.35620000000000,0.00000000000000
mpc-hc64.exe,64292,0x00000000075C5C90,DXGI,0,512,0,9.37397640000000,0.07760000000000,0.18730000000000,1,Hardware: Independent Flip,1.04650000000000,11.47340000000000,5.21020000000000,10.42690000000000,0.98070000000000,0.06580000000000,0.00000000000000
mpc-hc64.exe,64292,0x00000000075C5C90,DXGI,0,512,0,9.39444950000000,0.15360000000000,20.47310000000000,1,Hardware: Independent Flip,1.17970000000000,6.72520000000000,15.72490000000000,5.54550000000000,-19.42660000000000,10.18640000000000,0.00000000000000
mpc-hc64.exe,64292,0x00000000075C5C90,DXGI,0,512,0,9.39465880000000,0.08390000000000,0.20930000000000,1,Hardware: Independent Flip,1.02560000000000,11.28130000000000,4.76540000000000,10.25570000000000,0.97040000000000,0.05520000000000,0.00000000000000
mpc-hc64.exe,64292,0x00000000075C5C90,DXGI,0,512,0,9.41597150000000,0.14080000000000,21.31270000000000,1,Hardware: Independent Flip,0.89040000000000,4.97080000000000,15.00220000000000,4.08040000000000,-20.28710000000000,10.32370000000000,0.00000000000000
mpc-hc64.exe,64292,0x00000000075C5C90,DXGI,0,512,0,9.41617040000000,0.08580000000000,0.19890000000000,1,Hardware: Independent Flip,0.75150000000000,11.28970000000000,6.51780000000000,10.53820000000000,0.69150000000000,0.05700000000000,0.00000000000000
mpc-hc64.exe,64292,0x00000000075C5C90,DXGI,0,512,0,9.43694990000000,0.98840000000000,20.77950000000000,1,Hardware: Independent Flip,1.19210000000000,1.19210000000000,10.68190000000000,0.00000000000000,-20.02800000000000,10.41480000000000,0.00000000000000
mpc-hc64.exe,64292,0x00000000075C5C90,DXGI,0,512,0,9.43804430000000,1.22200000000000,1.09440000000000,1,Hardware: Independent Flip,1.26600000000000,11.27560000000000,11.17790000000000,10.00960000000000,0.09770000000000,0.12640000000000,0.00000000000000
mpc-hc64.exe,64292,0x00000000075C5C90,DXGI,0,512,0,9.45755400000000,0.14630000000000,19.50970000000000,1,Hardware: Independent Flip,1.21700000000000,1.21700000000000,9.45110000000000,0.00000000000000,-18.24370000000000,10.97820000000000,0.00000000000000
mpc-hc64.exe,64292,0x00000000075C5C90,DXGI,0,512,0,9.45775140000000,0.07780000000000,0.19740000000000,1,Hardware: Independent Flip,1.07770000000000,10.76380000000000,9.74420000000000,9.68610000000000,1.01960000000000,0.05810000000000,0.00000000000000
mpc-hc64.exe,64292,0x00000000075C5C90,DXGI,0,512,0,9.47812570000000,0.13390000000000,20.37430000000000,1,Hardware: Independent Flip,1.18320000000000,6.24910000000000,15.85960000000000,5.06590000000000,-19.29660000000000,10.36420000000000,0.00000000000000
mpc-hc64.exe,64292,0x00000000075C5C90,DXGI,0,512,0,9.47831280000000,0.08240000000000,0.18710000000000,1,Hardware: Independent Flip,1.05230000000000,11.24660000000000,5.18460000000000,10.19430000000000,0.99610000000000,0.05620000000000,0.00000000000000
mpc-hc64.exe,64292,0x00000000075C5C90,DXGI,0,512,0,9.49883870000000,0.13940000000000,20.52590000000000,1,Hardware: Independent Flip,1.42970000000000,6.42090000000000,15.70020000000000,4.99120000000000,-19.47360000000000,10.57740000000000,0.00000000000000
mpc-hc64.exe,64292,0x00000000075C5C90,DXGI,0,512,0,9.49903520000000,0.08400000000000,0.19650000000000,1,Hardware: Independent Flip,1.30070000000000,11.71670000000000,5.49230000000000,10.41600000000000,1.23320000000000,0.06750000000000,0.00000000000000
mpc-hc64.exe,64292,0x00000000075C5C90,DXGI,0,512,0,9.51951490000000,0.14890000000000,20.47970000000000,1,Hardware: Independent Flip,1.21460000000000,1.21460000000000,9.97760000000000,0.00000000000000,-19.17900000000000,9.95870000000000,0.00000000000000
mpc-hc64.exe,64292,0x00000000075C5C90,DXGI,0,512,0,9.51972210000000,0.08370000000000,0.20720000000000,1,Hardware: Independent Flip,1.07260000000000,11.21610000000000,10.20870000000000,10.14350000000000,1.00740000000000,0.06520000000000,0.00000000000000
mpc-hc64.exe,64292,0x00000000075C5C90,DXGI,0,512,0,9.54025410000000,0.12920000000000,20.53200000000000,1,Hardware: Independent Flip,1.19450000000000,1.19450000000000,10.51040000000000,0.00000000000000,-19.45940000000000,10.03510000000000,0.00000000000000
mpc-hc64.exe,64292,0x00000000075C5C90,DXGI,0,512,0,9.54043670000000,0.08150000000000,0.18260000000000,1,Hardware: Independent Flip,1.07050000000000,11.34990000000000,10.33800000000000,10.27940000000000,1.01190000000000,0.05860000000000,0.00000000000000
mpc-hc64.exe,64292,0x00000000075C5C90,DXGI,0,512,0,9.56170270000000,0.13250000000000,21.26600000000000,1,Hardware: Independent Flip,1.27450000000000,6.39860000000000,16.31470000000000,5.12410000000000,-20.19550000000000,9.68630000000000,0.00000000000000
mpc-hc64.exe,64292,0x00000000075C5C90,DXGI,0,512,0,9.56188960000000,0.08210000000000,0.18690000000000,1,Hardware: Independent Flip,1.14240000000000,11.82390000000000,5.61220000000000,10.68150000000000,1.08760000000000,0.05480000000000,0.00000000000000
mpc-hc64.exe,64292,0x00000000075C5C90,DXGI,0,512,0,9.58196340000000,0.14710000000000,20.07380000000000,1,Hardware: Independent Flip,1.19600000000000,1.19600000000000,9.44590000000000,0.00000000000000,-18.93140000000000,10.07070000000000,0.00000000000000
mpc-hc64.exe,64292,0x00000000075C5C90,DXGI,0,512,0,9.58216900000000,0.08960000000000,0.20560000000000,1,Hardware: Independent Flip,1.05010000000000,11.06310000000000,10.07270000000000,10.01300000000000,0.99040000000000,0.05970000000000,0.00000000000000
mpc-hc64.exe,64292,0x00000000075C5C90,DXGI,0,512,0,9.60281340000000,0.14860000000000,20.64440000000000,1,Hardware: Independent Flip,1.19140000000000,5.94410000000000,15.52540000000000,4.75270000000000,-19.59430000000000,10.08580000000000,0.00000000000000
mpc-hc64.exe,64292,0x00000000075C5C90,DXGI,0,512,0,9.60301690000000,0.08080000000000,0.20350000000000,1,Hardware: Independent Flip,1.04140000000000,11.38480000000000,5.64420000000000,10.34340000000000,0.98790000000000,0.05350000000000,0.00000000000000
mpc-hc64.exe,64292,0x00000000075C5C90,DXGI,0,512,0,9.62340250000000,0.13530000000000,20.38560000000000,1,Hardware: Independent Flip,1.41590000000000,6.74840000000000,15.74920000000000,5.33250000000000,-19.34420000000000,10.22130000000000,0.00000000000000
mpc-hc64.exe,64292,0x00000000075C5C90,DXGI,0,512,0,9.62359220000000,0.08240000000000,0.18970000000000,1,Hardware: Independent Flip,1.29420000000000,11.63820000000000,5.07950000000000,10.34400000000000,1.22620000000000,0.06800000000000,0.00000000000000
mpc-hc64.exe,64292,0x00000000075C5C90,DXGI,0,512,0,9.64449290000000,0.14910000000000,20.90070000000000,1,Hardware: Independent Flip,1.19580000000000,1.19580000000000,10.45830000000000,0.00000000000000,-19.60650000000000,9.93470000000000,0.00000000000000
mpc-hc64.exe,64292,0x00000000075C5C90,DXGI,0,512,0,9.64469720000000,0.08360000000000,0.20430000000000,1,Hardware: Independent Flip,1.04590000000000,11.39350000000000,10.40200000000000,10.34760000000000,0.99150000000000,0.05440000000000,0.00000000000000
mpc-hc64.exe,64292,0x00000000075C5C90,DXGI,0,512,0,9.66530230000000,0.14120000000000,20.60510000000000,1,Hardware: Independent Flip,1.15970000000000,1.15970000000000,10.37130000000000,0.00000000000000,-19.55920000000000,10.14130000000000,0.00000000000000
mpc-hc64.exe,64292,0x00000000075C5C90,DXGI,0,512,0,9.66549700000000,0.07900000000000,0.19470000000000,1,Hardware: Independent Flip,1.03220000000000,11.35420000000000,10.38920000000000,10.32200000000000,0.96500000000000,0.06720000000000,0.00000000000000
mpc-hc64.exe,64292,0x00000000075C5C90,DXGI,0,512,0,9.68610800000000,0.13430000000000,20.61100000000000,1,Hardware: Independent Flip,1.18650000000000,1.18650000000000,10.44330000000000,0.00000000000000,-19.57880000000000,10.19140000000000,0.00000000000000
mpc-hc64.exe,64292,0x00000000075C5C90,DXGI,0,512,0,9.68629650000000,0.08110000000000,0.18850000000000,1,Hardware: Independent Flip,1.07190000000000,11.41280000000000,10.41480000000000,10.34090000000000,0.99800000000000,0.07390000000000,0.00000000000000
mpc-hc64.exe,64292,0x00000000075C5C90,DXGI,0,512,0,9.70718690000000,0.15850000000000,20.89040000000000,1,Hardware: Independent Flip,1.20560000000000,6.33210000000000,15.80970000000000,5.12650000000000,-19.81850000000000,10.24350000000000,0.00000000000000
mpc-hc64.exe,64292,0x00000000075C5C90,DXGI,0,512,0,9.70740660000000,0.07970000000000,0.21970000000000,1,Hardware: Independent Flip,1.04080000000000,11.50720000000000,5.39480000000000,10.46640000000000,0.98590000000000,0.05490000000000,0.00000000000000
mpc-hc64.exe,64292,0x00000000075C5C90,DXGI,0,512,0,9.72796730000000,0.14030000000000,20.56070000000000,1,Hardware: Independent Flip,1.42310000000000,6.89300000000000,15.94650000000000,5.46990000000000,-19.51990000000000,10.43100000000000,0.00000000000000
mpc-hc64.exe,64292,0x00000000075C5C90,DXGI,0,512,0,9.72816560000000,0.08390000000000,0.19830000000000,1,Hardware: Independent Flip,1.29160000000000,11.72820000000000,5.03350000000000,10.43660000000000,1.22480000000000,0.06680000000000,0.00000000000000
mpc-hc64.exe,64292,0x00000000075C5C90,DXGI,0,512,0,9.74862870000000,0.13100000000000,20.46310000000000,1,Hardware: Independent Flip,1.20230000000000,6.15580000000000,14.89070000000000,4.95350000000000,-19.17150000000000,9.96050000000000,0.00000000000000
mpc-hc64.exe,64292,0x00000000075C5C90,DXGI,0,512,0,9.74881270000000,0.08020000000000,0.18400000000000,1,Hardware: Independent Flip,1.07520000000000,11.20810000000000,5.23630000000000,10.13290000000000,1.01830000000000,0.05690000000000,0.00000000000000
mpc-hc64.exe,64292,0x00000000075C5C90,DXGI,0,512,0,9.76945380000000,0.14640000000000,20.64110000000000,1,Hardware: Independent Flip,1.19630000000000,1.19630000000000,10.62930000000000,0.00000000000000,-19.56590000000000,10.11980000000000,0.00000000000000
mpc-hc64.exe,64292,0x00000000075C5C90,DXGI,0,512,0,9.76965310000000,0.08160000000000,0.19930000000000,1,Hardware: Independent Flip,1.05360000000000,11.38870000000000,10.39170000000000,10.33510000000000,0.99700000000000,0.05660000000000,0.00000000000000
mpc-hc64.exe,64292,0x00000000075C5C90,DXGI,0,512,0,9.79042230000000,0.12900000000000,20.76920000000000,1,Hardware: Independent Flip,1.15990000000000,5.50250000000000,14.88300000000000,4.34260000000000,-19.71560000000000,10.04850000000000,0.00000000000000
mpc-hc64.exe,64292,0x00000000075C5C90,DXGI,0,512,0,9.79060440000000,0.08020000000000,0.18210000000000,1,Hardware: Independent Flip,1.04520000000000,11.44640000000000,6.12600000000000,10.40120000000000,0.97780000000000,0.06740000000000,0.00000000000000
mpc-hc64.exe,64292,0x00000000075C5C90,DXGI,0,512,0,9.81181840000000,0.12560000000000,21.21400000000000,1,Hardware: Independent Flip,1.24550000000000,6.65900000000000,16.42660000000000,5.41350000000000,-20.16880000000000,9.69400000000000,0.00000000000000
mpc-hc64.exe,64292,0x00000000075C5C90,DXGI,0,512,0,9.81199450000000,0.07630000000000,0.17610000000000,1,Hardware: Independent Flip,1.13530000000000,11.80540000000000,5.32250000000000,10.67010000000000,1.06940000000000,0.06590000000000,0.00000000000000
mpc-hc64.exe,64292,0x00000000075C5C90,DXGI,0,512,0,9.83259700000000,0.14790000000000,20.60250000000000,1,Hardware: Independent Flip,1.23200000000000,1.23200000000000,10.02910000000000,0.00000000000000,-19.46720000000000,9.49720000000000,0.00000000000000
mpc-hc64.exe,64292,0x00000000075C5C90,DXGI,0,512,0,9.83279930000000,0.18070000000000,0.20230000000000,1,Hardware: Independent Flip,1.08680000000000,11.38690000000000,10.35720000000000,10.30010000000000,1.02970000000000,0.05710000000000,0.00000000000000
mpc-hc64.exe,64292,0x00000000075C5C90,DXGI,0,512,0,9.85281700000000,0.13110000000000,20.01770000000000,1,Hardware: Independent Flip,1.19430000000000,5.96330000000000,14.59410000000000,4.76900000000000,-18.93090000000000,10.09270000000000,0.00000000000000
mpc-hc64.exe,64292,0x00000000075C5C90,DXGI,0,512,0,9.85300170000000,0.08120000000000,0.18470000000000,1,Hardware: Independent Flip,1.07640000000000,11.09430000000000,5.31570000000000,10.01790000000000,1.00960000000000,0.06680000000000,0.00000000000000
mpc-hc64.exe,64292,0x00000000075C5C90,DXGI,0,512,0,9.87402450000000,0.14930000000000,21.02280000000000,1,Hardware: Independent Flip,1.10870000000000,6.02880000000000,15.95730000000000,4.92010000000000,-19.94640000000000,10.22470000000000,0.00000000000000
mpc-hc64.exe,64292,0x00000000075C5C90,DXGI,0,512,0,9.87423520000000,0.08340000000000,0.21070000000000,1,Hardware: Independent Flip,0.96450000000000,11.45630000000000,5.63820000000000,10.49180000000000,0.89800000000000,0.06650000000000,0.00000000000000
mpc-hc64.exe,64292,0x00000000075C5C90,DXGI,0,512,0,9.89528550000000,0.19870000000000,21.05030000000000,1,Hardware: Independent Flip,1.14600000000000,6.57730000000000,16.17130000000000,5.43130000000000,-20.08580000000000,9.82000000000000,0.00000000000000
mpc-hc64.exe,64292,0x00000000075C5C90,DXGI,0,512,0,9.89556120000000,0.10730000000000,0.27570000000000,1,Hardware: Independent Flip,0.92710000000000,11.49440000000000,5.19280000000000,10.56730000000000,0.87030000000000,0.05680000000000,0.00000000000000
mpc-hc64.exe,64292,0x00000000075C5C90,DXGI,0,512,0,9.91525190000000,0.13190000000000,19.69070000000000,1,Hardware: Independent Flip,1.18360000000000,7.37210000000000,15.56840000000000,6.18850000000000,-18.76360000000000,10.21910000000000,0.00000000000000
mpc-hc64.exe,64292,0x00000000075C5C90,DXGI,0,512,0,9.91543780000000,0.08140000000000,0.18590000000000,1,Hardware: Independent Flip,1.05840000000000,10.98540000000000,3.79920000000000,9.92700000000000,0.99770000000000,0.06070000000000,0.00000000000000
mpc-hc64.exe,64292,0x00000000075C5C90,DXGI,0,512,0,9.93661290000000,0.14970000000000,21.17510000000000,1,Hardware: Independent Flip,1.24800000000000,6.01930000000000,16.20900000000000,4.77130000000000,-20.11670000000000,9.51980000000000,0.00000000000000
mpc-hc64.exe,64292,0x00000000075C5C90,DXGI,0,512,0,9.93681680000000,0.08220000000000,0.20390000000000,1,Hardware: Independent Flip,1.11780000000000,11.75920000000000,5.94380000000000,10.64140000000000,1.04410000000000,0.07370000000000,0.00000000000000
mpc-hc64.exe,64292,0x00000000075C5C90,DXGI,0,512,0,9.95673040000000,0.16080000000000,19.91360000000000,1,Hardware: Independent Flip,1.50040000000000,7.28410000000000,15.43850000000000,5.78370000000000,-18.79580000000000,10.16160000000000,0.00000000000000
mpc-hc64.exe,64292,0x00000000075C5C90,DXGI,0,512,0,9.95694870000000,0.13360000000000,0.21830000000000,1,Hardware: Independent Flip,1.33860000000000,11.43880000000000,4.37300000000000,10.10020000000000,1.28210000000000,0.05650000000000,0.00000000000000
mpc-hc64.exe,64292,0x00000000075C5C90,DXGI,0,512,0,9.97793540000000,0.13160000000000,20.98670000000000,1,Hardware: Independent Flip,1.18090000000000,6.06930000000000,15.61720000000000,4.88840000000000,-19.64810000000000,10.03890000000000,0.00000000000000
mpc-hc64.exe,64292,0x00000000075C5C90,DXGI,0,512,0,9.97812200000000,0.09710000000000,0.18660000000000,1,Hardware: Independent Flip,1.05700000000000,11.42340000000000,5.54070000000000,10.36640000000000,0.99430000000000,0.06270000000000,0.00000000000000
mpc-hc64.exe,64292,0x00000000075C5C90,DXGI,0,512,0,9.99855560000000,0.13170000000000,20.43360000000000,1,Hardware: Independent Flip,1.17770000000000,6.52660000000000,15.53680000000000,5.34890000000000,-19.37660000000000,10.03310000000000,0.00000000000000
mpc-hc64.exe,64292,0x00000000075C5C90,DXGI,0,512,0,9.99874140000000,0.09750000000000,0.18580000000000,1,Hardware: Independent Flip,1.04650000000000,11.27890000000000,4.93810000000000,10.23240000000000,0.99190000000000,0.05460000000000,0.00000000000000
mpc-hc64.exe,64292,0x00000000075C5C90,DXGI,0,512,0,10.01946290000000,0.37040000000000,20.72150000000000,1,Hardware: Independent Flip,1.18940000000000,1.18940000000000,10.63200000000000,0.00000000000000,-19.67500000000000,10.17410000000000,0.00000000000000
mpc-hc64.exe,64292,0x00000000075C5C90,DXGI,0,512,0,10.01992550000000,0.13480000000000,0.46260000000000,1,Hardware: Independent Flip,0.78210000000000,11.16820000000000,10.44140000000000,10.38610000000000,0.72680000000000,0.05530000000000,0.00000000000000
mpc-hc64.exe,64292,0x00000000075C5C90,DXGI,0,512,0,10.04046700000000,0.13350000000000,20.54150000000000,1,Hardware: Independent Flip,1.17330000000000,6.26640000000000,15.63970000000000,5.09310000000000,-19.75940000000000,10.64720000000000,0.00000000000000
mpc-hc64.exe,64292,0x00000000075C5C90,DXGI,0,512,0,10.04065570000000,0.08400000000000,0.18870000000000,1,Hardware: Independent Flip,1.04650000000000,11.46590000000000,5.38820000000000,10.41940000000000,0.98460000000000,0.06190000000000,0.00000000000000
mpc-hc64.exe,64292,0x00000000075C5C90,DXGI,0,512,0,10.06090580000000,0.13740000000000,20.25010000000000,1,Hardware: Independent Flip,1.42260000000000,6.85480000000000,15.63900000000000,5.43220000000000,-19.20360000000000,10.14470000000000,0.00000000000000
mpc-hc64.exe,64292,0x00000000075C5C90,DXGI,0,512,0,10.06109800000000,0.08710000000000,0.19220000000000,1,Hardware: Independent Flip,1.29640000000000,11.57530000000000,4.91270000000000,10.27890000000000,1.23040000000000,0.06600000000000,0.00000000000000
mpc-hc64.exe,64292,0x00000000075C5C90,DXGI,0,512,0,10.08308680000000,0.14990000000000,21.98880000000000,1,Hardware: Independent Flip,1.24740000000000,1.24740000000000,11.66090000000000,0.00000000000000,-20.69240000000000,9.60960000000000,0.00000000000000
mpc-hc64.exe,64292,0x00000000075C5C90,DXGI,0,512,0,10.08329170000000,0.07700000000000,0.20490000000000,1,Hardware: Independent Flip,1.09690000000000,12.01960000000000,10.97710000000000,10.92270000000000,1.04250000000000,0.05440000000000,0.00000000000000
mpc-hc64.exe,64292,0x00000000075C5C90,DXGI,0,512,0,10.10279290000000,0.12810000000000,19.50120000000000,1,Hardware: Independent Flip,1.16050000000000,1.16050000000000,8.64210000000000,0.00000000000000,-18.40430000000000,10.06440000000000,0.00000000000000
mpc-hc64.exe,64292,0x00000000075C5C90,DXGI,0,512,0,10.10297480000000,0.08090000000000,0.18190000000000,1,Hardware: Independent Flip,1.05000000000000,10.79070000000000,9.81210000000000,9.74070000000000,0.97860000000000,0.07140000000000,0.00000000000000
mpc-hc64.exe,64292,0x00000000075C5C90,DXGI,0,512,0,10.12548890000000,0.12980000000000,22.51410000000000,1,Hardware: Independent Flip,1.26790000000000,5.94830000000000,17.67170000000000,4.68040000000000,-21.46410000000000,9.69250000000000,0.00000000000000
mpc-hc64.exe,64292,0x00000000075C5C90,DXGI,0,512,0,10.12567490000000,0.08210000000000,0.18600000000000,1,Hardware: Independent Flip,1.13550000000000,12.44880000000000,6.68650000000000,11.31330000000000,1.08190000000000,0.05360000000000,0.00000000000000
mpc-hc64.exe,64292,0x00000000075C5C90,DXGI,0,512,0,10.14463940000000,0.15210000000000,18.96450000000000,1,Hardware: Independent Flip,1.36370000000000,1.50750000000000,8.02320000000000,0.14380000000000,-17.82900000000000,10.30770000000000,0.00000000000000
mpc-hc64.exe,64292,0x00000000075C5C90,DXGI,0,512,0,10.14486140000000,0.10400000000000,0.22200000000000,1,Hardware: Independent Flip,1.19960000000000,10.74630000000000,9.46080000000000,9.54670000000000,1.14170000000000,0.05790000000000,0.00000000000000
mpc-hc64.exe,64292,0x00000000075C5C90,DXGI,0,512,0,10.16534260000000,0.17080000000000,20.48120000000000,1,Hardware: Independent Flip,1.46690000000000,6.19670000000000,15.93160000000000,4.72980000000000,-19.28160000000000,10.37110000000000,0.00000000000000
mpc-hc64.exe,64292,0x00000000075C5C90,DXGI,0,512,0,10.16557320000000,0.08590000000000,0.23060000000000,1,Hardware: Independent Flip,1.31060000000000,11.64560000000000,5.67950000000000,10.33500000000000,1.23630000000000,0.07430000000000,0.00000000000000
mpc-hc64.exe,64292,0x00000000075C5C90,DXGI,0,512,0,10.18620670000000,0.13120000000000,20.63350000000000,1,Hardware: Independent Flip,1.18270000000000,5.94110000000000,14.92900000000000,4.75840000000000,-19.32290000000000,9.78350000000000,0.00000000000000
mpc-hc64.exe,64292,0x00000000075C5C90,DXGI,0,512,0,10.18639350000000,0.08310000000000,0.18680000000000,1,Hardware: Independent Flip,1.05270000000000,11.25790000000000,5.50360000000000,10.20520000000000,0.99590000000000,0.05680000000000,0.00000000000000
mpc-hc64.exe,64292,0x00000000075C5C90,DXGI,0,512,0,10.20757210000000,0.15560000000000,21.17860000000000,1,Hardware: Independent Flip,1.19740000000000,6.21800000000000,16.13870000000000,5.02060000000000,-20.12590000000000,9.66890000000000,0.00000000000000
mpc-hc64.exe,64292,0x00000000075C5C90,DXGI,0,512,0,10.20778320000000,0.08630000000000,0.21110000000000,1,Hardware: Independent Flip,1.04490000000000,11.65810000000000,5.65120000000000,10.61320000000000,0.98630000000000,0.05860000000000,0.00000000000000
mpc-hc64.exe,64292,0x00000000075C5C90,DXGI,0,512,0,10.22801070000000,0.13420000000000,20.22750000000000,1,Hardware: Independent Flip,1.20050000000000,7.11800000000000,15.68740000000000,5.91750000000000,-19.18260000000000,10.22040000000000,0.00000000000000
mpc-hc64.exe,64292,0x00000000075C5C90,DXGI,0,512,0,10.22819820000000,0.07950000000000,0.18750000000000,1,Hardware: Independent Flip,1.08600000000000,11.20920000000000,4.27870000000000,10.12320000000000,1.01300000000000,0.07300000000000,0.00000000000000
mpc-hc64.exe,64292,0x00000000075C5C90,DXGI,0,512,0,10.24854520000000,0.12950000000000,20.34700000000000,1,Hardware: Independent Flip,1.18760000000000,6.27220000000000,15.41000000000000,5.08460000000000,-19.26100000000000,10.02170000000000,0.00000000000000
mpc-hc64.exe,64292,0x00000000075C5C90,DXGI,0,512,0,10.24872800000000,0.07850000000000,0.18280000000000,1,Hardware: Independent Flip,1.07760000000000,11.26130000000000,5.17190000000000,10.18370000000000,1.00480000000000,0.07280000000000,0.00000000000000
mpc-hc64.exe,64292,0x00000000075C5C90,DXGI,0,512,0,10.26949490000000,0.27840000000000,20.76690000000000,1,Hardware: Independent Flip,1.18510000000000,5.98670000000000,15.49230000000000,4.80160000000000,-19.68930000000000,10.10210000000000,0.00000000000000
mpc-hc64.exe,64292,0x00000000075C5C90,DXGI,0,512,0,10.26985960000000,0.12810000000000,0.36470000000000,1,Hardware: Independent Flip,0.89020000000000,11.27150000000000,5.64950000000000,10.38130000000000,0.82040000000000,0.06980000000000,0.00000000000000
mpc-hc64.exe,64292,0x00000000075C5C90,DXGI,0,512,0,10.29121160000000,0.13340000000000,21.35200000000000,1,Hardware: Independent Flip,1.18720000000000,5.33500000000000,15.41550000000000,4.14780000000000,-20.46180000000000,10.24530000000000,0.00000000000000
mpc-hc64.exe,64292,0x00000000075C5C90,DXGI,0,512,0,10.29139740000000,0.07890000000000,0.18580000000000,1,Hardware: Independent Flip,1.07680000000000,11.86020000000000,6.71100000000000,10.78340000000000,1.00140000000000,0.07540000000000,0.00000000000000
mpc-hc64.exe,64292,0x00000000075C5C90,DXGI,0,512,0,10.31108480000000,0.12970000000000,19.68740000000000,1,Hardware: Independent Flip,1.16770000000000,7.80730000000000,15.63450000000000,6.63960000000000,-18.61060000000000,10.00980000000000,0.00000000000000
mpc-hc64.exe,64292,0x00000000075C5C90,DXGI,0,512,0,10.31126950000000,0.08130000000000,0.18470000000000,1,Hardware: Independent Flip,1.04980000000000,10.90170000000000,3.27910000000000,9.85190000000000,0.98300000000000,0.06680000000000,0.00000000000000
mpc-hc64.exe,64292,0x00000000075C5C90,DXGI,0,512,0,10.33265050000000,0.16440000000000,21.38100000000000,1,Hardware: Independent Flip,1.20370000000000,5.66170000000000,16.14100000000000,4.45800000000000,-20.33120000000000,9.58490000000000,0.00000000000000
mpc-hc64.exe,64292,0x00000000075C5C90,DXGI,0,512,0,10.33287180000000,0.08650000000000,0.22130000000000,1,Hardware: Independent Flip,1.03910000000000,11.75950000000000,6.31910000000000,10.72040000000000,0.98240000000000,0.05670000000000,0.00000000000000
mpc-hc64.exe,64292,0x00000000075C5C90,DXGI,0,512,0,10.35282750000000,0.12980000000000,19.95570000000000,1,Hardware: Independent Flip,1.18230000000000,7.46910000000000,15.66530000000000,6.28680000000000,-18.91660000000000,10.11610000000000,0.00000000000000
mpc-hc64.exe,64292,0x00000000075C5C90,DXGI,0,512,0,10.35301040000000,0.07920000000000,0.18290000000000,1,Hardware: Independent Flip,1.06080000000000,11.06500000000000,3.77880000000000,10.00420000000000,0.99940000000000,0.06140000000000,0.00000000000000
mpc-hc64.exe,64292,0x00000000075C5C90,DXGI,0,512,0,10.37392080000000,0.12980000000000,20.91040000000000,1,Hardware: Independent Flip,1.21120000000000,6.08250000000000,15.92790000000000,4.87130000000000,-19.84960000000000,10.29650000000000,0.00000000000000
mpc-hc64.exe,64292,0x00000000075C5C90,DXGI,0,512,0,10.37410570000000,0.08210000000000,0.18490000000000,1,Hardware: Independent Flip,1.08470000000000,11.56870000000000,5.67110000000000,10.48400000000000,1.02630000000000,0.05840000000000,0.00000000000000
mpc-hc64.exe,64292,0x00000000075C5C90,DXGI,0,512,0,10.39425130000000,0.16190000000000,20.14560000000000,1,Hardware: Independent Flip,1.41220000000000,1.41220000000000,9.98910000000000,0.00000000000000,-19.06090000000000,9.98890000000000,0.00000000000000
mpc-hc64.exe,64292,0x00000000075C5C90,DXGI,0,512,0,10.39446930000000,0.08640000000000,0.21800000000000,1,Hardware: Independent Flip,1.26930000000000,11.46760000000000,10.27340000000000,10.19830000000000,1.19420000000000,0.07510000000000,0.00000000000000
mpc-hc64.exe,64292,0x00000000075C5C90,DXGI,0,512,0,10.41533490000000,0.13230000000000,20.86560000000000,1,Hardware: Independent Flip,1.16600000000000,6.36260000000000,15.76060000000000,5.19660000000000,-19.59630000000000,9.92020000000000,0.00000000000000
mpc-hc64.exe,64292,0x00000000075C5C90,DXGI,0,512,0,10.41552080000000,0.08290000000000,0.18590000000000,1,Hardware: Independent Flip,1.04680000000000,11.39100000000000,5.21430000000000,10.34420000000000,0.98010000000000,0.06670000000000,0.00000000000000
mpc-hc64.exe,64292,0x00000000075C5C90,DXGI,0,512,0,10.43763430000000,0.13450000000000,22.11350000000000,1,Hardware: Independent Flip,1.20760000000000,6.45970000000000,17.18220000000000,5.25210000000000,-21.06670000000000,9.75880000000000,0.00000000000000
mpc-hc64.exe,64292,0x00000000075C5C90,DXGI,0,512,0,10.43782470000000,0.10230000000000,0.19040000000000,1,Hardware: Independent Flip,1.07340000000000,12.16290000000000,5.89360000000000,11.08950000000000,1.01720000000000,0.05620000000000,0.00000000000000
mpc-hc64.exe,64292,0x00000000075C5C90,DXGI,0,512,0,10.45699050000000,0.15030000000000,19.16580000000000,1,Hardware: Independent Flip,1.18430000000000,8.30650000000000,15.30940000000000,7.12220000000000,-18.09240000000000,10.04010000000000,0.00000000000000
mpc-hc64.exe,64292,0x00000000075C5C90,DXGI,0,512,0,10.45719860000000,0.08410000000000,0.20810000000000,1,Hardware: Independent Flip,1.03880000000000,10.62870000000000,2.53030000000000,9.58990000000000,0.97620000000000,0.06260000000000,0.00000000000000
mpc-hc64.exe,64292,0x00000000075C5C90,DXGI,0,512,0,10.47797270000000,0.17790000000000,20.77410000000000,1,Hardware: Independent Flip,1.21360000000000,1.21360000000000,11.35900000000000,0.00000000000000,-19.73530000000000,10.35550000000000,0.00000000000000
mpc-hc64.exe,64292,0x00000000075C5C90,DXGI,0,512,0,10.47821500000000,0.11650000000000,0.24230000000000,1,Hardware: Independent Flip,1.03590000000000,11.45100000000000,10.47970000000000,10.41510000000000,0.97130000000000,0.06460000000000,0.00000000000000
mpc-hc64.exe,64292,0x00000000075C5C90,DXGI,0,512,0,10.49907160000000,0.13480000000000,20.85660000000000,1,Hardware: Independent Flip,1.26190000000000,5.61530000000000,15.02090000000000,4.35340000000000,-19.82070000000000,10.66120000000000,0.00000000000000
mpc-hc64.exe,64292,0x00000000075C5C90,DXGI,0,512,0,10.49925890000000,0.08120000000000,0.18730000000000,1,Hardware: Independent Flip,1.12930000000000,11.62040000000000,6.19240000000000,10.49110000000000,1.07460000000000,0.05470000000000,0.00000000000000
mpc-hc64.exe,64292,0x00000000075C5C90,DXGI,0,512,0,10.51957630000000,0.15200000000000,20.31740000000000,1,Hardware: Independent Flip,1.14650000000000,6.90210000000000,15.59910000000000,5.75560000000000,-19.18810000000000,10.00920000000000,0.00000000000000
mpc-hc64.exe,64292,0x00000000075C5C90,DXGI,0,512,0,10.51978350000000,0.08480000000000,0.20720000000000,1,Hardware: Independent Flip,1.00660000000000,11.13620000000000,4.44130000000000,10.12960000000000,0.93930000000000,0.06730000000000,0.00000000000000
mpc-hc64.exe,64292,0x00000000075C5C90,DXGI,0,512,0,10.54039910000000,0.12990000000000,20.61560000000000,1,Hardware: Independent Flip,1.16520000000000,6.21060000000000,15.69000000000000,5.04540000000000,-19.60900000000000,10.26780000000000,0.00000000000000
mpc-hc64.exe,64292,0x00000000075C5C90,DXGI,0,512,0,10.54058250000000,0.08000000000000,0.18340000000000,1,Hardware: Independent Flip,1.05550000000000,11.40260000000000,5.37540000000000,10.34710000000000,0.98180000000000,0.07370000000000,0.00000000000000
mpc-hc64.exe,64292,0x00000000075C5C90,DXGI,0,512,0,10.56161650000000,0.12890000000000,21.03400000000000,1,Hardware: Independent Flip,1.22680000000000,6.47710000000000,16.10850000000000,5.25030000000000,-19.97850000000000,9.61030000000000,0.00000000000000
mpc-hc64.exe,64292,0x00000000075C5C90,DXGI,0,512,0,10.56179910000000,0.07920000000000,0.18260000000000,1,Hardware: Independent Flip,1.11730000000000,11.67910000000000,5.38460000000000,10.56180000000000,1.04420000000000,0.07310000000000,0.00000000000000
mpc-hc64.exe,64292,0x00000000075C5C90,DXGI,0,512,0,10.58218560000000,0.16720000000000,20.38650000000000,1,Hardware: Independent Flip,1.20150000000000,7.03330000000000,15.74070000000000,5.83180000000000,-19.26920000000000,10.26210000000000,0.00000000000000
mpc-hc64.exe,64292,0x00000000075C5C90,DXGI,0,512,0,10.58241020000000,0.08620000000000,0.22460000000000,1,Hardware: Independent Flip,1.03650000000000,11.21950000000000,4.41080000000000,10.18300000000000,0.97690000000000,0.05960000000000,0.00000000000000
mpc-hc64.exe,64292,0x00000000075C5C90,DXGI,0,512,0,10.60307280000000,0.15230000000000,20.66260000000000,1,Hardware: Independent Flip,1.48140000000000,1.48140000000000,10.92450000000000,0.00000000000000,-19.62610000000000,10.50610000000000,0.00000000000000
mpc-hc64.exe,64292,0x00000000075C5C90,DXGI,0,512,0,10.60328150000000,0.15170000000000,0.20870000000000,1,Hardware: Independent Flip,1.33030000000000,11.83630000000000,10.56360000000000,10.50600000000000,1.27270000000000,0.05760000000000,0.00000000000000
mpc-hc64.exe,64292,0x00000000075C5C90,DXGI,0,512,0,10.62362500000000,0.15220000000000,20.34350000000000,1,Hardware: Independent Flip,1.17670000000000,5.97950000000000,14.48670000000000,4.80280000000000,-19.01320000000000,9.92060000000000,0.00000000000000
mpc-hc64.exe,64292,0x00000000075C5C90,DXGI,0,512,0,10.62383420000000,0.08230000000000,0.20920000000000,1,Hardware: Independent Flip,1.03140000000000,11.07820000000000,5.30790000000000,10.04680000000000,0.96750000000000,0.06390000000000,0.00000000000000
mpc-hc64.exe,64292,0x00000000075C5C90,DXGI,0,512,0,10.64446330000000,0.15130000000000,20.62910000000000,1,Hardware: Independent Flip,1.16790000000000,5.82610000000000,15.37700000000000,4.65820000000000,-19.59770000000000,10.03210000000000,0.00000000000000
mpc-hc64.exe,64292,0x00000000075C5C90,DXGI,0,512,0,10.64467120000000,0.08180000000000,0.20790000000000,1,Hardware: Independent Flip,1.02690000000000,11.37340000000000,5.75520000000000,10.34650000000000,0.96000000000000,0.06690000000000,0.00000000000000
mpc-hc64.exe,64292,0x00000000075C5C90,DXGI,0,512,0,10.66588510000000,0.13260000000000,21.21390000000000,1,Hardware: Independent Flip,0.85580000000000,5.95590000000000,15.79640000000000,5.10010000000000,-20.18700000000000,10.18110000000000,0.00000000000000
mpc-hc64.exe,64292,0x00000000075C5C90,DXGI,0,512,0,10.66607140000000,0.08060000000000,0.18630000000000,1,Hardware: Independent Flip,0.72590000000000,11.20070000000000,5.43110000000000,10.47480000000000,0.66950000000000,0.05360000000000,0.00000000000000
mpc-hc64.exe,64292,0x00000000075C5C90,DXGI,0,512,0,10.68608620000000,0.13360000000000,20.01480000000000,1,Hardware: Independent Flip,1.16710000000000,6.58400000000000,15.39810000000000,5.41690000000000,-19.28890000000000,10.77840000000000,0.00000000000000
mpc-hc64.exe,64292,0x00000000075C5C90,DXGI,0,512,0,10.68627600000000,0.08430000000000,0.18980000000000,1,Hardware: Independent Flip,1.05100000000000,11.23730000000000,4.84310000000000,10.18630000000000,0.97730000000000,0.07370000000000,0.00000000000000
mpc-hc64.exe,64292,0x00000000075C5C90,DXGI,0,512,0,10.70884220000000,0.14840000000000,22.56620000000000,1,Hardware: Independent Flip,1.21420000000000,6.03270000000000,17.36160000000000,4.81850000000000,-21.51520000000000,10.10410000000000,0.00000000000000
mpc-hc64.exe,64292,0x00000000075C5C90,DXGI,0,512,0,10.70904290000000,0.08340000000000,0.20070000000000,1,Hardware: Independent Flip,1.06910000000000,12.38650000000000,6.55450000000000,11.31740000000000,1.01350000000000,0.05560000000000,0.00000000000000
mpc-hc64.exe,64292,0x00000000075C5C90,DXGI,0,512,0,10.72812120000000,0.16050000000000,19.07830000000000,1,Hardware: Independent Flip,1.19130000000000,8.05550000000000,14.74730000000000,6.86420000000000,-18.00920000000000,10.26890000000000,0.00000000000000
mpc-hc64.exe,64292,0x00000000075C5C90,DXGI,0,512,0,10.72833770000000,0.08480000000000,0.21650000000000,1,Hardware: Independent Flip,1.03120000000000,10.58390000000000,2.74490000000000,9.55270000000000,0.97480000000000,0.05640000000000,0.00000000000000
mpc-hc64.exe,64292,0x00000000075C5C90,DXGI,0,512,0,10.74858580000000,0.12830000000000,20.24810000000000,1,Hardware: Independent Flip,1.18720000000000,5.84220000000000,15.50640000000000,4.65500000000000,-19.21690000000000,10.16620000000000,0.00000000000000
mpc-hc64.exe,64292,0x00000000075C5C90,DXGI,0,512,0,10.74876710000000,0.09510000000000,0.18130000000000,1,Hardware: Independent Flip,1.06370000000000,11.21050000000000,5.54960000000000,10.14680000000000,1.00590000000000,0.05780000000000,0.00000000000000
mpc-hc64.exe,64292,0x00000000075C5C90,DXGI,0,512,0,10.76961070000000,0.14810000000000,20.84360000000000,1,Hardware: Independent Flip,1.16550000000000,1.16550000000000,10.79860000000000,0.00000000000000,-19.77990000000000,10.15240000000000,0.00000000000000
mpc-hc64.exe,64292,0x00000000075C5C90,DXGI,0,512,0,10.76981440000000,0.08180000000000,0.20370000000000,1,Hardware: Independent Flip,1.02740000000000,11.46400000000000,10.50220000000000,10.43660000000000,0.96180000000000,0.06560000000000,0.00000000000000
mpc-hc64.exe,64292,0x00000000075C5C90,DXGI,0,512,0,10.79040850000000,0.12880000000000,20.59410000000000,1,Hardware: Independent Flip,1.19640000000000,6.59350000000000,15.72360000000000,5.39710000000000,-19.56670000000000,10.18260000000000,0.00000000000000
mpc-hc64.exe,64292,0x00000000075C5C90,DXGI,0,512,0,10.79058990000000,0.08000000000000,0.18140000000000,1,Hardware: Independent Flip,1.07540000000000,11.40750000000000,4.99540000000000,10.33210000000000,1.01500000000000,0.06040000000000,0.00000000000000
mpc-hc64.exe,64292,0x00000000075C5C90,DXGI,0,512,0,10.81113090000000,0.13420000000000,20.54100000000000,1,Hardware: Independent Flip,1.15390000000000,6.39040000000000,15.52390000000000,5.23650000000000,-19.46560000000000,10.07230000000000,0.00000000000000
mpc-hc64.exe,64292,0x00000000075C5C90,DXGI,0,512,0,10.81132170000000,0.08320000000000,0.19080000000000,1,Hardware: Independent Flip,1.03020000000000,11.30330000000000,5.10370000000000,10.27310000000000,0.96310000000000,0.06710000000000,0.00000000000000
mpc-hc64.exe,64292,0x00000000075C5C90,DXGI,0,512,0,10.83296730000000,0.15240000000000,21.64560000000000,1,Hardware: Independent Flip,1.24260000000000,5.22050000000000,15.56280000000000,3.97790000000000,-20.61540000000000,9.69380000000000,0.00000000000000
mpc-hc64.exe,64292,0x00000000075C5C90,DXGI,0,512,0,10.83317640000000,0.08260000000000,0.20910000000000,1,Hardware: Independent Flip,1.10720000000000,11.99490000000000,6.98350000000000,10.88770000000000,1.03350000000000,0.07370000000000,0.00000000000000
mpc-hc64.exe,64292,0x00000000075C5C90,DXGI,0,512,0,10.85290090000000,0.12970000000000,19.72450000000000,1,Hardware: Independent Flip,1.18100000000000,1.18100000000000,8.91060000000000,0.00000000000000,-18.61730000000000,9.96280000000000,0.00000000000000
mpc-hc64.exe,64292,0x00000000075C5C90,DXGI,0,512,0,10.85308460000000,0.08230000000000,0.18370000000000,1,Hardware: Independent Flip,1.06220000000000,10.91520000000000,9.91790000000000,9.85300000000000,0.99730000000000,0.06490000000000,0.00000000000000
mpc-hc64.exe,64292,0x00000000075C5C90,DXGI,0,512,0,10.87368760000000,0.12900000000000,20.60300000000000,1,Hardware: Independent Flip,1.22040000000000,1.22040000000000,10.90820000000000,0.00000000000000,-19.54080000000000,10.16470000000000,0.00000000000000
mpc-hc64.exe,64292,0x00000000075C5C90,DXGI,0,512,0,10.87387750000000,0.08530000000000,0.18990000000000,1,Hardware: Independent Flip,1.08790000000000,11.41450000000000,10.38400000000000,10.32660000000000,1.03050000000000,0.05740000000000,0.00000000000000
mpc-hc64.exe,64292,0x00000000075C5C90,DXGI,0,512,0,10.89452370000000,0.14780000000000,20.64620000000000,1,Hardware: Independent Flip,1.19210000000000,1.19210000000000,10.42380000000000,0.00000000000000,-19.55830000000000,10.14300000000000,0.00000000000000
mpc-hc64.exe,64292,0x00000000075C5C90,DXGI,0,512,0,10.89472690000000,0.08390000000000,0.20320000000000,1,Hardware: Independent Flip,1.04540000000000,11.37510000000000,10.38620000000000,10.32970000000000,0.98890000000000,0.05650000000000,0.00000000000000
mpc-hc64.exe,64292,0x00000000075C5C90,DXGI,0,512,0,10.91531510000000,0.12680000000000,20.58820000000000,1,Hardware: Independent Flip,1.18950000000000,1.18950000000000,10.40260000000000,0.00000000000000,-19.54280000000000,10.07860000000000,0.00000000000000
mpc-hc64.exe,64292,0x00000000075C5C90,DXGI,0,512,0,10.91549600000000,0.08250000000000,0.18090000000000,1,Hardware: Independent Flip,1.06380000000000,11.38380000000000,10.37520000000000,10.32000000000000,1.00860000000000,0.05520000000000,0.00000000000000
mpc-hc64.exe,64292,0x00000000075C5C90,DXGI,0,512,0,10.93627580000000,0.13420000000000,20.77980000000000,1,Hardware: Independent Flip,1.47380000000000,1.47380000000000,10.86980000000000,0.00000000000000,-19.71600000000000,10.43730000000000,0.00000000000000
mpc-hc64.exe,64292,0x00000000075C5C90,DXGI,0,512,0,10.93646690000000,0.15440000000000,0.19110000000000,1,Hardware: Independent Flip,1.34230000000000,11.89080000000000,10.60810000000000,10.54850000000000,1.28270000000000,0.05960000000000,0.00000000000000
mpc-hc64.exe,64292,0x00000000075C5C90,DXGI,0,512,0,10.95746530000000,0.15150000000000,20.99840000000000,1,Hardware: Independent Flip,1.20880000000000,6.86470000000000,15.97230000000000,5.65590000000000,-19.65610000000000,9.21440000000000,0.00000000000000
mpc-hc64.exe,64292,0x00000000075C5C90,DXGI,0,512,0,10.95767480000000,0.08100000000000,0.20950000000000,1,Hardware: Independent Flip,1.06600000000000,11.46200000000000,4.80680000000000,10.39600000000000,0.99930000000000,0.06670000000000,0.00000000000000
mpc-hc64.exe,64292,0x00000000075C5C90,DXGI,0,512,0,10.97783170000000,0.12460000000000,20.15690000000000,1,Hardware: Independent Flip,1.18860000000000,6.92640000000000,15.62130000000000,5.73780000000000,-19.09090000000000,10.13880000000000,0.00000000000000
mpc-hc64.exe,64292,0x00000000075C5C90,DXGI,0,512,0,10.97800900000000,0.08000000000000,0.17730000000000,1,Hardware: Independent Flip,1.06640000000000,11.15970000000000,4.41060000000000,10.09330000000000,1.01130000000000,0.05510000000000,0.00000000000000
mpc-hc64.exe,64292,0x00000000075C5C90,DXGI,0,512,0,10.99887820000000,0.17720000000000,20.86920000000000,1,Hardware: Independent Flip,1.20490000000000,1.20490000000000,10.91440000000000,0.00000000000000,-19.80280000000000,10.15890000000000,0.00000000000000
mpc-hc64.exe,64292,0x00000000075C5C90,DXGI,0,512,0,10.99911860000000,0.21020000000000,0.24040000000000,1,Hardware: Independent Flip,1.02710000000000,11.47570000000000,10.51120000000000,10.44860000000000,0.96450000000000,0.06260000000000,0.00000000000000
mpc-hc64.exe,64292,0x00000000075C5C90,DXGI,0,512,0,11.01968840000000,0.16200000000000,20.56980000000000,1,Hardware: Independent Flip,1.18370000000000,6.38170000000000,15.47580000000000,5.19800000000000,-19.54270000000000,10.40250000000000,0.00000000000000
mpc-hc64.exe,64292,0x00000000075C5C90,DXGI,0,512,0,11.01990750000000,0.08480000000000,0.21910000000000,1,Hardware: Independent Flip,1.02020000000000,11.33280000000000,5.17020000000000,10.31260000000000,0.96460000000000,0.05560000000000,0.00000000000000
mpc-hc64.exe,64292,0x00000000075C5C90,DXGI,0,512,0,11.04031820000000,0.15310000000000,20.41070000000000,1,Hardware: Independent Flip,1.42030000000000,1.42030000000000,10.49820000000000,0.00000000000000,-19.39050000000000,10.34980000000000,0.00000000000000
mpc-hc64.exe,64292,0x00000000075C5C90,DXGI,0,512,0,11.04052660000000,0.08440000000000,0.20840000000000,1,Hardware: Independent Flip,1.26610000000000,11.62190000000000,10.41000000000000,10.35580000000000,1.21190000000000,0.05420000000000,0.00000000000000
mpc-hc64.exe,64292,0x00000000075C5C90,DXGI,0,512,0,11.06205000000000,0.23260000000000,21.52340000000000,1,Hardware: Independent Flip,1.11740000000000,5.97400000000000,15.87550000000000,4.85660000000000,-20.25730000000000,9.56230000000000,0.00000000000000
mpc-hc64.exe,64292,0x00000000075C5C90,DXGI,0,512,0,11.06237450000000,0.14180000000000,0.32450000000000,1,Hardware: Independent Flip,0.85020000000000,11.48720000000000,5.83770000000000,10.63700000000000,0.79290000000000,0.05730000000000,0.00000000000000
mpc-hc64.exe,64292,0x00000000075C5C90,DXGI,0,512,0,11.08339460000000,0.17030000000000,21.02010000000000,1,Hardware: Independent Flip,1.20280000000000,7.14650000000000,16.67940000000000,5.94370000000000,-20.16990000000000,10.01190000000000,0.00000000000000
mpc-hc64.exe,64292,0x00000000075C5C90,DXGI,0,512,0,11.08362490000000,0.08950000000000,0.23030000000000,1,Hardware: Independent Flip,1.03270000000000,11.66560000000000,4.74940000000000,10.63290000000000,0.97250000000000,0.06020000000000,0.00000000000000
mpc-hc64.exe,64292,0x00000000075C5C90,DXGI,0,512,0,11.10315060000000,0.15540000000000,19.52570000000000,1,Hardware: Independent Flip,1.18330000000000,7.71640000000000,15.57650000000000,6.53310000000000,-18.49300000000000,10.33760000000000,0.00000000000000
mpc-hc64.exe,64292,0x00000000075C5C90,DXGI,0,512,0,11.10336400000000,0.08490000000000,0.21340000000000,1,Hardware: Independent Flip,1.02750000000000,10.81990000000000,3.31690000000000,9.79240000000000,0.96990000000000,0.05760000000000,0.00000000000000
mpc-hc64.exe,64292,0x00000000075C5C90,DXGI,0,512,0,11.12430870000000,0.13950000000000,20.94470000000000,1,Hardware: Independent Flip,1.16760000000000,1.16760000000000,11.29240000000000,0.00000000000000,-19.91720000000000,10.17590000000000,0.00000000000000
mpc-hc64.exe,64292,0x00000000075C5C90,DXGI,0,512,0,11.12450410000000,0.08540000000000,0.19540000000000,1,Hardware: Independent Flip,1.03150000000000,11.52330000000000,10.55110000000000,10.49180000000000,0.97220000000000,0.05930000000000,0.00000000000000
mpc-hc64.exe,64292,0x00000000075C5C90,DXGI,0,512,0,11.14429970000000,0.19340000000000,19.79560000000000,1,Hardware: Independent Flip,1.64910000000000,7.38700000000000,15.65930000000000,5.73790000000000,-18.76410000000000,10.24750000000000,0.00000000000000
mpc-hc64.exe,64292,0x00000000075C5C90,DXGI,0,512,0,11.14455880000000,0.11740000000000,0.25910000000000,1,Hardware: Independent Flip,1.45490000000000,11.61260000000000,4.48470000000000,10.15770000000000,1.39000000000000,0.06490000000000,0.00000000000000
mpc-hc64.exe,64292,0x00000000075C5C90,DXGI,0,512,0,11.16571830000000,0.14630000000000,21.15950000000000,1,Hardware: Independent Flip,1.32380000000000,5.44720000000000,14.99410000000000,4.12340000000000,-19.70460000000000,10.12450000000000,0.00000000000000
mpc-hc64.exe,64292,0x00000000075C5C90,DXGI,0,512,0,11.16591930000000,0.07950000000000,0.20100000000000,1,Hardware: Independent Flip,1.18130000000000,11.64930000000000,6.40310000000000,10.46800000000000,1.12280000000000,0.05850000000000,0.00000000000000
mpc-hc64.exe,64292,0x00000000075C5C90,DXGI,0,512,0,11.18615250000000,0.13050000000000,20.23320000000000,1,Hardware: Independent Flip,1.19260000000000,1.19260000000000,9.77650000000000,0.00000000000000,-19.05190000000000,9.93570000000000,0.00000000000000
mpc-hc64.exe,64292,0x00000000075C5C90,DXGI,0,512,0,11.18633770000000,0.08310000000000,0.18520000000000,1,Hardware: Independent Flip,1.06510000000000,11.13880000000000,10.13140000000000,10.07370000000000,1.00740000000000,0.05770000000000,0.00000000000000
mpc-hc64.exe,64292,0x00000000075C5C90,DXGI,0,512,0,11.20732400000000,0.16360000000000,20.98630000000000,1,Hardware: Independent Flip,1.18720000000000,6.03200000000000,15.87950000000000,4.84480000000000,-19.92120000000000,10.50880000000000,0.00000000000000
mpc-hc64.exe,64292,0x00000000075C5C90,DXGI,0,512,0,11.20754660000000,0.08370000000000,0.22260000000000,1,Hardware: Independent Flip,1.03250000000000,11.53270000000000,5.72330000000000,10.50020000000000,0.96460000000000,0.06790000000000,0.00000000000000
mpc-hc64.exe,64292,0x00000000075C5C90,DXGI,0,512,0,11.22792480000000,0.13410000000000,20.37820000000000,1,Hardware: Independent Flip,1.21820000000000,1.21820000000000,10.06370000000000,0.00000000000000,-19.34570000000000,10.21710000000000,0.00000000000000
mpc-hc64.exe,64292,0x00000000075C5C90,DXGI,0,512,0,11.22811470000000,0.08650000000000,0.18990000000000,1,Hardware: Independent Flip,1.08650000000000,11.32170000000000,10.29340000000000,10.23520000000000,1.02830000000000,0.05820000000000,0.00000000000000
mpc-hc64.exe,64292,0x00000000075C5C90,DXGI,0,512,0,11.24879850000000,0.13420000000000,20.68380000000000,1,Hardware: Independent Flip,1.24910000000000,1.24910000000000,10.61120000000000,0.00000000000000,-19.59730000000000,10.24880000000000,0.00000000000000
mpc-hc64.exe,64292,0x00000000075C5C90,DXGI,0,512,0,11.24898820000000,0.08890000000000,0.18970000000000,1,Hardware: Independent Flip,1.12230000000000,11.49180000000000,10.43240000000000,10.36950000000000,1.05940000000000,0.06290000000000,0.00000000000000
mpc-hc64.exe,64292,0x00000000075C5C90,DXGI,0,512,0,11.26978110000000,0.14810000000000,20.79290000000000,1,Hardware: Independent Flip,1.17320000000000,5.46470000000000,14.76580000000000,4.29150000000000,-19.67060000000000,10.14250000000000,0.00000000000000
mpc-hc64.exe,64292,0x00000000075C5C90,DXGI,0,512,0,11.26998630000000,0.08330000000000,0.20520000000000,1,Hardware: Independent Flip,1.04220000000000,11.42360000000000,6.16410000000000,10.38140000000000,0.96800000000000,0.07420000000000,0.00000000000000
mpc-hc64.exe,64292,0x00000000075C5C90,DXGI,0,512,0,11.29033850000000,0.13270000000000,20.35220000000000,1,Hardware: Independent Flip,1.19150000000000,6.63700000000000,15.56560000000000,5.44550000000000,-19.31000000000000,10.22730000000000,0.00000000000000
mpc-hc64.exe,64292,0x00000000075C5C90,DXGI,0,512,0,11.29052920000000,0.08180000000000,0.19070000000000,1,Hardware: Independent Flip,1.05630000000000,11.25440000000000,4.80810000000000,10.19810000000000,1.00080000000000,0.05550000000000,0.00000000000000
mpc-hc64.exe,64292,0x00000000075C5C90,DXGI,0,512,0,11.31126620000000,0.21940000000000,20.73700000000000,1,Hardware: Independent Flip,1.05800000000000,5.93160000000000,15.41420000000000,4.87360000000000,-19.68070000000000,10.09370000000000,0.00000000000000
mpc-hc64.exe,64292,0x00000000075C5C90,DXGI,0,512,0,11.31157320000000,0.14350000000000,0.30700000000000,1,Hardware: Independent Flip,0.80650000000000,11.12860000000000,5.50400000000000,10.32210000000000,0.75100000000000,0.05550000000000,0.00000000000000
mpc-hc64.exe,64292,0x00000000075C5C90,DXGI,0,512,0,11.33257180000000,0.15370000000000,20.99860000000000,1,Hardware: Independent Flip,1.20850000000000,1.20850000000000,11.07850000000000,0.00000000000000,-20.19210000000000,9.99050000000000,0.00000000000000
mpc-hc64.exe,64292,0x00000000075C5C90,DXGI,0,512,0,11.33278120000000,0.07810000000000,0.20940000000000,1,Hardware: Independent Flip,1.05420000000000,11.70830000000000,10.70920000000000,10.65410000000000,0.99910000000000,0.05510000000000,0.00000000000000
mpc-hc64.exe,64292,0x00000000075C5C90,DXGI,0,512,0,11.35283780000000,0.20540000000000,20.05660000000000,1,Hardware: Independent Flip,1.17660000000000,7.28210000000000,15.63040000000000,6.10550000000000,-19.00240000000000,10.10310000000000,0.00000000000000
mpc-hc64.exe,64292,0x00000000075C5C90,DXGI,0,512,0,11.35310590000000,0.09060000000000,0.26810000000000,1,Hardware: Independent Flip,0.96720000000000,11.00830000000000,3.99430000000000,10.04110000000000,0.90850000000000,0.05870000000000,0.00000000000000
mpc-hc64.exe,64292,0x00000000075C5C90,DXGI,0,512,0,11.37350450000000,0.19340000000000,20.39860000000000,1,Hardware: Independent Flip,1.48480000000000,6.23820000000000,15.62850000000000,4.75340000000000,-19.43140000000000,10.29920000000000,0.00000000000000
mpc-hc64.exe,64292,0x00000000075C5C90,DXGI,0,512,0,11.37382040000000,0.22660000000000,0.31590000000000,1,Hardware: Independent Flip,1.35200000000000,11.69810000000000,5.77580000000000,10.34610000000000,1.16890000000000,0.18310000000000,0.00000000000000
mpc-hc64.exe,64292,0x00000000075C5C90,DXGI,0,512,0,11.39453310000000,0.14650000000000,20.71270000000000,1,Hardware: Independent Flip,1.23680000000000,6.56930000000000,15.58390000000000,5.33250000000000,-19.36070000000000,10.00110000000000,0.00000000000000
mpc-hc64.exe,64292,0x00000000075C5C90,DXGI,0,512,0,11.39473430000000,0.07920000000000,0.20120000000000,1,Hardware: Independent Flip,1.10130000000000,11.36370000000000,4.99560000000000,10.26240000000000,1.03560000000000,0.06570000000000,0.00000000000000
mpc-hc64.exe,64292,0x00000000075C5C90,DXGI,0,512,0,11.41535020000000,0.12970000000000,20.61590000000000,1,Hardware: Independent Flip,1.23690000000000,6.55690000000000,15.80910000000000,5.32000000000000,-19.51460000000000,10.14630000000000,0.00000000000000
mpc-hc64.exe,64292,0x00000000075C5C90,DXGI,0,512,0,11.41553630000000,0.08050000000000,0.18610000000000,1,Hardware: Independent Flip,1.11760000000000,11.45610000000000,5.08530000000000,10.33850000000000,1.05080000000000,0.06680000000000,0.00000000000000
mpc-hc64.exe,64292,0x00000000075C5C90,DXGI,0,512,0,11.43685730000000,0.24640000000000,21.32100000000000,1,Hardware: Independent Flip,1.17650000000000,1.17650000000000,11.04140000000000,0.00000000000000,-20.20340000000000,10.23020000000000,0.00000000000000
mpc-hc64.exe,64292,0x00000000075C5C90,DXGI,0,512,0,11.43722330000000,0.12490000000000,0.36600000000000,1,Hardware: Independent Flip,0.87940000000000,11.51830000000000,10.70780000000000,10.63890000000000,0.81050000000000,0.06890000000000,0.00000000000000
mpc-hc64.exe,64292,0x00000000075C5C90,DXGI,0,512,0,11.45763660000000,0.15180000000000,20.41330000000000,1,Hardware: Independent Flip,1.19150000000000,1.19150000000000,10.08650000000000,0.00000000000000,-19.53390000000000,9.86260000000000,0.00000000000000
mpc-hc64.exe,64292,0x00000000075C5C90,DXGI,0,512,0,11.45784850000000,0.08580000000000,0.21190000000000,1,Hardware: Independent Flip,1.03480000000000,11.34970000000000,10.37010000000000,10.31490000000000,0.97960000000000,0.05520000000000,0.00000000000000
mpc-hc64.exe,64292,0x00000000075C5C90,DXGI,0,512,0,11.47783360000000,0.14020000000000,19.98510000000000,1,Hardware: Independent Flip,1.45450000000000,6.22520000000000,14.86060000000000,4.77070000000000,-18.95030000000000,10.38360000000000,0.00000000000000
mpc-hc64.exe,64292,0x00000000075C5C90,DXGI,0,512,0,11.47804240000000,0.08960000000000,0.20880000000000,1,Hardware: Independent Flip,1.30170000000000,11.45850000000000,5.44210000000000,10.15680000000000,1.24570000000000,0.05600000000000,0.00000000000000
mpc-hc64.exe,64292,0x00000000075C5C90,DXGI,0,512,0,11.49892480000000,0.19600000000000,20.88240000000000,1,Hardware: Independent Flip,1.10330000000000,1.10330000000000,10.52720000000000,0.00000000000000,-19.58070000000000,9.89210000000000,0.00000000000000
mpc-hc64.exe,64292,0x00000000075C5C90,DXGI,0,512,0,11.49919590000000,0.10370000000000,0.27110000000000,1,Hardware: Independent Flip,0.89140000000000,11.18360000000000,10.35140000000000,10.29220000000000,0.83220000000000,0.05920000000000,0.00000000000000
mpc-hc64.exe,64292,0x00000000075C5C90,DXGI,0,512,0,11.51945520000000,0.15030000000000,20.25930000000000,1,Hardware: Independent Flip,1.17120000000000,6.38470000000000,15.46040000000000,5.21350000000000,-19.36790000000000,10.34630000000000,0.00000000000000
mpc-hc64.exe,64292,0x00000000075C5C90,DXGI,0,512,0,11.51966090000000,0.08450000000000,0.20570000000000,1,Hardware: Independent Flip,1.04000000000000,11.26940000000000,5.09040000000000,10.22940000000000,0.96550000000000,0.07450000000000,0.00000000000000
mpc-hc64.exe,64292,0x00000000075C5C90,DXGI,0,512,0,11.54030270000000,0.12740000000000,20.64180000000000,1,Hardware: Independent Flip,1.19760000000000,6.18780000000000,15.56020000000000,4.99020000000000,-19.60180000000000,10.06040000000000,0.00000000000000
mpc-hc64.exe,64292,0x00000000075C5C90,DXGI,0,512,0,11.54048500000000,0.07870000000000,0.18230000000000,1,Hardware: Independent Flip,1.07100000000000,11.41660000000000,5.41110000000000,10.34560000000000,1.01530000000000,0.05570000000000,0.00000000000000
mpc-hc64.exe,64292,0x00000000075C5C90,DXGI,0,512,0,11.56122610000000,0.17150000000000,20.74110000000000,1,Hardware: Independent Flip,1.09750000000000,6.03310000000000,15.35760000000000,4.93560000000000,-19.67010000000000,10.18270000000000,0.00000000000000
mpc-hc64.exe,64292,0x00000000075C5C90,DXGI,0,512,0,11.56150060000000,0.12630000000000,0.27450000000000,1,Hardware: Independent Flip,0.87800000000000,11.21470000000000,5.45610000000000,10.33670000000000,0.82300000000000,0.05500000000000,0.00000000000000
mpc-hc64.exe,64292,0x00000000075C5C90,DXGI,0,512,0,11.58215170000000,0.15290000000000,20.65110000000000,1,Hardware: Independent Flip,1.51150000000000,6.58560000000000,16.02200000000000,5.07410000000000,-19.77310000000000,10.62750000000000,0.00000000000000
mpc-hc64.exe,64292,0x00000000075C5C90,DXGI,0,512,0,11.58236020000000,0.15020000000000,0.20850000000000,1,Hardware: Independent Flip,1.35930000000000,11.94700000000000,5.56990000000000,10.58770000000000,1.30300000000000,0.05630000000000,0.00000000000000
mpc-hc64.exe,64292,0x00000000075C5C90,DXGI,0,512,0,11.60290800000000,0.13060000000000,20.54780000000000,1,Hardware: Independent Flip,1.18690000000000,6.28890000000000,14.88970000000000,5.10200000000000,-19.18850000000000,9.94480000000000,0.00000000000000
mpc-hc64.exe,64292,0x00000000075C5C90,DXGI,0,512,0,11.60309260000000,0.08420000000000,0.18460000000000,1,Hardware: Independent Flip,1.07590000000000,11.22240000000000,5.11810000000000,10.14650000000000,1.00230000000000,0.07360000000000,0.00000000000000
mpc-hc64.exe,64292,0x00000000075C5C90,DXGI,0,512,0,11.62377560000000,0.14640000000000,20.68300000000000,1,Hardware: Independent Flip,1.15520000000000,6.23370000000000,15.69430000000000,5.07850000000000,-19.60710000000000,10.13810000000000,0.00000000000000
mpc-hc64.exe,64292,0x00000000075C5C90,DXGI,0,512,0,11.62397680000000,0.07890000000000,0.20120000000000,1,Hardware: Independent Flip,1.01000000000000,11.34380000000000,5.31130000000000,10.33380000000000,0.95400000000000,0.05600000000000,0.00000000000000
mpc-hc64.exe,64292,0x00000000075C5C90,DXGI,0,512,0,11.64442190000000,0.14570000000000,20.44510000000000,1,Hardware: Independent Flip,1.18440000000000,1.18440000000000,10.28570000000000,0.00000000000000,-19.43510000000000,10.07920000000000,0.00000000000000
mpc-hc64.exe,64292,0x00000000075C5C90,DXGI,0,512,0,11.64464270000000,0.08520000000000,0.22080000000000,1,Hardware: Independent Flip,1.02530000000000,11.28530000000000,10.32170000000000,10.26000000000000,0.96360000000000,0.06170000000000,0.00000000000000
mpc-hc64.exe,64292,0x00000000075C5C90,DXGI,0,512,0,11.66541280000000,0.12790000000000,20.77010000000000,1,Hardware: Independent Flip,1.22510000000000,6.38880000000000,15.87360000000000,5.16370000000000,-19.74480000000000,10.25350000000000,0.00000000000000
mpc-hc64.exe,64292,0x00000000075C5C90,DXGI,0,512,0,11.66559490000000,0.07810000000000,0.18210000000000,1,Hardware: Independent Flip,1.09810000000000,11.53010000000000,5.32340000000000,10.43200000000000,1.04300000000000,0.05510000000000,0.00000000000000
mpc-hc64.exe,64292,0x00000000075C5C90,DXGI,0,512,0,11.68678910000000,0.16050000000000,21.19420000000000,1,Hardware: Independent Flip,1.50960000000000,6.74670000000000,16.41080000000000,5.23710000000000,-20.09610000000000,10.03520000000000,0.00000000000000
mpc-hc64.exe,64292,0x00000000075C5C90,DXGI,0,512,0,11.68700960000000,0.08730000000000,0.22050000000000,1,Hardware: Independent Flip,1.34430000000000,12.09880000000000,5.57260000000000,10.75450000000000,1.28910000000000,0.05520000000000,0.00000000000000
mpc-hc64.exe,64292,0x00000000075C5C90,DXGI,0,512,0,11.70812050000000,0.15440000000000,21.11090000000000,1,Hardware: Independent Flip,1.27430000000000,6.53420000000000,15.54630000000000,5.25990000000000,-19.76660000000000,9.73480000000000,0.00000000000000
mpc-hc64.exe,64292,0x00000000075C5C90,DXGI,0,512,0,11.70833060000000,0.08460000000000,0.21010000000000,1,Hardware: Independent Flip,1.12070000000000,11.58710000000000,5.26300000000000,10.46640000000000,1.06420000000000,0.05650000000000,0.00000000000000
mpc-hc64.exe,64292,0x00000000075C5C90,DXGI,0,512,0,11.72788710000000,0.13470000000000,19.55650000000000,1,Hardware: Independent Flip,1.18640000000000,7.70870000000000,15.67810000000000,6.52230000000000,-18.43580000000000,9.94370000000000,0.00000000000000
mpc-hc64.exe,64292,0x00000000075C5C90,DXGI,0,512,0,11.72807890000000,0.08230000000000,0.19180000000000,1,Hardware: Independent Flip,1.04940000000000,10.80740000000000,3.29050000000000,9.75800000000000,0.99460000000000,0.05480000000000,0.00000000000000
mpc-hc64.exe,64292,0x00000000075C5C90,DXGI,0,512,0,11.74878430000000,0.13630000000000,20.70540000000000,1,Hardware: Independent Flip,1.18440000000000,1.18440000000000,11.08240000000000,0.00000000000000,-19.65600000000000,10.24660000000000,0.00000000000000
mpc-hc64.exe,64292,0x00000000075C5C90,DXGI,0,512,0,11.74897590000000,0.08260000000000,0.19160000000000,1,Hardware: Independent Flip,1.04850000000000,11.42130000000000,10.42850000000000,10.37280000000000,0.99280000000000,0.05570000000000,0.00000000000000
mpc-hc64.exe,64292,0x00000000075C5C90,DXGI,0,512,0,11.76964680000000,0.15250000000000,20.67090000000000,1,Hardware: Independent Flip,1.16880000000000,6.39220000000000,15.64180000000000,5.22340000000000,-19.62240000000000,10.29580000000000,0.00000000000000
mpc-hc64.exe,64292,0x00000000075C5C90,DXGI,0,512,0,11.76985810000000,0.08560000000000,0.21130000000000,1,Hardware: Independent Flip,1.03200000000000,11.38580000000000,5.20490000000000,10.35380000000000,0.95750000000000,0.07450000000000,0.00000000000000
mpc-hc64.exe,64292,0x00000000075C5C90,DXGI,0,512,0,11.79038090000000,0.12880000000000,20.52280000000000,1,Hardware: Independent Flip,1.18700000000000,6.52680000000000,15.66380000000000,5.33980000000000,-19.49080000000000,10.05990000000000,0.00000000000000
mpc-hc64.exe,64292,0x00000000075C5C90,DXGI,0,512,0,11.79056330000000,0.08080000000000,0.18240000000000,1,Hardware: Independent Flip,1.06220000000000,11.35380000000000,5.00940000000000,10.29160000000000,1.00460000000000,0.05760000000000,0.00000000000000
mpc-hc64.exe,64292,0x00000000075C5C90,DXGI,0,512,0,11.81214320000000,0.14490000000000,21.57990000000000,1,Hardware: Independent Flip,1.20350000000000,5.33880000000000,15.56490000000000,4.13530000000000,-20.51770000000000,9.99780000000000,0.00000000000000
mpc-hc64.exe,64292,0x00000000075C5C90,DXGI,0,512,0,11.81234350000000,0.08420000000000,0.20030000000000,1,Hardware: Independent Flip,1.05770000000000,11.87340000000000,6.73490000000000,10.81570000000000,1.00320000000000,0.05450000000000,0.00000000000000
mpc-hc64.exe,64292,0x00000000075C5C90,DXGI,0,512,0,11.83267140000000,0.15010000000000,20.32790000000000,1,Hardware: Independent Flip,1.18990000000000,7.72970000000000,16.18420000000000,6.53980000000000,-19.27020000000000,9.55090000000000,0.00000000000000
mpc-hc64.exe,64292,0x00000000075C5C90,DXGI,0,512,0,11.83287610000000,0.08080000000000,0.20470000000000,1,Hardware: Independent Flip,1.05150000000000,11.24460000000000,3.71960000000000,10.19310000000000,0.98520000000000,0.06630000000000,0.00000000000000
mpc-hc64.exe,64292,0x00000000075C5C90,DXGI,0,512,0,11.85279740000000,0.12620000000000,19.92130000000000,1,Hardware: Independent Flip,1.19630000000000,6.93160000000000,15.60830000000000,5.73530000000000,-18.86980000000000,10.11840000000000,0.00000000000000
mpc-hc64.exe,64292,0x00000000075C5C90,DXGI,0,512,0,11.85297820000000,0.08280000000000,0.18080000000000,1,Hardware: Independent Flip,1.06940000000000,11.05510000000000,4.30430000000000,9.98570000000000,1.01550000000000,0.05390000000000,0.00000000000000
mpc-hc64.exe,64292,0x00000000075C5C90,DXGI,0,512,0,11.87371730000000,0.12820000000000,20.73910000000000,1,Hardware: Independent Flip,1.19830000000000,5.90150000000000,15.58550000000000,4.70320000000000,-19.66970000000000,10.05560000000000,0.00000000000000
mpc-hc64.exe,64292,0x00000000075C5C90,DXGI,0,512,0,11.87389980000000,0.07760000000000,0.18250000000000,1,Hardware: Independent Flip,1.07080000000000,11.45250000000000,5.73350000000000,10.38170000000000,1.01580000000000,0.05500000000000,0.00000000000000
mpc-hc64.exe,64292,0x00000000075C5C90,DXGI,0,512,0,11.89466220000000,0.14580000000000,20.76240000000000,1,Hardware: Independent Flip,1.16570000000000,6.47870000000000,15.78860000000000,5.31300000000000,-19.69160000000000,10.24370000000000,0.00000000000000
mpc-hc64.exe,64292,0x00000000075C5C90,DXGI,0,512,0,11.89486300000000,0.08340000000000,0.20080000000000,1,Hardware: Independent Flip,1.03900000000000,11.42580000000000,5.14790000000000,10.38680000000000,0.96490000000000,0.07410000000000,0.00000000000000
mpc-hc64.exe,64292,0x00000000075C5C90,DXGI,0,512,0,11.91624560000000,0.15570000000000,21.38260000000000,1,Hardware: Independent Flip,0.92280000000000,0.92280000000000,10.87960000000000,0.00000000000000,-20.34360000000000,9.94010000000000,0.00000000000000
mpc-hc64.exe,64292,0x00000000075C5C90,DXGI,0,512,0,11.91645640000000,0.08180000000000,0.21080000000000,1,Hardware: Independent Flip,0.77800000000000,11.35790000000000,10.64590000000000,10.57990000000000,0.71200000000000,0.06340000000000,0.00000000000000
mpc-hc64.exe,64292,0x00000000075C5C90,DXGI,0,512,0,11.93645480000000,0.13190000000000,19.99840000000000,1,Hardware: Independent Flip,1.16290000000000,7.06810000000000,15.70860000000000,5.90520000000000,-19.22040000000000,11.19580000000000,0.00000000000000
mpc-hc64.exe,64292,0x00000000075C5C90,DXGI,0,512,0,11.93664120000000,0.08400000000000,0.18640000000000,1,Hardware: Independent Flip,1.04340000000000,11.19820000000000,4.31650000000000,10.15480000000000,0.97650000000000,0.06690000000000,0.00000000000000
mpc-hc64.exe,64292,0x00000000075C5C90,DXGI,0,512,0,11.95898630000000,0.15150000000000,22.34510000000000,1,Hardware: Independent Flip,1.25300000000000,6.40070000000000,17.54760000000000,5.14770000000000,-21.30170000000000,9.77850000000000,0.00000000000000
mpc-hc64.exe,64292,0x00000000075C5C90,DXGI,0,512,0,11.95919430000000,0.08440000000000,0.20800000000000,1,Hardware: Independent Flip,1.10660000000000,12.33610000000000,6.14340000000000,11.22950000000000,1.04500000000000,0.06160000000000,0.00000000000000
mpc-hc64.exe,64292,0x00000000075C5C90,DXGI,0,512,0,11.97786510000000,0.12920000000000,18.67080000000000,1,Hardware: Independent Flip,1.19070000000000,9.16410000000000,15.49880000000000,7.97340000000000,-17.56420000000000,10.10950000000000,0.00000000000000
mpc-hc64.exe,64292,0x00000000075C5C90,DXGI,0,512,0,11.97804860000000,0.08090000000000,0.18350000000000,1,Hardware: Independent Flip,1.06270000000000,10.39350000000000,1.41290000000000,9.33080000000000,1.00720000000000,0.05550000000000,0.00000000000000
mpc-hc64.exe,64292,0x00000000075C5C90,DXGI,0,512,0,11.99895080000000,0.13270000000000,20.90220000000000,1,Hardware: Independent Flip,1.17650000000000,5.25150000000000,15.76020000000000,4.07500000000000,-19.83950000000000,10.40940000000000,0.00000000000000
mpc-hc64.exe,64292,0x00000000075C5C90,DXGI,0,512,0,11.99914100000000,0.08310000000000,0.19020000000000,1,Hardware: Independent Flip,1.05300000000000,11.52390000000000,6.46260000000000,10.47090000000000,0.98630000000000,0.06670000000000,0.00000000000000
mpc-hc64.exe,64292,0x00000000075C5C90,DXGI,0,512,0,12.01936600000000,0.24750000000000,20.22500000000000,1,Hardware: Independent Flip,1.51310000000000,7.10120000000000,15.80230000000000,5.58810000000000,-19.17200000000000,10.07530000000000,0.00000000000000
mpc-hc64.exe,64292,0x00000000075C5C90,DXGI,0,512,0,12.01969110000000,0.09340000000000,0.32510000000000,1,Hardware: Independent Flip,1.24280000000000,11.54060000000000,4.76450000000000,10.29780000000000,1.18800000000000,0.05480000000000,0.00000000000000
mpc-hc64.exe,64292,0x00000000075C5C90,DXGI,0,512,0,12.04045100000000,0.14200000000000,20.75990000000000,1,Hardware: Independent Flip,1.40580000000000,6.36660000000000,15.58590000000000,4.96080000000000,-19.51710000000000,10.32710000000000,0.00000000000000
mpc-hc64.exe,64292,0x00000000075C5C90,DXGI,0,512,0,12.04064970000000,0.08740000000000,0.19870000000000,1,Hardware: Independent Flip,1.27510000000000,11.70010000000000,5.53220000000000,10.42500000000000,1.20710000000000,0.06800000000000,0.00000000000000
mpc-hc64.exe,64292,0x00000000075C5C90,DXGI,0,512,0,12.06131990000000,0.14120000000000,20.67020000000000,1,Hardware: Independent Flip,1.18240000000000,1.18240000000000,10.15250000000000,0.00000000000000,-19.39510000000000,9.92930000000000,0.00000000000000
mpc-hc64.exe,64292,0x00000000075C5C90,DXGI,0,512,0,12.06151800000000,0.08270000000000,0.19810000000000,1,Hardware: Independent Flip,1.03880000000000,11.27480000000000,10.29050000000000,10.23600000000000,0.98430000000000,0.05450000000000,0.00000000000000
mpc-hc64.exe,64292,0x00000000075C5C90,DXGI,0,512,0,12.08287850000000,0.15550000000000,21.36050000000000,1,Hardware: Independent Flip,1.20700000000000,6.23930000000000,16.32500000000000,5.03230000000000,-20.32170000000000,9.53450000000000,0.00000000000000
mpc-hc64.exe,64292,0x00000000075C5C90,DXGI,0,512,0,12.08308820000000,0.08350000000000,0.20970000000000,1,Hardware: Independent Flip,1.05570000000000,11.77210000000000,5.74250000000000,10.71640000000000,0.99730000000000,0.05840000000000,0.00000000000000
mpc-hc64.exe,64292,0x00000000075C5C90,DXGI,0,512,0,12.10608670000000,0.13710000000000,22.99850000000000,1,Hardware: Independent Flip,1.26630000000000,1.26630000000000,12.49270000000000,0.00000000000000,-21.94280000000000,10.13160000000000,0.00000000000000
mpc-hc64.exe,64292,0x00000000075C5C90,DXGI,0,512,0,12.10627880000000,0.08460000000000,0.19210000000000,1,Hardware: Independent Flip,1.14070000000000,12.69400000000000,11.61980000000000,11.55330000000000,1.07420000000000,0.06650000000000,0.00000000000000
mpc-hc64.exe,64292,0x00000000075C5C90,DXGI,0,512,0,12.12373680000000,0.13430000000000,17.45800000000000,1,Hardware: Independent Flip,1.16490000000000,10.73700000000000,15.50100000000000,9.57210000000000,-16.31730000000000,10.05390000000000,0.00000000000000
mpc-hc64.exe,64292,0x00000000075C5C90,DXGI,0,512,0,12.12392770000000,0.13890000000000,0.19090000000000,1,Hardware: Independent Flip,1.04050000000000,10.54610000000000,0.00000000000000,9.50560000000000,0.97400000000000,0.06650000000000,0.00000000000000
mpc-hc64.exe,64292,0x00000000075C5C90,DXGI,0,512,0,12.14437450000000,0.32790000000000,20.44680000000000,1,Hardware: Independent Flip,1.51460000000000,5.01930000000000,14.92000000000000,3.50470000000000,-19.40630000000000,10.38590000000000,0.00000000000000
mpc-hc64.exe,64292,0x00000000075C5C90,DXGI,0,512,0,12.14478180000000,0.10070000000000,0.40730000000000,1,Hardware: Independent Flip,1.17450000000000,11.59840000000000,6.98640000000000,10.42390000000000,1.10730000000000,0.06720000000000,0.00000000000000
mpc-hc64.exe,64292,0x00000000075C5C90,DXGI,0,512,0,12.16547850000000,0.13770000000000,20.69670000000000,1,Hardware: Independent Flip,1.38210000000000,6.87120000000000,15.96950000000000,5.48910000000000,-19.52220000000000,10.18000000000000,0.00000000000000
mpc-hc64.exe,64292,0x00000000075C5C90,DXGI,0,512,0,12.16567240000000,0.08670000000000,0.19390000000000,1,Hardware: Independent Flip,1.24830000000000,11.65060000000000,4.97330000000000,10.40230000000000,1.18820000000000,0.06010000000000,0.00000000000000
mpc-hc64.exe,64292,0x00000000075C5C90,DXGI,0,512,0,12.18737820000000,0.13190000000000,21.70580000000000,1,Hardware: Independent Flip,1.21300000000000,6.32610000000000,16.38130000000000,5.11310000000000,-20.45750000000000,9.55190000000000,0.00000000000000
mpc-hc64.exe,64292,0x00000000075C5C90,DXGI,0,512,0,12.18756580000000,0.08250000000000,0.18760000000000,1,Hardware: Independent Flip,1.07960000000000,11.86220000000000,5.72370000000000,10.78260000000000,1.02540000000000,0.05420000000000,0.00000000000000
mpc-hc64.exe,64292,0x00000000075C5C90,DXGI,0,512,0,12.20704080000000,0.15400000000000,19.47500000000000,1,Hardware: Independent Flip,1.14960000000000,7.99720000000000,15.61000000000000,6.84760000000000,-18.39540000000000,10.10510000000000,0.00000000000000
mpc-hc64.exe,64292,0x00000000075C5C90,DXGI,0,512,0,12.20724940000000,0.08270000000000,0.20860000000000,1,Hardware: Independent Flip,1.00760000000000,10.74350000000000,2.95490000000000,9.73590000000000,0.94100000000000,0.06660000000000,0.00000000000000
mpc-hc64.exe,64292,0x00000000075C5C90,DXGI,0,512,0,12.22794810000000,0.13840000000000,20.69870000000000,1,Hardware: Independent Flip,1.18320000000000,1.18320000000000,11.13840000000000,0.00000000000000,-19.69110000000000,10.17590000000000,0.00000000000000
mpc-hc64.exe,64292,0x00000000075C5C90,DXGI,0,512,0,12.22814420000000,0.08580000000000,0.19610000000000,1,Hardware: Independent Flip,1.04260000000000,11.43200000000000,10.44490000000000,10.38940000000000,0.98710000000000,0.05550000000000,0.00000000000000
mpc-hc64.exe,64292,0x00000000075C5C90,DXGI,0,512,0,12.24884720000000,0.14170000000000,20.70300000000000,1,Hardware: Independent Flip,1.41430000000000,1.41430000000000,10.68530000000000,0.00000000000000,-19.66040000000000,10.50720000000000,0.00000000000000
mpc-hc64.exe,64292,0x00000000075C5C90,DXGI,0,512,0,12.24906910000000,0.11820000000000,0.22190000000000,1,Hardware: Independent Flip,1.24780000000000,11.74030000000000,10.54790000000000,10.49250000000000,1.19240000000000,0.05540000000000,0.00000000000000
mpc-hc64.exe,64292,0x00000000075C5C90,DXGI,0,512,0,12.26960090000000,0.15730000000000,20.53180000000000,1,Hardware: Independent Flip,1.15660000000000,5.96060000000000,14.75210000000000,4.80400000000000,-19.28400000000000,9.95190000000000,0.00000000000000
mpc-hc64.exe,64292,0x00000000075C5C90,DXGI,0,512,0,12.26981660000000,0.08440000000000,0.21570000000000,1,Hardware: Independent Flip,1.00700000000000,11.19140000000000,5.44650000000000,10.18440000000000,0.94090000000000,0.06610000000000,0.00000000000000
mpc-hc64.exe,64292,0x00000000075C5C90,DXGI,0,512,0,12.29058260000000,0.13310000000000,20.76600000000000,1,Hardware: Independent Flip,1.17570000000000,5.82840000000000,15.40300000000000,4.65270000000000,-19.75900000000000,10.23300000000000,0.00000000000000
mpc-hc64.exe,64292,0x00000000075C5C90,DXGI,0,512,0,12.29076710000000,0.07950000000000,0.18450000000000,1,Hardware: Independent Flip,1.04720000000000,11.46530000000000,5.82140000000000,10.41810000000000,0.99120000000000,0.05600000000000,0.00000000000000
mpc-hc64.exe,64292,0x00000000075C5C90,DXGI,0,512,0,12.31118870000000,0.12880000000000,20.42160000000000,1,Hardware: Independent Flip,1.19870000000000,6.52910000000000,15.48540000000000,5.33040000000000,-19.37440000000000,10.08980000000000,0.00000000000000
mpc-hc64.exe,64292,0x00000000075C5C90,DXGI,0,512,0,12.31137420000000,0.07910000000000,0.18550000000000,1,Hardware: Independent Flip,1.06800000000000,11.30210000000000,4.95850000000000,10.23410000000000,1.01320000000000,0.05480000000000,0.00000000000000
mpc-hc64.exe,64292,0x00000000075C5C90,DXGI,0,512,0,12.33274470000000,0.15160000000000,21.37050000000000,1,Hardware: Independent Flip,1.23840000000000,6.41670000000000,16.48510000000000,5.17830000000000,-20.30250000000000,9.74500000000000,0.00000000000000
mpc-hc64.exe,64292,0x00000000075C5C90,DXGI,0,512,0,12.33295120000000,0.08070000000000,0.20650000000000,1,Hardware: Independent Flip,1.08790000000000,11.80430000000000,5.59410000000000,10.71640000000000,1.03190000000000,0.05600000000000,0.00000000000000
mpc-hc64.exe,64292,0x00000000075C5C90,DXGI,0,512,0,12.35288950000000,0.13990000000000,19.93830000000000,1,Hardware: Independent Flip,1.48510000000000,1.48510000000000,9.61910000000000,0.00000000000000,-18.85040000000000,10.30210000000000,0.00000000000000
mpc-hc64.exe,64292,0x00000000075C5C90,DXGI,0,512,0,12.35308710000000,0.25870000000000,0.19760000000000,1,Hardware: Independent Flip,1.34720000000000,11.46880000000000,10.18130000000000,10.12160000000000,1.28750000000000,0.05970000000000,0.00000000000000
mpc-hc64.exe,64292,0x00000000075C5C90,DXGI,0,512,0,12.37372080000000,0.13270000000000,20.63370000000000,1,Hardware: Independent Flip,1.17590000000000,6.33940000000000,15.50430000000000,5.16350000000000,-19.28650000000000,10.11750000000000,0.00000000000000
mpc-hc64.exe,64292,0x00000000075C5C90,DXGI,0,512,0,12.37391040000000,0.08100000000000,0.18960000000000,1,Hardware: Independent Flip,1.04240000000000,11.22710000000000,5.07730000000000,10.18470000000000,0.98630000000000,0.05610000000000,0.00000000000000
mpc-hc64.exe,64292,0x00000000075C5C90,DXGI,0,512,0,12.39502000000000,0.15510000000000,21.10960000000000,1,Hardware: Independent Flip,1.27700000000000,6.31070000000000,16.19320000000000,5.03370000000000,-20.06720000000000,9.61180000000000,0.00000000000000
mpc-hc64.exe,64292,0x00000000075C5C90,DXGI,0,512,0,12.39523490000000,0.08370000000000,0.21490000000000,1,Hardware: Independent Flip,1.11690000000000,11.73600000000000,5.64020000000000,10.61910000000000,1.06210000000000,0.05480000000000,0.00000000000000
mpc-hc64.exe,64292,0x00000000075C5C90,DXGI,0,512,0,12.41542250000000,0.12960000000000,20.18760000000000,1,Hardware: Independent Flip,1.22090000000000,1.22090000000000,9.67250000000000,0.00000000000000,-19.07070000000000,10.23820000000000,0.00000000000000
mpc-hc64.exe,64292,0x00000000075C5C90,DXGI,0,512,0,12.41560540000000,0.08330000000000,0.18290000000000,1,Hardware: Independent Flip,1.12540000000000,11.22090000000000,10.18290000000000,10.09550000000000,1.03800000000000,0.08740000000000,0.00000000000000
mpc-hc64.exe,64292,0x00000000075C5C90,DXGI,0,512,0,12.43658860000000,0.12990000000000,20.98320000000000,1,Hardware: Independent Flip,1.15540000000000,5.84630000000000,15.60860000000000,4.69090000000000,-19.85780000000000,10.39710000000000,0.00000000000000
mpc-hc64.exe,64292,0x00000000075C5C90,DXGI,0,512,0,12.43677220000000,0.07920000000000,0.18360000000000,1,Hardware: Independent Flip,1.02540000000000,11.49310000000000,5.83040000000000,10.46770000000000,0.97180000000000,0.05360000000000,0.00000000000000
mpc-hc64.exe,64292,0x00000000075C5C90,DXGI,0,512,0,12.45875920000000,0.15500000000000,21.98700000000000,1,Hardware: Independent Flip,1.19050000000000,6.75240000000000,17.24630000000000,5.56190000000000,-20.96160000000000,9.91140000000000,0.00000000000000
mpc-hc64.exe,64292,0x00000000075C5C90,DXGI,0,512,0,12.45897010000000,0.08630000000000,0.21090000000000,1,Hardware: Independent Flip,1.05420000000000,12.08860000000000,5.54710000000000,11.03440000000000,0.97960000000000,0.07460000000000,0.00000000000000
mpc-hc64.exe,64292,0x00000000075C5C90,DXGI,0,512,0,12.47796210000000,0.13670000000000,18.99200000000000,1,Hardware: Independent Flip,1.18830000000000,7.56740000000000,14.47080000000000,6.37910000000000,-17.93780000000000,10.12610000000000,0.00000000000000
mpc-hc64.exe,64292,0x00000000075C5C90,DXGI,0,512,0,12.47815340000000,0.08070000000000,0.19130000000000,1,Hardware: Independent Flip,1.05630000000000,10.56780000000000,3.19170000000000,9.51150000000000,0.99700000000000,0.05930000000000,0.00000000000000
mpc-hc64.exe,64292,0x00000000075C5C90,DXGI,0,512,0,12.49900380000000,0.13360000000000,20.85040000000000,1,Hardware: Independent Flip,1.17480000000000,5.41820000000000,15.70080000000000,4.24340000000000,-19.79410000000000,10.43020000000000,0.00000000000000
mpc-hc64.exe,64292,0x00000000075C5C90,DXGI,0,512,0,12.49919200000000,0.08230000000000,0.18820000000000,1,Hardware: Independent Flip,1.04880000000000,11.48570000000000,6.25570000000000,10.43690000000000,0.98660000000000,0.06220000000000,0.00000000000000
mpc-hc64.exe,64292,0x00000000075C5C90,DXGI,0,512,0,12.51961050000000,0.14950000000000,20.41850000000000,1,Hardware: Independent Flip,1.16400000000000,6.80040000000000,15.73320000000000,5.63640000000000,-19.36970000000000,10.14970000000000,0.00000000000000
mpc-hc64.exe,64292,0x00000000075C5C90,DXGI,0,512,0,12.51981750000000,0.08480000000000,0.20700000000000,1,Hardware: Independent Flip,1.02380000000000,11.25370000000000,4.66030000000000,10.22990000000000,0.95700000000000,0.06680000000000,0.00000000000000
mpc-hc64.exe,64292,0x00000000075C5C90,DXGI,0,512,0,12.54040090000000,0.13440000000000,20.58340000000000,1,Hardware: Independent Flip,1.17700000000000,6.23470000000000,15.56440000000000,5.05770000000000,-19.55960000000000,10.19580000000000,0.00000000000000
mpc-hc64.exe,64292,0x00000000075C5C90,DXGI,0,512,0,12.54058880000000,0.08110000000000,0.18790000000000,1,Hardware: Independent Flip,1.04470000000000,11.36750000000000,5.32070000000000,10.32280000000000,0.98910000000000,0.05560000000000,0.00000000000000
mpc-hc64.exe,64292,0x00000000075C5C90,DXGI,0,512,0,12.56180950000000,0.18530000000000,21.22070000000000,1,Hardware: Independent Flip,1.23550000000000,1.23550000000000,11.08870000000000,0.00000000000000,-20.17600000000000,9.50930000000000,0.00000000000000
mpc-hc64.exe,64292,0x00000000075C5C90,DXGI,0,512,0,12.56206160000000,0.08700000000000,0.25210000000000,1,Hardware: Independent Flip,1.03850000000000,11.69660000000000,10.71320000000000,10.65810000000000,0.98340000000000,0.05510000000000,0.00000000000000
mpc-hc64.exe,64292,0x00000000075C5C90,DXGI,0,512,0,12.58320730000000,0.15880000000000,21.14570000000000,1,Hardware: Independent Flip,1.18330000000000,1.18330000000000,10.63240000000000,0.00000000000000,-20.10720000000000,9.61900000000000,0.00000000000000
mpc-hc64.exe,64292,0x00000000075C5C90,DXGI,0,512,0,12.58342240000000,0.08170000000000,0.21510000000000,1,Hardware: Independent Flip,1.02450000000000,11.62230000000000,10.65410000000000,10.59780000000000,0.96820000000000,0.05630000000000,0.00000000000000
mpc-hc64.exe,64292,0x00000000075C5C90,DXGI,0,512,0,12.60317030000000,0.17310000000000,19.74790000000000,1,Hardware: Independent Flip,1.36330000000000,7.69060000000000,15.81620000000000,6.32730000000000,-18.72340000000000,10.42630000000000,0.00000000000000
mpc-hc64.exe,64292,0x00000000075C5C90,DXGI,0,512,0,12.60340270000000,0.08740000000000,0.23240000000000,1,Hardware: Independent Flip,1.19390000000000,11.18470000000000,3.72650000000000,9.99080000000000,1.13090000000000,0.06300000000000,0.00000000000000
mpc-hc64.exe,64292,0x00000000075C5C90,DXGI,0,512,0,12.62387830000000,0.13970000000000,20.47560000000000,1,Hardware: Independent Flip,1.18570000000000,1.18570000000000,10.47660000000000,0.00000000000000,-19.28170000000000,10.11690000000000,0.00000000000000
mpc-hc64.exe,64292,0x00000000075C5C90,DXGI,0,512,0,12.62407200000000,0.08160000000000,0.19370000000000,1,Hardware: Independent Flip,1.05260000000000,11.23480000000000,10.24280000000000,10.18220000000000,0.99200000000000,0.06060000000000,0.00000000000000
mpc-hc64.exe,64292,0x00000000075C5C90,DXGI,0,512,0,12.64475390000000,0.16240000000000,20.68190000000000,1,Hardware: Independent Flip,1.17180000000000,6.05780000000000,15.50490000000000,4.88600000000000,-19.62930000000000,10.05200000000000,0.00000000000000
mpc-hc64.exe,64292,0x00000000075C5C90,DXGI,0,512,0,12.64497390000000,0.08740000000000,0.22000000000000,1,Hardware: Independent Flip,1.01660000000000,11.36850000000000,5.53070000000000,10.35190000000000,0.95180000000000,0.06480000000000,0.00000000000000
mpc-hc64.exe,64292,0x00000000075C5C90,DXGI,0,512,0,12.66569640000000,0.16840000000000,20.72250000000000,1,Hardware: Independent Flip,1.15940000000000,5.98660000000000,15.34060000000000,4.82720000000000,-19.70590000000000,10.27760000000000,0.00000000000000
mpc-hc64.exe,64292,0x00000000075C5C90,DXGI,0,512,0,12.66592810000000,0.08750000000000,0.23170000000000,1,Hardware: Independent Flip,0.98840000000000,11.36890000000000,5.61400000000000,10.38050000000000,0.92770000000000,0.06070000000000,0.00000000000000
mpc-hc64.exe,64292,0x00000000075C5C90,DXGI,0,512,0,12.68628070000000,0.14380000000000,20.35260000000000,1,Hardware: Independent Flip,1.41880000000000,1.41880000000000,10.40250000000000,0.00000000000000,-19.36420000000000,10.60370000000000,0.00000000000000
mpc-hc64.exe,64292,0x00000000075C5C90,DXGI,0,512,0,12.68648040000000,0.08240000000000,0.19970000000000,1,Hardware: Independent Flip,1.27680000000000,11.62370000000000,10.40460000000000,10.34690000000000,1.21910000000000,0.05770000000000,0.00000000000000
mpc-hc64.exe,64292,0x00000000075C5C90,DXGI,0,512,0,12.70773430000000,0.16080000000000,21.25390000000000,1,Hardware: Independent Flip,1.21480000000000,5.47690000000000,15.10710000000000,4.26210000000000,-19.97710000000000,9.36500000000000,0.00000000000000
mpc-hc64.exe,64292,0x00000000075C5C90,DXGI,0,512,0,12.70795360000000,0.08350000000000,0.21930000000000,1,Hardware: Independent Flip,1.05340000000000,11.60000000000000,6.34240000000000,10.54660000000000,0.99550000000000,0.05790000000000,0.00000000000000
mpc-hc64.exe,64292,0x00000000075C5C90,DXGI,0,512,0,12.72816180000000,0.18600000000000,20.20820000000000,1,Hardware: Independent Flip,1.21690000000000,7.02240000000000,15.63060000000000,5.80550000000000,-19.15480000000000,10.35650000000000,0.00000000000000
mpc-hc64.exe,64292,0x00000000075C5C90,DXGI,0,512,0,12.72844750000000,0.09580000000000,0.28570000000000,1,Hardware: Independent Flip,0.99030000000000,11.12610000000000,4.38940000000000,10.13580000000000,0.93120000000000,0.05910000000000,0.00000000000000
mpc-hc64.exe,64292,0x00000000075C5C90,DXGI,0,512,0,12.74899550000000,0.14620000000000,20.54800000000000,1,Hardware: Independent Flip,1.19620000000000,6.14200000000000,15.56390000000000,4.94580000000000,-19.55770000000000,10.37780000000000,0.00000000000000
mpc-hc64.exe,64292,0x00000000075C5C90,DXGI,0,512,0,12.74928140000000,0.12280000000000,0.28590000000000,1,Hardware: Independent Flip,0.97250000000000,11.29640000000000,5.44030000000000,10.32390000000000,0.91030000000000,0.06220000000000,0.00000000000000
mpc-hc64.exe,64292,0x00000000075C5C90,DXGI,0,512,0,12.76973130000000,0.16240000000000,20.44990000000000,1,Hardware: Independent Flip,1.19010000000000,6.33490000000000,15.48840000000000,5.14480000000000,-19.47740000000000,10.28760000000000,0.00000000000000
mpc-hc64.exe,64292,0x00000000075C5C90,DXGI,0,512,0,12.76994910000000,0.08290000000000,0.21780000000000,1,Hardware: Independent Flip,1.03050000000000,11.31580000000000,5.19870000000000,10.28530000000000,0.97230000000000,0.05820000000000,0.00000000000000
mpc-hc64.exe,64292,0x00000000075C5C90,DXGI,0,512,0,12.79082370000000,0.23130000000000,20.87460000000000,1,Hardware: Independent Flip,1.12470000000000,5.76120000000000,15.32000000000000,4.63650000000000,-19.84410000000000,10.25410000000000,0.00000000000000
mpc-hc64.exe,64292,0x00000000075C5C90,DXGI,0,512,0,12.79114290000000,0.11090000000000,0.31920000000000,1,Hardware: Independent Flip,0.86690000000000,11.29690000000000,5.85490000000000,10.43000000000000,0.80550000000000,0.06140000000000,0.00000000000000
mpc-hc64.exe,64292,0x00000000075C5C90,DXGI,0,512,0,12.81143230000000,0.18390000000000,20.28940000000000,1,Hardware: Independent Flip,1.19390000000000,1.19390000000000,10.18640000000000,0.00000000000000,-19.42250000000000,10.54440000000000,0.00000000000000
mpc-hc64.exe,64292,0x00000000075C5C90,DXGI,0,512,0,12.81167700000000,0.08710000000000,0.24470000000000,1,Hardware: Independent Flip,1.01080000000000,11.26800000000000,10.31880000000000,10.25720000000000,0.94920000000000,0.06160000000000,0.00000000000000
mpc-hc64.exe,64292,0x00000000075C5C90,DXGI,0,512,0,12.83295770000000,0.15720000000000,21.28070000000000,1,Hardware: Independent Flip,1.20120000000000,6.17880000000000,16.19150000000000,4.97760000000000,-20.26990000000000,9.73890000000000,0.00000000000000
mpc-hc64.exe,64292,0x00000000075C5C90,DXGI,0,512,0,12.83318970000000,0.08790000000000,0.23200000000000,1,Hardware: Independent Flip,1.02660000000000,11.71460000000000,5.76780000000000,10.68800000000000,0.96920000000000,0.05740000000000,0.00000000000000
mpc-hc64.exe,64292,0x00000000075C5C90,DXGI,0,512,0,12.85295720000000,0.13790000000000,19.76750000000000,1,Hardware: Independent Flip,1.19630000000000,1.19630000000000,9.24920000000000,0.00000000000000,-18.74090000000000,10.15770000000000,0.00000000000000
mpc-hc64.exe,64292,0x00000000075C5C90,DXGI,0,512,0,12.85314990000000,0.08150000000000,0.19270000000000,1,Hardware: Independent Flip,1.06350000000000,10.98220000000000,9.97860000000000,9.91870000000000,1.00360000000000,0.05990000000000,0.00000000000000
mpc-hc64.exe,64292,0x00000000075C5C90,DXGI,0,512,0,12.87385870000000,0.13890000000000,20.70880000000000,1,Hardware: Independent Flip,1.15630000000000,5.79340000000000,15.52000000000000,4.63710000000000,-19.64530000000000,10.18480000000000,0.00000000000000
mpc-hc64.exe,64292,0x00000000075C5C90,DXGI,0,512,0,12.87405280000000,0.08000000000000,0.19410000000000,1,Hardware: Independent Flip,1.01780000000000,11.36480000000000,5.76550000000000,10.34700000000000,0.96220000000000,0.05560000000000,0.00000000000000
mpc-hc64.exe,64292,0x00000000075C5C90,DXGI,0,512,0,12.89483440000000,0.16470000000000,20.78160000000000,1,Hardware: Independent Flip,1.19140000000000,6.16150000000000,15.57830000000000,4.97010000000000,-19.76380000000000,10.29750000000000,0.00000000000000
mpc-hc64.exe,64292,0x00000000075C5C90,DXGI,0,512,0,12.89505780000000,0.08740000000000,0.22340000000000,1,Hardware: Independent Flip,1.02390000000000,11.44770000000000,5.50960000000000,10.42380000000000,0.96800000000000,0.05590000000000,0.00000000000000
mpc-hc64.exe,64292,0x00000000075C5C90,DXGI,0,512,0,12.91641690000000,0.15750000000000,21.35910000000000,1,Hardware: Independent Flip,1.32040000000000,6.46950000000000,16.38090000000000,5.14910000000000,-20.33520000000000,9.68100000000000,0.00000000000000
mpc-hc64.exe,64292,0x00000000075C5C90,DXGI,0,512,0,12.91664420000000,0.09080000000000,0.22730000000000,1,Hardware: Independent Flip,1.15110000000000,11.92840000000000,5.68620000000000,10.77730000000000,1.09310000000000,0.05800000000000,0.00000000000000
mpc-hc64.exe,64292,0x00000000075C5C90,DXGI,0,512,0,12.93805330000000,0.15200000000000,21.40910000000000,1,Hardware: Independent Flip,1.21740000000000,1.21740000000000,10.69810000000000,0.00000000000000,-20.25800000000000,10.06920000000000,0.00000000000000
mpc-hc64.exe,64292,0x00000000075C5C90,DXGI,0,512,0,12.93826320000000,0.08740000000000,0.20990000000000,1,Hardware: Independent Flip,1.06540000000000,11.75330000000000,10.74580000000000,10.68790000000000,1.00750000000000,0.05790000000000,0.00000000000000
mpc-hc64.exe,64292,0x00000000075C5C90,DXGI,0,512,0,12.95719410000000,0.15870000000000,18.93090000000000,1,Hardware: Independent Flip,1.18070000000000,1.18070000000000,8.35830000000000,0.00000000000000,-17.86550000000000,10.14290000000000,0.00000000000000
mpc-hc64.exe,64292,0x00000000075C5C90,DXGI,0,512,0,12.95740960000000,0.08600000000000,0.21550000000000,1,Hardware: Independent Flip,1.02470000000000,10.49880000000000,9.53360000000000,9.47410000000000,0.96520000000000,0.05950000000000,0.00000000000000
mpc-hc64.exe,64292,0x00000000075C5C90,DXGI,0,512,0,12.97794800000000,0.13300000000000,20.53840000000000,1,Hardware: Independent Flip,1.18710000000000,1.18710000000000,11.22670000000000,0.00000000000000,-19.51370000000000,10.13800000000000,0.00000000000000
mpc-hc64.exe,64292,0x00000000075C5C90,DXGI,0,512,0,12.97813930000000,0.08620000000000,0.19130000000000,1,Hardware: Independent Flip,1.05320000000000,11.34840000000000,10.35260000000000,10.29520000000000,0.99580000000000,0.05740000000000,0.00000000000000
mpc-hc64.exe,64292,0x00000000075C5C90,DXGI,0,512,0,12.99885780000000,0.13210000000000,20.71850000000000,1,Hardware: Independent Flip,1.18010000000000,6.21250000000000,15.58260000000000,5.03240000000000,-19.66530000000000,10.30230000000000,0.00000000000000
mpc-hc64.exe,64292,0x00000000075C5C90,DXGI,0,512,0,12.99904370000000,0.08310000000000,0.18590000000000,1,Hardware: Independent Flip,1.05560000000000,11.43150000000000,5.40490000000000,10.37590000000000,0.99420000000000,0.06140000000000,0.00000000000000
mpc-hc64.exe,64292,0x00000000075C5C90,DXGI,0,512,0,13.01990190000000,0.15460000000000,20.85820000000000,1,Hardware: Independent Flip,1.26580000000000,6.56420000000000,15.99090000000000,5.29840000000000,-19.80260000000000,10.31600000000000,0.00000000000000
mpc-hc64.exe,64292,0x00000000075C5C90,DXGI,0,512,0,13.02011600000000,0.08700000000000,0.21410000000000,1,Hardware: Independent Flip,1.10590000000000,11.59500000000000,5.24490000000000,10.48910000000000,1.05170000000000,0.05420000000000,0.00000000000000
mpc-hc64.exe,64292,0x00000000075C5C90,DXGI,0,512,0,13.04069410000000,0.12890000000000,20.57810000000000,1,Hardware: Independent Flip,1.21350000000000,6.76610000000000,15.74920000000000,5.55260000000000,-19.47220000000000,10.40370000000000,0.00000000000000
mpc-hc64.exe,64292,0x00000000075C5C90,DXGI,0,512,0,13.04087930000000,0.08070000000000,0.18520000000000,1,Hardware: Independent Flip,1.08410000000000,11.38020000000000,4.79930000000000,10.29610000000000,1.02830000000000,0.05580000000000,0.00000000000000
mpc-hc64.exe,64292,0x00000000075C5C90,DXGI,0,512,0,13.06140720000000,0.12980000000000,20.52790000000000,1,Hardware: Independent Flip,1.16710000000000,6.63460000000000,15.78230000000000,5.46750000000000,-19.44380000000000,10.35620000000000,0.00000000000000
mpc-hc64.exe,64292,0x00000000075C5C90,DXGI,0,512,0,13.06159200000000,0.07910000000000,0.18480000000000,1,Hardware: Independent Flip,1.04970000000000,11.31800000000000,4.86820000000000,10.26830000000000,0.98230000000000,0.06740000000000,0.00000000000000
mpc-hc64.exe,64292,0x00000000075C5C90,DXGI,0,512,0,13.08201480000000,0.15000000000000,20.42280000000000,1,Hardware: Independent Flip,1.16940000000000,6.44380000000000,15.54860000000000,5.27440000000000,-19.37310000000000,10.12250000000000,0.00000000000000
mpc-hc64.exe,64292,0x00000000075C5C90,DXGI,0,512,0,13.08222100000000,0.08090000000000,0.20620000000000,1,Hardware: Independent Flip,1.02920000000000,11.26360000000000,5.02600000000000,10.23440000000000,0.96320000000000,0.06600000000000,0.00000000000000
mpc-hc64.exe,64292,0x00000000075C5C90,DXGI,0,512,0,13.10577210000000,0.13270000000000,23.55110000000000,1,Hardware: Independent Flip,1.20320000000000,1.20320000000000,13.49070000000000,0.00000000000000,-22.52190000000000,9.67060000000000,0.00000000000000
mpc-hc64.exe,64292,0x00000000075C5C90,DXGI,0,512,0,13.10596180000000,0.08130000000000,0.18970000000000,1,Hardware: Independent Flip,1.06610000000000,12.87800000000000,11.86450000000000,11.81190000000000,1.01350000000000,0.05260000000000,0.00000000000000
mpc-hc64.exe,64292,0x00000000075C5C90,DXGI,0,512,0,13.12397600000000,0.13170000000000,18.01420000000000,1,Hardware: Independent Flip,1.19730000000000,10.71010000000000,15.84630000000000,9.51280000000000,-16.94810000000000,10.50750000000000,0.00000000000000
mpc-hc64.exe,64292,0x00000000075C5C90,DXGI,0,512,0,13.12416380000000,0.07940000000000,0.18780000000000,1,Hardware: Independent Flip,1.06470000000000,10.52230000000000,0.00000000000000,9.45760000000000,1.00950000000000,0.05520000000000,0.00000000000000
mpc-hc64.exe,64292,0x00000000075C5C90,DXGI,0,512,0,13.14430210000000,0.15770000000000,20.13830000000000,1,Hardware: Independent Flip,1.41100000000000,5.54220000000000,15.15820000000000,4.13120000000000,-19.07360000000000,10.17420000000000,0.00000000000000
mpc-hc64.exe,64292,0x00000000075C5C90,DXGI,0,512,0,13.14451690000000,0.08470000000000,0.21480000000000,1,Hardware: Independent Flip,1.26900000000000,11.47330000000000,6.14590000000000,10.20430000000000,1.19620000000000,0.07280000000000,0.00000000000000
mpc-hc64.exe,64292,0x00000000075C5C90,DXGI,0,512,0,13.16609880000000,0.13520000000000,21.58190000000000,1,Hardware: Independent Flip,0.88980000000000,5.77770000000000,15.88630000000000,4.88790000000000,-20.31290000000000,10.01530000000000,0.00000000000000
mpc-hc64.exe,64292,0x00000000075C5C90,DXGI,0,512,0,13.16628800000000,0.08160000000000,0.18920000000000,1,Hardware: Independent Flip,0.75930000000000,11.31180000000000,5.72330000000000,10.55250000000000,0.70060000000000,0.05580000000000,0.00000000000000
mpc-hc64.exe,64292,0x00000000075C5C90,DXGI,0,512,0,13.18618130000000,0.14220000000000,19.89330000000000,1,Hardware: Independent Flip,1.42550000000000,6.93040000000000,15.51190000000000,5.50490000000000,-19.13400000000000,11.06840000000000,0.00000000000000
mpc-hc64.exe,64292,0x00000000075C5C90,DXGI,0,512,0,13.18638220000000,0.10900000000000,0.20090000000000,1,Hardware: Independent Flip,1.28130000000000,11.51420000000000,4.78470000000000,10.23290000000000,1.22460000000000,0.05670000000000,0.00000000000000
mpc-hc64.exe,64292,0x00000000075C5C90,DXGI,0,512,0,13.20706290000000,0.15210000000000,20.68070000000000,1,Hardware: Independent Flip,1.17280000000000,6.42480000000000,15.59130000000000,5.25200000000000,-19.39940000000000,9.90070000000000,0.00000000000000
mpc-hc64.exe,64292,0x00000000075C5C90,DXGI,0,512,0,13.20726980000000,0.08520000000000,0.20690000000000,1,Hardware: Independent Flip,1.03860000000000,11.28530000000000,5.06740000000000,10.24670000000000,0.96590000000000,0.07270000000000,0.00000000000000
mpc-hc64.exe,64292,0x00000000075C5C90,DXGI,0,512,0,13.22832270000000,0.13660000000000,21.05290000000000,1,Hardware: Independent Flip,1.21080000000000,6.20770000000000,15.97530000000000,4.99690000000000,-20.01430000000000,10.41270000000000,0.00000000000000
mpc-hc64.exe,64292,0x00000000075C5C90,DXGI,0,512,0,13.22851700000000,0.08540000000000,0.19430000000000,1,Hardware: Independent Flip,1.07210000000000,11.63730000000000,5.62390000000000,10.56520000000000,1.01650000000000,0.05560000000000,0.00000000000000
mpc-hc64.exe,64292,0x00000000075C5C90,DXGI,0,512,0,13.24950580000000,0.12760000000000,20.98880000000000,1,Hardware: Independent Flip,1.19380000000000,7.03550000000000,16.38700000000000,5.84170000000000,-19.91670000000000,10.62230000000000,0.00000000000000
mpc-hc64.exe,64292,0x00000000075C5C90,DXGI,0,512,0,13.24968420000000,0.10020000000000,0.17840000000000,1,Hardware: Independent Flip,1.07290000000000,11.57600000000000,4.71890000000000,10.50310000000000,1.01540000000000,0.05750000000000,0.00000000000000
mpc-hc64.exe,64292,0x00000000075C5C90,DXGI,0,512,0,13.26979100000000,0.15460000000000,20.10680000000000,1,Hardware: Independent Flip,1.17720000000000,6.19120000000000,14.72200000000000,5.01400000000000,-19.03390000000000,10.11310000000000,0.00000000000000
mpc-hc64.exe,64292,0x00000000075C5C90,DXGI,0,512,0,13.27000540000000,0.08940000000000,0.21440000000000,1,Hardware: Independent Flip,1.02910000000000,11.09880000000000,5.12200000000000,10.06970000000000,0.96280000000000,0.06630000000000,0.00000000000000
mpc-hc64.exe,64292,0x00000000075C5C90,DXGI,0,512,0,13.29055810000000,0.12930000000000,20.55270000000000,1,Hardware: Independent Flip,1.16620000000000,1.16620000000000,10.62010000000000,0.00000000000000,-19.52360000000000,10.09010000000000,0.00000000000000
mpc-hc64.exe,64292,0x00000000075C5C90,DXGI,0,512,0,13.29074280000000,0.08140000000000,0.18470000000000,1,Hardware: Independent Flip,1.05670000000000,11.35950000000000,10.37800000000000,10.30280000000000,0.98150000000000,0.07520000000000,0.00000000000000
mpc-hc64.exe,64292,0x00000000075C5C90,DXGI,0,512,0,13.31120040000000,0.12790000000000,20.45760000000000,1,Hardware: Independent Flip,1.16130000000000,6.49230000000000,15.59040000000000,5.33100000000000,-19.40090000000000,10.18880000000000,0.00000000000000
mpc-hc64.exe,64292,0x00000000075C5C90,DXGI,0,512,0,13.31138240000000,0.07970000000000,0.18200000000000,1,Hardware: Independent Flip,1.05530000000000,11.29540000000000,4.98510000000000,10.24010000000000,0.97930000000000,0.07600000000000,0.00000000000000
mpc-hc64.exe,64292,0x00000000075C5C90,DXGI,0,512,0,13.33202860000000,0.15220000000000,20.64620000000000,1,Hardware: Independent Flip,1.17490000000000,6.29750000000000,15.64830000000000,5.12260000000000,-19.59090000000000,10.13940000000000,0.00000000000000
mpc-hc64.exe,64292,0x00000000075C5C90,DXGI,0,512,0,13.33223470000000,0.08300000000000,0.20610000000000,1,Hardware: Independent Flip,1.03480000000000,11.38210000000000,5.29070000000000,10.34730000000000,0.96880000000000,0.06600000000000,0.00000000000000
mpc-hc64.exe,64292,0x00000000075C5C90,DXGI,0,512,0,13.35316030000000,0.13910000000000,20.92560000000000,1,Hardware: Independent Flip,1.40360000000000,1.40360000000000,10.94710000000000,0.00000000000000,-19.89080000000000,10.36730000000000,0.00000000000000
mpc-hc64.exe,64292,0x00000000075C5C90,DXGI,0,512,0,13.35337750000000,0.08000000000000,0.21720000000000,1,Hardware: Independent Flip,1.24350000000000,11.84230000000000,10.65590000000000,10.59880000000000,1.18640000000000,0.05710000000000,0.00000000000000
mpc-hc64.exe,64292,0x00000000075C5C90,DXGI,0,512,0,13.37379650000000,0.13130000000000,20.41900000000000,1,Hardware: Independent Flip,1.16550000000000,6.05180000000000,14.62850000000000,4.88630000000000,-19.17550000000000,9.98960000000000,0.00000000000000
mpc-hc64.exe,64292,0x00000000075C5C90,DXGI,0,512,0,13.37398130000000,0.08500000000000,0.18480000000000,1,Hardware: Independent Flip,1.05490000000000,11.18430000000000,5.31730000000000,10.12940000000000,0.98070000000000,0.07420000000000,0.00000000000000
mpc-hc64.exe,64292,0x00000000075C5C90,DXGI,0,512,0,13.39458650000000,0.14800000000000,20.60520000000000,1,Hardware: Independent Flip,1.16750000000000,6.26500000000000,15.68590000000000,5.09750000000000,-19.55030000000000,10.13960000000000,0.00000000000000
mpc-hc64.exe,64292,0x00000000075C5C90,DXGI,0,512,0,13.39479070000000,0.08200000000000,0.20420000000000,1,Hardware: Independent Flip,1.03120000000000,11.35230000000000,5.29150000000000,10.32110000000000,0.96330000000000,0.06790000000000,0.00000000000000
mpc-hc64.exe,64292,0x00000000075C5C90,DXGI,0,512,0,13.41537880000000,0.13060000000000,20.58810000000000,1,Hardware: Independent Flip,1.15970000000000,6.26600000000000,15.50180000000000,5.10630000000000,-19.55690000000000,10.18080000000000,0.00000000000000
mpc-hc64.exe,64292,0x00000000075C5C90,DXGI,0,512,0,13.41556420000000,0.08430000000000,0.18540000000000,1,Hardware: Independent Flip,1.04850000000000,11.36540000000000,5.28480000000000,10.31690000000000,0.97430000000000,0.07420000000000,0.00000000000000
mpc-hc64.exe,64292,0x00000000075C5C90,DXGI,0,512,0,13.43636440000000,0.14960000000000,20.80020000000000,1,Hardware: Independent Flip,1.16930000000000,6.36900000000000,15.80380000000000,5.19970000000000,-19.75170000000000,10.12230000000000,0.00000000000000
mpc-hc64.exe,64292,0x00000000075C5C90,DXGI,0,512,0,13.43657740000000,0.08710000000000,0.21300000000000,1,Hardware: Independent Flip,1.01230000000000,11.42520000000000,5.26920000000000,10.41290000000000,0.95630000000000,0.05600000000000,0.00000000000000
mpc-hc64.exe,64292,0x00000000075C5C90,DXGI,0,512,0,13.45711340000000,0.18370000000000,20.53600000000000,1,Hardware: Independent Flip,1.18240000000000,6.32530000000000,15.43610000000000,5.14290000000000,-19.52370000000000,10.14120000000000,0.00000000000000
mpc-hc64.exe,64292,0x00000000075C5C90,DXGI,0,512,0,13.45735620000000,0.08110000000000,0.24280000000000,1,Hardware: Independent Flip,1.01490000000000,11.31930000000000,5.23680000000000,10.30440000000000,0.93960000000000,0.07530000000000,0.00000000000000
mpc-hc64.exe,64292,0x00000000075C5C90,DXGI,0,512,0,13.47781670000000,0.13480000000000,20.46050000000000,1,Hardware: Independent Flip,1.44260000000000,1.44260000000000,10.58380000000000,0.00000000000000,-19.44560000000000,10.35110000000000,0.00000000000000
mpc-hc64.exe,64292,0x00000000075C5C90,DXGI,0,512,0,13.47800490000000,0.08360000000000,0.18820000000000,1,Hardware: Independent Flip,1.31670000000000,11.71770000000000,10.46330000000000,10.40100000000000,1.25440000000000,0.06230000000000,0.00000000000000
mpc-hc64.exe,64292,0x00000000075C5C90,DXGI,0,512,0,13.49940760000000,0.12990000000000,21.40270000000000,1,Hardware: Independent Flip,1.26510000000000,6.52190000000000,16.20690000000000,5.25680000000000,-20.08600000000000,10.32710000000000,0.00000000000000
mpc-hc64.exe,64292,0x00000000075C5C90,DXGI,0,512,0,13.49959290000000,0.08140000000000,0.18530000000000,1,Hardware: Independent Flip,1.13480000000000,11.75750000000000,5.42090000000000,10.62270000000000,1.07980000000000,0.05500000000000,0.00000000000000
mpc-hc64.exe,64292,0x00000000075C5C90,DXGI,0,512,0,13.51960500000000,0.14590000000000,20.01210000000000,1,Hardware: Independent Flip,1.15850000000000,7.31130000000000,15.56590000000000,6.15280000000000,-18.87730000000000,10.04380000000000,0.00000000000000
mpc-hc64.exe,64292,0x00000000075C5C90,DXGI,0,512,0,13.51980540000000,0.08120000000000,0.20040000000000,1,Hardware: Independent Flip,1.02370000000000,11.00490000000000,3.89400000000000,9.98120000000000,0.95810000000000,0.06560000000000,0.00000000000000
mpc-hc64.exe,64292,0x00000000075C5C90,DXGI,0,512,0,13.54041310000000,0.12710000000000,20.60770000000000,1,Hardware: Independent Flip,1.18640000000000,1.18640000000000,10.78920000000000,0.00000000000000,-19.58400000000000,10.14650000000000,0.00000000000000
mpc-hc64.exe,64292,0x00000000075C5C90,DXGI,0,512,0,13.54059340000000,0.08120000000000,0.18030000000000,1,Hardware: Independent Flip,1.06960000000000,11.40790000000000,10.40180000000000,10.33830000000000,1.00610000000000,0.06350000000000,0.00000000000000
mpc-hc64.exe,64292,0x00000000075C5C90,DXGI,0,512,0,13.56137060000000,0.12810000000000,20.77720000000000,1,Hardware: Independent Flip,1.17550000000000,6.38290000000000,15.75220000000000,5.20740000000000,-19.70760000000000,10.18150000000000,0.00000000000000
mpc-hc64.exe,64292,0x00000000075C5C90,DXGI,0,512,0,13.56155230000000,0.07940000000000,0.18170000000000,1,Hardware: Independent Flip,1.06670000000000,11.46790000000000,5.26670000000000,10.40120000000000,0.99380000000000,0.07290000000000,0.00000000000000
mpc-hc64.exe,64292,0x00000000075C5C90,DXGI,0,512,0,13.58191220000000,0.15550000000000,20.35990000000000,1,Hardware: Independent Flip,1.50430000000000,6.90730000000000,15.79930000000000,5.40300000000000,-19.29320000000000,10.33100000000000,0.00000000000000
mpc-hc64.exe,64292,0x00000000075C5C90,DXGI,0,512,0,13.58212310000000,0.13130000000000,0.21090000000000,1,Hardware: Independent Flip,1.36690000000000,11.72510000000000,5.02870000000000,10.35820000000000,1.29340000000000,0.07350000000000,0.00000000000000
mpc-hc64.exe,64292,0x00000000075C5C90,DXGI,0,512,0,13.60303170000000,0.12980000000000,20.90860000000000,1,Hardware: Independent Flip,1.19920000000000,1.19920000000000,10.38270000000000,0.00000000000000,-19.54170000000000,9.86450000000000,0.00000000000000
mpc-hc64.exe,64292,0x00000000075C5C90,DXGI,0,512,0,13.60321610000000,0.08260000000000,0.18440000000000,1,Hardware: Independent Flip,1.08150000000000,11.41470000000000,10.39990000000000,10.33320000000000,1.01480000000000,0.06670000000000,0.00000000000000
mpc-hc64.exe,64292,0x00000000075C5C90,DXGI,0,512,0,13.62412160000000,0.12900000000000,20.90550000000000,1,Hardware: Independent Flip,1.21740000000000,6.60520000000000,16.09600000000000,5.38780000000000,-19.82400000000000,10.33740000000000,0.00000000000000
mpc-hc64.exe,64292,0x00000000075C5C90,DXGI,0,512,0,13.62430400000000,0.08970000000000,0.18240000000000,1,Hardware: Independent Flip,1.09030000000000,11.56380000000000,5.14100000000000,10.47350000000000,1.03500000000000,0.05530000000000,0.00000000000000
mpc-hc64.exe,64292,0x00000000075C5C90,DXGI,0,512,0,13.64552450000000,0.15460000000000,21.22050000000000,1,Hardware: Independent Flip,1.20560000000000,1.20560000000000,10.86230000000000,0.00000000000000,-20.13020000000000,9.64800000000000,0.00000000000000
mpc-hc64.exe,64292,0x00000000075C5C90,DXGI,0,512,0,13.64573620000000,0.08670000000000,0.21170000000000,1,Hardware: Independent Flip,1.05000000000000,11.67210000000000,10.67820000000000,10.62210000000000,0.99390000000000,0.05610000000000,0.00000000000000
mpc-hc64.exe,64292,0x00000000075C5C90,DXGI,0,512,0,13.66540430000000,0.13910000000000,19.66810000000000,1,Hardware: Independent Flip,1.21590000000000,7.54800000000000,15.54400000000000,6.33210000000000,-18.61810000000000,10.23950000000000,0.00000000000000
mpc-hc64.exe,64292,0x00000000075C5C90,DXGI,0,512,0,13.66559980000000,0.08770000000000,0.19550000000000,1,Hardware: Independent Flip,1.07570000000000,10.94600000000000,3.59350000000000,9.87030000000000,1.02040000000000,0.05530000000000,0.00000000000000
mpc-hc64.exe,64292,0x00000000075C5C90,DXGI,0,512,0,13.68724600000000,0.13140000000000,21.64620000000000,1,Hardware: Independent Flip,1.27020000000000,5.88690000000000,16.58710000000000,4.61670000000000,-20.57050000000000,9.80710000000000,0.00000000000000
mpc-hc64.exe,64292,0x00000000075C5C90,DXGI,0,512,0,13.68743230000000,0.07960000000000,0.18630000000000,1,Hardware: Independent Flip,1.14090000000000,12.01080000000000,6.31020000000000,10.86990000000000,1.08390000000000,0.05700000000000,0.00000000000000
mpc-hc64.exe,64292,0x00000000075C5C90,DXGI,0,512,0,13.70782000000000,0.17640000000000,20.38770000000000,1,Hardware: Independent Flip,1.23880000000000,1.23880000000000,9.61570000000000,0.00000000000000,-19.24680000000000,9.58660000000000,0.00000000000000
mpc-hc64.exe,64292,0x00000000075C5C90,DXGI,0,512,0,13.70805190000000,0.08210000000000,0.23190000000000,1,Hardware: Independent Flip,1.08130000000000,11.28260000000000,10.27570000000000,10.20130000000000,1.00690000000000,0.07440000000000,0.00000000000000
mpc-hc64.exe,64292,0x00000000075C5C90,DXGI,0,512,0,13.72816020000000,0.13600000000000,20.10830000000000,1,Hardware: Independent Flip,1.17180000000000,6.88830000000000,15.71400000000000,5.71650000000000,-19.02700000000000,10.17090000000000,0.00000000000000
mpc-hc64.exe,64292,0x00000000075C5C90,DXGI,0,512,0,13.72835400000000,0.08550000000000,0.19380000000000,1,Hardware: Independent Flip,1.03270000000000,11.07980000000000,4.38530000000000,10.04710000000000,0.97800000000000,0.05470000000000,0.00000000000000
mpc-hc64.exe,64292,0x00000000075C5C90,DXGI,0,512,0,13.74894310000000,0.13490000000000,20.58910000000000,1,Hardware: Independent Flip,1.22660000000000,6.33360000000000,15.84290000000000,5.10700000000000,-19.55640000000000,10.20250000000000,0.00000000000000
mpc-hc64.exe,64292,0x00000000075C5C90,DXGI,0,512,0,13.74913720000000,0.08180000000000,0.19410000000000,1,Hardware: Independent Flip,1.08830000000000,11.43300000000000,5.29350000000000,10.34470000000000,1.03250000000000,0.05580000000000,0.00000000000000
mpc-hc64.exe,64292,0x00000000075C5C90,DXGI,0,512,0,13.76960440000000,0.14610000000000,20.46720000000000,1,Hardware: Independent Flip,1.18830000000000,1.18830000000000,10.22250000000000,0.00000000000000,-19.37890000000000,10.13090000000000,0.00000000000000
mpc-hc64.exe,64292,0x00000000075C5C90,DXGI,0,512,0,13.76980540000000,0.08130000000000,0.20100000000000,1,Hardware: Independent Flip,1.04970000000000,11.28560000000000,10.29830000000000,10.23590000000000,0.98730000000000,0.06240000000000,0.00000000000000
mpc-hc64.exe,64292,0x00000000075C5C90,DXGI,0,512,0,13.79096210000000,0.12610000000000,21.15670000000000,1,Hardware: Independent Flip,1.19650000000000,1.19650000000000,11.06760000000000,0.00000000000000,-20.10700000000000,10.58570000000000,0.00000000000000
mpc-hc64.exe,64292,0x00000000075C5C90,DXGI,0,512,0,13.79114360000000,0.07770000000000,0.18150000000000,1,Hardware: Independent Flip,1.06950000000000,11.66800000000000,10.65300000000000,10.59850000000000,1.01500000000000,0.05450000000000,0.00000000000000
mpc-hc64.exe,64292,0x00000000075C5C90,DXGI,0,512,0,13.81152920000000,0.12970000000000,20.38560000000000,1,Hardware: Independent Flip,1.24610000000000,1.24610000000000,9.96370000000000,0.00000000000000,-19.31610000000000,10.28290000000000,0.00000000000000
mpc-hc64.exe,64292,0x00000000075C5C90,DXGI,0,512,0,13.81171330000000,0.07970000000000,0.18410000000000,1,Hardware: Independent Flip,1.11630000000000,11.34380000000000,10.28180000000000,10.22750000000000,1.06200000000000,0.05430000000000,0.00000000000000
mpc-hc64.exe,64292,0x00000000075C5C90,DXGI,0,512,0,13.83271390000000,0.16640000000000,21.00060000000000,1,Hardware: Independent Flip,1.20050000000000,6.51020000000000,16.16700000000000,5.30970000000000,-19.88430000000000,9.42860000000000,0.00000000000000
mpc-hc64.exe,64292,0x00000000075C5C90,DXGI,0,512,0,13.83293740000000,0.07870000000000,0.22350000000000,1,Hardware: Independent Flip,1.03300000000000,11.52980000000000,5.24310000000000,10.49680000000000,0.97700000000000,0.05600000000000,0.00000000000000
mpc-hc64.exe,64292,0x00000000075C5C90,DXGI,0,512,0,13.85290010000000,0.13130000000000,19.96270000000000,1,Hardware: Independent Flip,1.19440000000000,7.08700000000000,15.51990000000000,5.89260000000000,-18.92970000000000,10.13220000000000,0.00000000000000
mpc-hc64.exe,64292,0x00000000075C5C90,DXGI,0,512,0,13.85308580000000,0.08250000000000,0.18570000000000,1,Hardware: Independent Flip,1.06000000000000,11.07760000000000,4.17630000000000,10.01760000000000,1.00870000000000,0.05130000000000,0.00000000000000
mpc-hc64.exe,64292,0x00000000075C5C90,DXGI,0,512,0,13.87370120000000,0.13090000000000,20.61540000000000,1,Hardware: Independent Flip,1.15780000000000,6.06280000000000,15.60060000000000,4.90500000000000,-19.55540000000000,10.09570000000000,0.00000000000000
mpc-hc64.exe,64292,0x00000000075C5C90,DXGI,0,512,0,13.87388630000000,0.08200000000000,0.18510000000000,1,Hardware: Independent Flip,1.04100000000000,11.35920000000000,5.48150000000000,10.31820000000000,0.97270000000000,0.06830000000000,0.00000000000000
mpc-hc64.exe,64292,0x00000000075C5C90,DXGI,0,512,0,13.89457860000000,0.14890000000000,20.69230000000000,1,Hardware: Independent Flip,1.19800000000000,6.36440000000000,15.69750000000000,5.16640000000000,-19.65130000000000,10.09930000000000,0.00000000000000
mpc-hc64.exe,64292,0x00000000075C5C90,DXGI,0,512,0,13.89478470000000,0.08530000000000,0.20610000000000,1,Hardware: Independent Flip,1.05820000000000,11.44610000000000,5.28780000000000,10.38790000000000,0.99190000000000,0.06630000000000,0.00000000000000
mpc-hc64.exe,64292,0x00000000075C5C90,DXGI,0,512,0,13.91535350000000,0.20070000000000,20.56880000000000,1,Hardware: Independent Flip,1.37870000000000,1.37870000000000,10.50140000000000,0.00000000000000,-19.51060000000000,10.19810000000000,0.00000000000000
mpc-hc64.exe,64292,0x00000000075C5C90,DXGI,0,512,0,13.91562060000000,0.12960000000000,0.26710000000000,1,Hardware: Independent Flip,1.17860000000000,11.58770000000000,10.47610000000000,10.40910000000000,1.11160000000000,0.06700000000000,0.00000000000000
mpc-hc64.exe,64292,0x00000000075C5C90,DXGI,0,512,0,13.93624280000000,0.13540000000000,20.62220000000000,1,Hardware: Independent Flip,1.25390000000000,6.70650000000000,15.74100000000000,5.45260000000000,-19.44360000000000,10.17810000000000,0.00000000000000
mpc-hc64.exe,64292,0x00000000075C5C90,DXGI,0,512,0,13.93643080000000,0.08280000000000,0.18800000000000,1,Hardware: Independent Flip,1.12040000000000,11.42270000000000,4.90420000000000,10.30230000000000,1.06590000000000,0.05450000000000,0.00000000000000
mpc-hc64.exe,64292,0x00000000075C5C90,DXGI,0,512,0,13.95772520000000,0.14870000000000,21.29440000000000,1,Hardware: Independent Flip,1.20730000000000,6.40740000000000,16.27910000000000,5.20010000000000,-20.17400000000000,9.48000000000000,0.00000000000000
mpc-hc64.exe,64292,0x00000000075C5C90,DXGI,0,512,0,13.95792610000000,0.07980000000000,0.20090000000000,1,Hardware: Independent Flip,1.06330000000000,11.70660000000000,5.50010000000000,10.64330000000000,1.00640000000000,0.05690000000000,0.00000000000000
mpc-hc64.exe,64292,0x00000000075C5C90,DXGI,0,512,0,13.97789700000000,0.15090000000000,19.97090000000000,1,Hardware: Independent Flip,1.54320000000000,7.59820000000000,15.86250000000000,6.05500000000000,-18.90760000000000,10.21120000000000,0.00000000000000
mpc-hc64.exe,64292,0x00000000075C5C90,DXGI,0,512,0,13.97810300000000,0.10580000000000,0.20600000000000,1,Hardware: Independent Flip,1.39690000000000,11.57360000000000,4.18140000000000,10.17670000000000,1.33720000000000,0.05970000000000,0.00000000000000
mpc-hc64.exe,64292,0x00000000075C5C90,DXGI,0,512,0,13.99870410000000,0.12990000000000,20.60110000000000,1,Hardware: Independent Flip,1.17810000000000,6.47910000000000,15.50660000000000,5.30100000000000,-19.20420000000000,9.75270000000000,0.00000000000000
mpc-hc64.exe,64292,0x00000000075C5C90,DXGI,0,512,0,13.99888640000000,0.07950000000000,0.18230000000000,1,Hardware: Independent Flip,1.05670000000000,11.20130000000000,4.90450000000000,10.14460000000000,0.99580000000000,0.06090000000000,0.00000000000000
mpc-hc64.exe,64292,0x00000000075C5C90,DXGI,0,512,0,14.01953610000000,0.22130000000000,20.64970000000000,1,Hardware: Independent Flip,1.39300000000000,1.39300000000000,10.84140000000000,0.00000000000000,-19.59300000000000,10.11220000000000,0.00000000000000
mpc-hc64.exe,64292,0x00000000075C5C90,DXGI,0,512,0,14.01985160000000,0.11210000000000,0.31550000000000,1,Hardware: Independent Flip,1.14670000000000,11.60270000000000,10.52520000000000,10.45600000000000,1.07750000000000,0.06920000000000,0.00000000000000
mpc-hc64.exe,64292,0x00000000075C5C90,DXGI,0,512,0,14.04034410000000,0.15340000000000,20.49250000000000,1,Hardware: Independent Flip,1.18640000000000,6.56000000000000,15.44980000000000,5.37360000000000,-19.34580000000000,10.12970000000000,0.00000000000000
mpc-hc64.exe,64292,0x00000000075C5C90,DXGI,0,512,0,14.04055440000000,0.08110000000000,0.21030000000000,1,Hardware: Independent Flip,1.03600000000000,11.24660000000000,4.89690000000000,10.21060000000000,0.97610000000000,0.05990000000000,0.00000000000000
mpc-hc64.exe,64292,0x00000000075C5C90,DXGI,0,512,0,14.06183750000000,0.13570000000000,21.28310000000000,1,Hardware: Independent Flip,1.24530000000000,1.24530000000000,11.28180000000000,0.00000000000000,-20.24710000000000,9.67800000000000,0.00000000000000
mpc-hc64.exe,64292,0x00000000075C5C90,DXGI,0,512,0,14.06202780000000,0.08390000000000,0.19030000000000,1,Hardware: Independent Flip,1.11100000000000,11.80980000000000,10.75480000000000,10.69880000000000,1.05500000000000,0.05600000000000,0.00000000000000
mpc-hc64.exe,64292,0x00000000075C5C90,DXGI,0,512,0,14.08289850000000,0.16290000000000,20.87070000000000,1,Hardware: Independent Flip,1.24930000000000,7.30290000000000,16.36380000000000,6.05360000000000,-19.75970000000000,9.58600000000000,0.00000000000000
mpc-hc64.exe,64292,0x00000000075C5C90,DXGI,0,512,0,14.08311950000000,0.08500000000000,0.22100000000000,1,Hardware: Independent Flip,1.08390000000000,11.54110000000000,4.45920000000000,10.45720000000000,1.02830000000000,0.05560000000000,0.00000000000000
mpc-hc64.exe,64292,0x00000000075C5C90,DXGI,0,512,0,14.10290260000000,0.12930000000000,19.78310000000000,1,Hardware: Independent Flip,1.15870000000000,7.10350000000000,15.34550000000000,5.94480000000000,-18.69920000000000,10.07330000000000,0.00000000000000
mpc-hc64.exe,64292,0x00000000075C5C90,DXGI,0,512,0,14.10308470000000,0.08170000000000,0.18210000000000,1,Hardware: Independent Flip,1.04730000000000,10.93610000000000,4.01470000000000,9.88880000000000,0.97660000000000,0.07070000000000,0.00000000000000
mpc-hc64.exe,64292,0x00000000075C5C90,DXGI,0,512,0,14.12497320000000,0.13050000000000,21.88850000000000,1,Hardware: Independent Flip,1.18940000000000,5.95360000000000,16.90600000000000,4.76420000000000,-20.84120000000000,9.92170000000000,0.00000000000000
mpc-hc64.exe,64292,0x00000000075C5C90,DXGI,0,512,0,14.12515940000000,0.08060000000000,0.18620000000000,1,Hardware: Independent Flip,1.07760000000000,12.05270000000000,6.28530000000000,10.97510000000000,1.00320000000000,0.07440000000000,0.00000000000000
mpc-hc64.exe,64292,0x00000000075C5C90,DXGI,0,512,0,14.14464360000000,0.20990000000000,19.48420000000000,1,Hardware: Independent Flip,1.15450000000000,8.01660000000000,15.44810000000000,6.86210000000000,-18.40660000000000,10.04800000000000,0.00000000000000
mpc-hc64.exe,64292,0x00000000075C5C90,DXGI,0,512,0,14.14491200000000,0.08770000000000,0.26840000000000,1,Hardware: Independent Flip,0.94210000000000,10.67540000000000,2.92720000000000,9.73330000000000,0.88610000000000,0.05600000000000,0.00000000000000
mpc-hc64.exe,64292,0x00000000075C5C90,DXGI,0,512,0,14.16541020000000,0.12780000000000,20.49820000000000,1,Hardware: Independent Flip,1.15850000000000,5.74780000000000,15.57060000000000,4.58930000000000,-19.55610000000000,10.29570000000000,0.00000000000000
mpc-hc64.exe,64292,0x00000000075C5C90,DXGI,0,512,0,14.16559020000000,0.07960000000000,0.18000000000000,1,Hardware: Independent Flip,1.04450000000000,11.36500000000000,5.79720000000000,10.32050000000000,0.97850000000000,0.06600000000000,0.00000000000000
mpc-hc64.exe,64292,0x00000000075C5C90,DXGI,0,512,0,14.18724990000000,0.12820000000000,21.65970000000000,1,Hardware: Independent Flip,1.22760000000000,6.41740000000000,16.71210000000000,5.18980000000000,-20.61520000000000,9.62480000000000,0.00000000000000
mpc-hc64.exe,64292,0x00000000075C5C90,DXGI,0,512,0,14.18743000000000,0.08000000000000,0.18010000000000,1,Hardware: Independent Flip,1.11030000000000,11.98370000000000,5.74640000000000,10.87340000000000,1.04750000000000,0.06280000000000,0.00000000000000
mpc-hc64.exe,64292,0x00000000075C5C90,DXGI,0,512,0,14.20718040000000,0.18440000000000,19.75040000000000,1,Hardware: Independent Flip,1.20010000000000,1.20010000000000,8.96680000000000,0.00000000000000,-18.64010000000000,10.03880000000000,0.00000000000000
mpc-hc64.exe,64292,0x00000000075C5C90,DXGI,0,512,0,14.20742160000000,0.08250000000000,0.24120000000000,1,Hardware: Independent Flip,1.01430000000000,10.88870000000000,9.92980000000000,9.87440000000000,0.95890000000000,0.05540000000000,0.00000000000000
mpc-hc64.exe,64292,0x00000000075C5C90,DXGI,0,512,0,14.22827110000000,0.15150000000000,20.84950000000000,1,Hardware: Independent Flip,1.48090000000000,6.04650000000000,16.00730000000000,4.56560000000000,-19.83520000000000,10.67970000000000,0.00000000000000
mpc-hc64.exe,64292,0x00000000075C5C90,DXGI,0,512,0,14.22847930000000,0.14660000000000,0.20820000000000,1,Hardware: Independent Flip,1.34720000000000,11.96430000000000,6.12600000000000,10.61710000000000,1.27270000000000,0.07450000000000,0.00000000000000
mpc-hc64.exe,64292,0x00000000075C5C90,DXGI,0,512,0,14.24878800000000,0.13910000000000,20.30870000000000,1,Hardware: Independent Flip,1.17900000000000,1.17900000000000,9.52340000000000,0.00000000000000,-18.96150000000000,9.88780000000000,0.00000000000000
mpc-hc64.exe,64292,0x00000000075C5C90,DXGI,0,512,0,14.24898170000000,0.08360000000000,0.19370000000000,1,Hardware: Independent Flip,1.04770000000000,11.07070000000000,10.08540000000000,10.02300000000000,0.98530000000000,0.06240000000000,0.00000000000000
mpc-hc64.exe,64292,0x00000000075C5C90,DXGI,0,512,0,14.26982300000000,0.19620000000000,20.84130000000000,1,Hardware: Independent Flip,1.20880000000000,6.09510000000000,15.86570000000000,4.88630000000000,-19.79360000000000,10.16430000000000,0.00000000000000
mpc-hc64.exe,64292,0x00000000075C5C90,DXGI,0,512,0,14.27011080000000,0.10790000000000,0.28780000000000,1,Hardware: Independent Flip,0.97940000000000,11.40250000000000,5.59520000000000,10.42310000000000,0.92100000000000,0.05840000000000,0.00000000000000
mpc-hc64.exe,64292,0x00000000075C5C90,DXGI,0,512,0,14.29086050000000,0.13660000000000,20.74970000000000,1,Hardware: Independent Flip,1.17380000000000,1.17380000000000,10.52100000000000,0.00000000000000,-19.77030000000000,10.41610000000000,0.00000000000000
mpc-hc64.exe,64292,0x00000000075C5C90,DXGI,0,512,0,14.29105110000000,0.08150000000000,0.19060000000000,1,Hardware: Independent Flip,1.04530000000000,11.47010000000000,10.48690000000000,10.42480000000000,0.98320000000000,0.06210000000000,0.00000000000000
mpc-hc64.exe,64292,0x00000000075C5C90,DXGI,0,512,0,14.31168950000000,0.13750000000000,20.63840000000000,1,Hardware: Independent Flip,1.18210000000000,6.74280000000000,15.91110000000000,5.56070000000000,-19.59310000000000,9.59260000000000,0.00000000000000
mpc-hc64.exe,64292,0x00000000075C5C90,DXGI,0,512,0,14.31188320000000,0.07930000000000,0.19370000000000,1,Hardware: Independent Flip,1.06090000000000,11.40800000000000,4.85890000000000,10.34710000000000,0.98840000000000,0.07250000000000,0.00000000000000
mpc-hc64.exe,64292,0x00000000075C5C90,DXGI,0,512,0,14.33293260000000,0.17410000000000,21.04940000000000,1,Hardware: Independent Flip,1.28900000000000,6.67310000000000,16.31450000000000,5.38410000000000,-19.98850000000000,9.66590000000000,0.00000000000000
mpc-hc64.exe,64292,0x00000000075C5C90,DXGI,0,512,0,14.33316560000000,0.08630000000000,0.23300000000000,1,Hardware: Independent Flip,1.11080000000000,11.70160000000000,5.26150000000000,10.59080000000000,1.05600000000000,0.05480000000000,0.00000000000000
mpc-hc64.exe,64292,0x00000000075C5C90,DXGI,0,512,0,14.35298430000000,0.12730000000000,19.81870000000000,1,Hardware: Independent Flip,1.15930000000000,1.15930000000000,9.27640000000000,0.00000000000000,-18.70790000000000,10.07640000000000,0.00000000000000
mpc-hc64.exe,64292,0x00000000075C5C90,DXGI,0,512,0,14.35316620000000,0.08120000000000,0.18190000000000,1,Hardware: Independent Flip,1.05140000000000,10.94400000000000,9.96660000000000,9.89260000000000,0.97740000000000,0.07400000000000,0.00000000000000
mpc-hc64.exe,64292,0x00000000075C5C90,DXGI,0,512,0,14.37376760000000,0.12660000000000,20.60140000000000,1,Hardware: Independent Flip,1.21600000000000,5.99750000000000,15.65490000000000,4.78150000000000,-19.55000000000000,10.07110000000000,0.00000000000000
mpc-hc64.exe,64292,0x00000000075C5C90,DXGI,0,512,0,14.37394700000000,0.07920000000000,0.17940000000000,1,Hardware: Independent Flip,1.11000000000000,11.45230000000000,5.63420000000000,10.34230000000000,1.03660000000000,0.07340000000000,0.00000000000000
mpc-hc64.exe,64292,0x00000000075C5C90,DXGI,0,512,0,14.39452050000000,0.14730000000000,20.57350000000000,1,Hardware: Independent Flip,1.19810000000000,1.19810000000000,10.31930000000000,0.00000000000000,-19.46350000000000,10.09950000000000,0.00000000000000
mpc-hc64.exe,64292,0x00000000075C5C90,DXGI,0,512,0,14.39472170000000,0.08540000000000,0.20120000000000,1,Hardware: Independent Flip,1.05820000000000,11.33520000000000,10.33830000000000,10.27700000000000,0.99690000000000,0.06130000000000,0.00000000000000
mpc-hc64.exe,64292,0x00000000075C5C90,DXGI,0,512,0,14.41601540000000,0.13300000000000,21.29370000000000,1,Hardware: Independent Flip,0.87780000000000,5.81930000000000,15.77780000000000,4.94150000000000,-20.23550000000000,10.10170000000000,0.00000000000000
mpc-hc64.exe,64292,0x00000000075C5C90,DXGI,0,512,0,14.41620310000000,0.08870000000000,0.18770000000000,1,Hardware: Independent Flip,0.75010000000000,11.25770000000000,5.62610000000000,10.50760000000000,0.69010000000000,0.05730000000000,0.00000000000000
mpc-hc64.exe,64292,0x00000000075C5C90,DXGI,0,512,0,14.43631760000000,0.13370000000000,20.11450000000000,1,Hardware: Independent Flip,1.17340000000000,6.77900000000000,15.63580000000000,5.60560000000000,-19.36440000000000,10.92100000000000,0.00000000000000
mpc-hc64.exe,64292,0x00000000075C5C90,DXGI,0,512,0,14.43650590000000,1.25080000000000,0.18830000000000,1,Hardware: Independent Flip,1.29650000000000,11.39640000000000,4.80570000000000,10.09990000000000,0.98510000000000,0.07730000000000,0.00000000000000
mpc-hc64.exe,64292,0x00000000075C5C90,DXGI,0,512,0,14.45779930000000,0.15150000000000,21.29340000000000,1,Hardware: Independent Flip,1.18420000000000,1.18420000000000,11.08120000000000,0.00000000000000,-19.99690000000000,10.75040000000000,0.00000000000000
mpc-hc64.exe,64292,0x00000000075C5C90,DXGI,0,512,0,14.45800450000000,0.08060000000000,0.20520000000000,1,Hardware: Independent Flip,1.03530000000000,11.58160000000000,10.60260000000000,10.54630000000000,0.97900000000000,0.05630000000000,0.00000000000000
mpc-hc64.exe,64292,0x00000000075C5C90,DXGI,0,512,0,14.47788080000000,0.14390000000000,19.87630000000000,1,Hardware: Independent Flip,1.39020000000000,1.39020000000000,9.68490000000000,0.00000000000000,-18.84100000000000,10.33420000000000,0.00000000000000
mpc-hc64.exe,64292,0x00000000075C5C90,DXGI,0,512,0,14.47810140000000,0.10960000000000,0.22060000000000,1,Hardware: Independent Flip,1.22810000000000,11.29240000000000,10.12280000000000,10.06430000000000,1.16960000000000,0.05850000000000,0.00000000000000
mpc-hc64.exe,64292,0x00000000075C5C90,DXGI,0,512,0,14.49893230000000,0.13110000000000,20.83090000000000,1,Hardware: Independent Flip,1.18850000000000,1.18850000000000,10.72700000000000,0.00000000000000,-19.60280000000000,10.14110000000000,0.00000000000000
mpc-hc64.exe,64292,0x00000000075C5C90,DXGI,0,512,0,14.49911880000000,0.09350000000000,0.18650000000000,1,Hardware: Independent Flip,1.05790000000000,11.39990000000000,10.39790000000000,10.34200000000000,1.00200000000000,0.05590000000000,0.00000000000000
mpc-hc64.exe,64292,0x00000000075C5C90,DXGI,0,512,0,14.51966020000000,0.16270000000000,20.54140000000000,1,Hardware: Independent Flip,1.49890000000000,1.49890000000000,10.64040000000000,0.00000000000000,-19.48350000000000,10.30800000000000,0.00000000000000
mpc-hc64.exe,64292,0x00000000075C5C90,DXGI,0,512,0,14.51988040000000,0.10010000000000,0.22020000000000,1,Hardware: Independent Flip,1.33880000000000,11.77900000000000,10.50030000000000,10.44020000000000,1.27870000000000,0.06010000000000,0.00000000000000
mpc-hc64.exe,64292,0x00000000075C5C90,DXGI,0,512,0,14.54017370000000,0.13440000000000,20.29330000000000,1,Hardware: Independent Flip,1.38470000000000,6.74400000000000,15.25830000000000,5.35930000000000,-18.95450000000000,9.81000000000000,0.00000000000000
mpc-hc64.exe,64292,0x00000000075C5C90,DXGI,0,512,0,14.54037580000000,0.09060000000000,0.20210000000000,1,Hardware: Independent Flip,1.24260000000000,11.36340000000000,4.82150000000000,10.12080000000000,1.18260000000000,0.06000000000000,0.00000000000000
mpc-hc64.exe,64292,0x00000000075C5C90,DXGI,0,512,0,14.56129690000000,0.13530000000000,20.92110000000000,1,Hardware: Independent Flip,1.40050000000000,6.17640000000000,15.73410000000000,4.77590000000000,-19.67850000000000,9.95910000000000,0.00000000000000
mpc-hc64.exe,64292,0x00000000075C5C90,DXGI,0,512,0,14.56148730000000,0.08200000000000,0.19040000000000,1,Hardware: Independent Flip,1.27710000000000,11.78150000000000,5.79550000000000,10.50440000000000,1.21010000000000,0.06700000000000,0.00000000000000
mpc-hc64.exe,64292,0x00000000075C5C90,DXGI,0,512,0,14.58223990000000,0.14820000000000,20.75260000000000,1,Hardware: Independent Flip,1.19040000000000,1.19040000000000,10.16150000000000,0.00000000000000,-19.47550000000000,10.01550000000000,0.00000000000000
mpc-hc64.exe,64292,0x00000000075C5C90,DXGI,0,512,0,14.58244310000000,0.08050000000000,0.20320000000000,1,Hardware: Independent Flip,1.05330000000000,11.35020000000000,10.36300000000000,10.29690000000000,0.98720000000000,0.06610000000000,0.00000000000000
mpc-hc64.exe,64292,0x00000000075C5C90,DXGI,0,512,0,14.60281230000000,0.13410000000000,20.36920000000000,1,Hardware: Independent Flip,1.24620000000000,6.48680000000000,15.50580000000000,5.24060000000000,-19.31590000000000,10.09990000000000,0.00000000000000
mpc-hc64.exe,64292,0x00000000075C5C90,DXGI,0,512,0,14.60300280000000,0.08040000000000,0.19050000000000,1,Hardware: Independent Flip,1.12110000000000,11.36600000000000,5.06970000000000,10.24490000000000,1.05570000000000,0.06540000000000,0.00000000000000
mpc-hc64.exe,64292,0x00000000075C5C90,DXGI,0,512,0,14.62390160000000,0.12510000000000,20.89880000000000,1,Hardware: Independent Flip,1.18600000000000,6.32140000000000,15.85420000000000,5.13540000000000,-19.77770000000000,10.21690000000000,0.00000000000000
mpc-hc64.exe,64292,0x00000000075C5C90,DXGI,0,512,0,14.62407910000000,0.07730000000000,0.17750000000000,1,Hardware: Independent Flip,1.06440000000000,11.49330000000000,5.34940000000000,10.42890000000000,1.00850000000000,0.05590000000000,0.00000000000000
mpc-hc64.exe,64292,0x00000000075C5C90,DXGI,0,512,0,14.64451660000000,0.17730000000000,20.43750000000000,1,Hardware: Independent Flip,1.11910000000000,1.11910000000000,10.06330000000000,0.00000000000000,-19.37310000000000,9.89740000000000,0.00000000000000
mpc-hc64.exe,64292,0x00000000075C5C90,DXGI,0,512,0,14.64475590000000,0.08640000000000,0.23930000000000,1,Hardware: Independent Flip,0.95230000000000,11.15840000000000,10.27860000000000,10.20610000000000,0.87980000000000,0.07250000000000,0.00000000000000
mpc-hc64.exe,64292,0x00000000075C5C90,DXGI,0,512,0,14.66552520000000,0.13630000000000,20.76930000000000,1,Hardware: Independent Flip,1.14010000000000,6.04160000000000,15.65250000000000,4.90150000000000,-19.81700000000000,10.35760000000000,0.00000000000000
mpc-hc64.exe,64292,0x00000000075C5C90,DXGI,0,512,0,14.66571610000000,0.08070000000000,0.19090000000000,1,Hardware: Independent Flip,1.01650000000000,11.45830000000000,5.60760000000000,10.44180000000000,0.94920000000000,0.06730000000000,0.00000000000000
mpc-hc64.exe,64292,0x00000000075C5C90,DXGI,0,512,0,14.68684010000000,0.13380000000000,21.12400000000000,1,Hardware: Independent Flip,1.23830000000000,5.64470000000000,15.31040000000000,4.40640000000000,-20.10750000000000,9.59600000000000,0.00000000000000
mpc-hc64.exe,64292,0x00000000075C5C90,DXGI,0,512,0,14.68703170000000,0.08530000000000,0.19160000000000,1,Hardware: Independent Flip,1.12040000000000,11.75300000000000,6.29990000000000,10.63260000000000,1.04670000000000,0.07370000000000,0.00000000000000
mpc-hc64.exe,64292,0x00000000075C5C90,DXGI,0,512,0,14.70695280000000,0.16050000000000,19.92110000000000,1,Hardware: Independent Flip,1.28580000000000,1.28580000000000,9.45390000000000,0.00000000000000,-18.80070000000000,10.12630000000000,0.00000000000000
mpc-hc64.exe,64292,0x00000000075C5C90,DXGI,0,512,0,14.70717150000000,0.08470000000000,0.21870000000000,1,Hardware: Independent Flip,1.13630000000000,11.09650000000000,10.02940000000000,9.96020000000000,1.06710000000000,0.06920000000000,0.00000000000000
mpc-hc64.exe,64292,0x00000000075C5C90,DXGI,0,512,0,14.72785710000000,0.13360000000000,20.68560000000000,1,Hardware: Independent Flip,1.19250000000000,5.87100000000000,15.46010000000000,4.67850000000000,-19.54930000000000,9.84260000000000,0.00000000000000
mpc-hc64.exe,64292,0x00000000075C5C90,DXGI,0,512,0,14.72806880000000,0.08450000000000,0.21170000000000,1,Hardware: Independent Flip,1.03570000000000,11.36370000000000,5.70440000000000,10.32800000000000,0.98080000000000,0.05490000000000,0.00000000000000
mpc-hc64.exe,64292,0x00000000075C5C90,DXGI,0,512,0,14.74881600000000,0.12910000000000,20.74720000000000,1,Hardware: Independent Flip,1.16420000000000,1.16420000000000,10.54770000000000,0.00000000000000,-19.71150000000000,10.07910000000000,0.00000000000000
mpc-hc64.exe,64292,0x00000000075C5C90,DXGI,0,512,0,14.74899810000000,0.08040000000000,0.18210000000000,1,Hardware: Independent Flip,1.05860000000000,11.45340000000000,10.47130000000000,10.39480000000000,0.98210000000000,0.07650000000000,0.00000000000000
mpc-hc64.exe,64292,0x00000000075C5C90,DXGI,0,512,0,14.76949100000000,0.14840000000000,20.49290000000000,1,Hardware: Independent Flip,1.19510000000000,6.57820000000000,15.61770000000000,5.38310000000000,-19.43430000000000,10.07010000000000,0.00000000000000
mpc-hc64.exe,64292,0x00000000075C5C90,DXGI,0,512,0,14.76969510000000,0.08560000000000,0.20410000000000,1,Hardware: Independent Flip,1.05620000000000,11.33420000000000,4.96010000000000,10.27800000000000,0.99100000000000,0.06520000000000,0.00000000000000
mpc-hc64.exe,64292,0x00000000075C5C90,DXGI,0,512,0,14.79043960000000,0.13120000000000,20.74450000000000,1,Hardware: Independent Flip,1.23670000000000,5.18400000000000,14.59430000000000,3.94730000000000,-19.68830000000000,10.09010000000000,0.00000000000000
mpc-hc64.exe,64292,0x00000000075C5C90,DXGI,0,512,0,14.79062720000000,0.08500000000000,0.18760000000000,1,Hardware: Independent Flip,1.10370000000000,11.51410000000000,6.51770000000000,10.41040000000000,1.04910000000000,0.05460000000000,0.00000000000000
mpc-hc64.exe,64292,0x00000000075C5C90,DXGI,0,512,0,14.81129810000000,0.13560000000000,20.67090000000000,1,Hardware: Independent Flip,1.25930000000000,1.25930000000000,10.41610000000000,0.00000000000000,-19.56720000000000,10.14790000000000,0.00000000000000
mpc-hc64.exe,64292,0x00000000075C5C90,DXGI,0,512,0,14.81148770000000,0.08160000000000,0.18960000000000,1,Hardware: Independent Flip,1.14150000000000,11.51550000000000,10.44580000000000,10.37400000000000,1.06970000000000,0.07180000000000,0.00000000000000
mpc-hc64.exe,64292,0x00000000075C5C90,DXGI,0,512,0,14.83268430000000,0.21170000000000,21.19660000000000,1,Hardware: Independent Flip,1.08510000000000,1.08510000000000,10.76620000000000,0.00000000000000,-20.05510000000000,9.42360000000000,0.00000000000000
mpc-hc64.exe,64292,0x00000000075C5C90,DXGI,0,512,0,14.83297700000000,0.10610000000000,0.29270000000000,1,Hardware: Independent Flip,0.84930000000000,11.37010000000000,10.57770000000000,10.52080000000000,0.79240000000000,0.05690000000000,0.00000000000000
mpc-hc64.exe,64292,0x00000000075C5C90,DXGI,0,512,0,14.85276510000000,0.12700000000000,19.78810000000000,1,Hardware: Independent Flip,1.45900000000000,1.45900000000000,9.87700000000000,0.00000000000000,-18.93880000000000,10.48110000000000,0.00000000000000
mpc-hc64.exe,64292,0x00000000075C5C90,DXGI,0,512,0,14.85294600000000,0.10110000000000,0.18090000000000,1,Hardware: Independent Flip,1.33480000000000,11.47850000000000,10.20040000000000,10.14370000000000,1.27810000000000,0.05670000000000,0.00000000000000
mpc-hc64.exe,64292,0x00000000075C5C90,DXGI,0,512,0,14.87370180000000,0.12890000000000,20.75580000000000,1,Hardware: Independent Flip,1.18690000000000,1.18690000000000,10.46420000000000,0.00000000000000,-19.42100000000000,9.82930000000000,0.00000000000000
mpc-hc64.exe,64292,0x00000000075C5C90,DXGI,0,512,0,14.87388440000000,0.07950000000000,0.18260000000000,1,Hardware: Independent Flip,1.05940000000000,11.31000000000000,10.30570000000000,10.25060000000000,1.00430000000000,0.05510000000000,0.00000000000000
mpc-hc64.exe,64292,0x00000000075C5C90,DXGI,0,512,0,14.89440440000000,0.18130000000000,20.52000000000000,1,Hardware: Independent Flip,1.53950000000000,6.40330000000000,15.61330000000000,4.86380000000000,-19.46060000000000,10.28060000000000,0.00000000000000
mpc-hc64.exe,64292,0x00000000075C5C90,DXGI,0,512,0,14.89466880000000,0.10840000000000,0.26440000000000,1,Hardware: Independent Flip,1.35250000000000,11.81220000000000,5.67330000000000,10.45970000000000,1.27510000000000,0.07740000000000,0.00000000000000
mpc-hc64.exe,64292,0x00000000075C5C90,DXGI,0,512,0,14.91546720000000,0.13880000000000,20.79840000000000,1,Hardware: Independent Flip,1.16090000000000,6.59520000000000,15.58140000000000,5.43430000000000,-19.44590000000000,9.71820000000000,0.00000000000000
mpc-hc64.exe,64292,0x00000000075C5C90,DXGI,0,512,0,14.91566350000000,0.08580000000000,0.19630000000000,1,Hardware: Independent Flip,1.03920000000000,11.30020000000000,4.90130000000000,10.26100000000000,0.96460000000000,0.07460000000000,0.00000000000000
mpc-hc64.exe,64292,0x00000000075C5C90,DXGI,0,512,0,14.93740300000000,0.12850000000000,21.73950000000000,1,Hardware: Independent Flip,1.21000000000000,6.47290000000000,16.91220000000000,5.26290000000000,-20.70030000000000,9.59750000000000,0.00000000000000
mpc-hc64.exe,64292,0x00000000075C5C90,DXGI,0,512,0,14.93758280000000,0.08160000000000,0.17980000000000,1,Hardware: Independent Flip,1.09390000000000,12.00120000000000,5.70810000000000,10.90730000000000,1.03020000000000,0.06370000000000,0.00000000000000
mpc-hc64.exe,64292,0x00000000075C5C90,DXGI,0,512,0,14.95793950000000,0.15050000000000,20.35670000000000,1,Hardware: Independent Flip,1.22640000000000,1.22640000000000,9.58190000000000,0.00000000000000,-19.26280000000000,9.66240000000000,0.00000000000000
mpc-hc64.exe,64292,0x00000000075C5C90,DXGI,0,512,0,14.95814580000000,0.08320000000000,0.20630000000000,1,Hardware: Independent Flip,1.07490000000000,11.27190000000000,10.25180000000000,10.19700000000000,1.02010000000000,0.05480000000000,0.00000000000000
mpc-hc64.exe,64292,0x00000000075C5C90,DXGI,0,512,0,14.97794580000000,0.12780000000000,19.80000000000000,1,Hardware: Independent Flip,1.24190000000000,6.96890000000000,15.49700000000000,5.72700000000000,-18.72510000000000,10.11610000000000,0.00000000000000
mpc-hc64.exe,64292,0x00000000075C5C90,DXGI,0,512,0,14.97812910000000,0.08110000000000,0.18330000000000,1,Hardware: Independent Flip,1.11260000000000,11.04470000000000,4.25910000000000,9.93210000000000,1.05860000000000,0.05400000000000,0.00000000000000
mpc-hc64.exe,64292,0x00000000075C5C90,DXGI,0,512,0,14.99863160000000,0.14280000000000,20.50250000000000,1,Hardware: Independent Flip,1.41240000000000,6.19980000000000,15.65760000000000,4.78740000000000,-19.38990000000000,10.10700000000000,0.00000000000000
mpc-hc64.exe,64292,0x00000000075C5C90,DXGI,0,512,0,14.99883030000000,0.08160000000000,0.19870000000000,1,Hardware: Independent Flip,1.27930000000000,11.63100000000000,5.62990000000000,10.35170000000000,1.21370000000000,0.06560000000000,0.00000000000000
mpc-hc64.exe,64292,0x00000000075C5C90,DXGI,0,512,0,15.01998390000000,0.16140000000000,21.15360000000000,1,Hardware: Independent Flip,1.38790000000000,1.38790000000000,10.91050000000000,0.00000000000000,-19.87430000000000,10.12400000000000,0.00000000000000
mpc-hc64.exe,64292,0x00000000075C5C90,DXGI,0,512,0,15.02022090000000,0.08440000000000,0.23700000000000,1,Hardware: Independent Flip,1.20910000000000,11.79040000000000,10.63950000000000,10.58130000000000,1.15090000000000,0.05820000000000,0.00000000000000
mpc-hc64.exe,64292,0x00000000075C5C90,DXGI,0,512,0,15.04073470000000,0.14260000000000,20.51380000000000,1,Hardware: Independent Flip,1.20280000000000,1.20280000000000,9.92620000000000,0.00000000000000,-19.30470000000000,10.06040000000000,0.00000000000000
mpc-hc64.exe,64292,0x00000000075C5C90,DXGI,0,512,0,15.04093740000000,0.08430000000000,0.20270000000000,1,Hardware: Independent Flip,1.05890000000000,11.26380000000000,10.26370000000000,10.20490000000000,1.00010000000000,0.05880000000000,0.00000000000000
mpc-hc64.exe,64292,0x00000000075C5C90,DXGI,0,512,0,15.06147480000000,0.13910000000000,20.53740000000000,1,Hardware: Independent Flip,1.19050000000000,6.22060000000000,15.49420000000000,5.03010000000000,-19.47850000000000,10.17080000000000,0.00000000000000
mpc-hc64.exe,64292,0x00000000075C5C90,DXGI,0,512,0,15.06167160000000,0.08230000000000,0.19680000000000,1,Hardware: Independent Flip,1.05100000000000,11.33730000000000,5.31350000000000,10.28630000000000,0.99370000000000,0.05730000000000,0.00000000000000
mpc-hc64.exe,64292,0x00000000075C5C90,DXGI,0,512,0,15.08257500000000,0.19670000000000,20.90340000000000,1,Hardware: Independent Flip,1.08650000000000,1.08650000000000,10.65260000000000,0.00000000000000,-19.85240000000000,10.31360000000000,0.00000000000000
mpc-hc64.exe,64292,0x00000000075C5C90,DXGI,0,512,0,15.08285720000000,0.10920000000000,0.28220000000000,1,Hardware: Independent Flip,0.86580000000000,11.28370000000000,10.47940000000000,10.41790000000000,0.80430000000000,0.06150000000000,0.00000000000000
mpc-hc64.exe,64292,0x00000000075C5C90,DXGI,0,512,0,15.10318840000000,0.13630000000000,20.33120000000000,1,Hardware: Independent Flip,1.17710000000000,6.36770000000000,15.41520000000000,5.19060000000000,-19.46540000000000,10.52370000000000,0.00000000000000
mpc-hc64.exe,64292,0x00000000075C5C90,DXGI,0,512,0,15.10338350000000,0.08180000000000,0.19510000000000,1,Hardware: Independent Flip,1.03700000000000,11.31580000000000,5.14320000000000,10.27880000000000,0.98200000000000,0.05500000000000,0.00000000000000
mpc-hc64.exe,64292,0x00000000075C5C90,DXGI,0,512,0,15.12504380000000,0.13820000000000,21.66030000000000,1,Hardware: Independent Flip,1.19750000000000,5.41230000000000,15.75680000000000,4.21480000000000,-20.62330000000000,9.71780000000000,0.00000000000000
mpc-hc64.exe,64292,0x00000000075C5C90,DXGI,0,512,0,15.12523580000000,0.08180000000000,0.19200000000000,1,Hardware: Independent Flip,1.06180000000000,11.92630000000000,6.70600000000000,10.86450000000000,1.00550000000000,0.05630000000000,0.00000000000000
mpc-hc64.exe,64292,0x00000000075C5C90,DXGI,0,512,0,15.14491580000000,0.22030000000000,19.68000000000000,1,Hardware: Independent Flip,1.07540000000000,7.70400000000000,15.45770000000000,6.62860000000000,-18.61820000000000,10.08610000000000,0.00000000000000
mpc-hc64.exe,64292,0x00000000075C5C90,DXGI,0,512,0,15.14521730000000,0.10630000000000,0.30150000000000,1,Hardware: Independent Flip,0.83090000000000,10.62870000000000,3.22620000000000,9.79780000000000,0.77390000000000,0.05700000000000,0.00000000000000
mpc-hc64.exe,64292,0x00000000075C5C90,DXGI,0,512,0,15.16526160000000,0.14740000000000,20.04430000000000,1,Hardware: Independent Flip,1.40410000000000,1.40410000000000,10.81970000000000,0.00000000000000,-19.21340000000000,10.40970000000000,0.00000000000000
mpc-hc64.exe,64292,0x00000000075C5C90,DXGI,0,512,0,15.16548610000000,0.14010000000000,0.22450000000000,1,Hardware: Independent Flip,1.23600000000000,11.49780000000000,10.31820000000000,10.26180000000000,1.17960000000000,0.05640000000000,0.00000000000000
mpc-hc64.exe,64292,0x00000000075C5C90,DXGI,0,512,0,15.18669900000000,0.12800000000000,21.21290000000000,1,Hardware: Independent Flip,1.18730000000000,6.10740000000000,15.82250000000000,4.92010000000000,-19.97690000000000,10.13370000000000,0.00000000000000
mpc-hc64.exe,64292,0x00000000075C5C90,DXGI,0,512,0,15.18688020000000,0.08060000000000,0.18120000000000,1,Hardware: Independent Flip,1.06110000000000,11.59680000000000,5.67060000000000,10.53570000000000,1.00610000000000,0.05500000000000,0.00000000000000
mpc-hc64.exe,64292,0x00000000075C5C90,DXGI,0,512,0,15.20720700000000,0.15720000000000,20.32680000000000,1,Hardware: Independent Flip,1.42740000000000,1.42740000000000,10.15740000000000,0.00000000000000,-19.26570000000000,10.38210000000000,0.00000000000000
mpc-hc64.exe,64292,0x00000000075C5C90,DXGI,0,512,0,15.20741950000000,0.08900000000000,0.21250000000000,1,Hardware: Independent Flip,1.27240000000000,11.56400000000000,10.34910000000000,10.29160000000000,1.21490000000000,0.05750000000000,0.00000000000000
mpc-hc64.exe,64292,0x00000000075C5C90,DXGI,0,512,0,15.22807660000000,0.13410000000000,20.65710000000000,1,Hardware: Independent Flip,1.18120000000000,1.18120000000000,10.27430000000000,0.00000000000000,-19.38470000000000,9.85180000000000,0.00000000000000
mpc-hc64.exe,64292,0x00000000075C5C90,DXGI,0,512,0,15.22826410000000,0.08190000000000,0.18750000000000,1,Hardware: Independent Flip,1.04950000000000,11.28390000000000,10.29020000000000,10.23440000000000,0.99370000000000,0.05580000000000,0.00000000000000
mpc-hc64.exe,64292,0x00000000075C5C90,DXGI,0,512,0,15.24870670000000,0.13010000000000,20.44260000000000,1,Hardware: Independent Flip,1.16370000000000,6.38020000000000,15.53890000000000,5.21650000000000,-19.39310000000000,10.19040000000000,0.00000000000000
mpc-hc64.exe,64292,0x00000000075C5C90,DXGI,0,512,0,15.24888990000000,0.08050000000000,0.18320000000000,1,Hardware: Independent Flip,1.05850000000000,11.29450000000000,5.09750000000000,10.23600000000000,0.98050000000000,0.07800000000000,0.00000000000000
mpc-hc64.exe,64292,0x00000000075C5C90,DXGI,0,512,0,15.26985650000000,0.26900000000000,20.96660000000000,1,Hardware: Independent Flip,1.03030000000000,5.97350000000000,15.64560000000000,4.94320000000000,-19.90810000000000,10.18900000000000,0.00000000000000
mpc-hc64.exe,64292,0x00000000075C5C90,DXGI,0,512,0,15.27019220000000,0.11540000000000,0.33570000000000,1,Hardware: Independent Flip,0.74990000000000,11.17160000000000,5.53380000000000,10.42170000000000,0.69460000000000,0.05530000000000,0.00000000000000
mpc-hc64.exe,64292,0x00000000075C5C90,DXGI,0,512,0,15.29035330000000,0.27750000000000,20.16110000000000,1,Hardware: Independent Flip,1.61510000000000,6.98490000000000,15.97440000000000,5.36980000000000,-19.41120000000000,10.54420000000000,0.00000000000000
mpc-hc64.exe,64292,0x00000000075C5C90,DXGI,0,512,0,15.29079100000000,0.15850000000000,0.43770000000000,1,Hardware: Independent Flip,1.23590000000000,11.70050000000000,5.15330000000000,10.46460000000000,1.17740000000000,0.05850000000000,0.00000000000000
mpc-hc64.exe,64292,0x00000000075C5C90,DXGI,0,512,0,15.31139100000000,0.13690000000000,20.60000000000000,1,Hardware: Independent Flip,1.17780000000000,6.61620000000000,15.51570000000000,5.43840000000000,-19.36410000000000,10.13470000000000,0.00000000000000
mpc-hc64.exe,64292,0x00000000075C5C90,DXGI,0,512,0,15.31158390000000,0.08620000000000,0.19290000000000,1,Hardware: Independent Flip,1.04080000000000,11.26600000000000,4.84270000000000,10.22520000000000,0.98490000000000,0.05590000000000,0.00000000000000
mpc-hc64.exe,64292,0x00000000075C5C90,DXGI,0,512,0,15.33301470000000,0.15450000000000,21.43080000000000,1,Hardware: Independent Flip,1.24370000000000,1.24370000000000,11.40850000000000,0.00000000000000,-20.39000000000000,9.93260000000000,0.00000000000000
mpc-hc64.exe,64292,0x00000000075C5C90,DXGI,0,512,0,15.33322870000000,0.08700000000000,0.21400000000000,1,Hardware: Independent Flip,1.08390000000000,11.84910000000000,10.81940000000000,10.76520000000000,1.02970000000000,0.05420000000000,0.00000000000000
mpc-hc64.exe,64292,0x00000000075C5C90,DXGI,0,512,0,15.35310700000000,0.13000000000000,19.87830000000000,1,Hardware: Independent Flip,1.23680000000000,1.23680000000000,9.26600000000000,0.00000000000000,-18.79440000000000,10.15860000000000,0.00000000000000
mpc-hc64.exe,64292,0x00000000075C5C90,DXGI,0,512,0,15.35329130000000,0.08340000000000,0.18430000000000,1,Hardware: Independent Flip,1.10760000000000,11.07940000000000,10.02690000000000,9.97180000000000,1.05250000000000,0.05510000000000,0.00000000000000
mpc-hc64.exe,64292,0x00000000075C5C90,DXGI,0,512,0,15.37371430000000,0.13110000000000,20.42300000000000,1,Hardware: Independent Flip,1.22830000000000,6.19350000000000,15.53710000000000,4.96520000000000,-19.31540000000000,10.05100000000000,0.00000000000000
mpc-hc64.exe,64292,0x00000000075C5C90,DXGI,0,512,0,15.37390240000000,0.08220000000000,0.18810000000000,1,Hardware: Independent Flip,1.09490000000000,11.31360000000000,5.30820000000000,10.21870000000000,1.04020000000000,0.05470000000000,0.00000000000000
mpc-hc64.exe,64292,0x00000000075C5C90,DXGI,0,512,0,15.39452960000000,0.14950000000000,20.62720000000000,1,Hardware: Independent Flip,1.24500000000000,6.27900000000000,15.59260000000000,5.03400000000000,-19.53230000000000,9.96020000000000,0.00000000000000
mpc-hc64.exe,64292,0x00000000075C5C90,DXGI,0,512,0,15.39473450000000,0.07940000000000,0.20490000000000,1,Hardware: Independent Flip,1.09400000000000,11.43060000000000,5.35650000000000,10.33660000000000,1.04010000000000,0.05390000000000,0.00000000000000
mpc-hc64.exe,64292,0x00000000075C5C90,DXGI,0,512,0,15.41536330000000,0.13510000000000,20.62880000000000,1,Hardware: Independent Flip,1.23440000000000,1.23440000000000,10.43260000000000,0.00000000000000,-19.53480000000000,10.11550000000000,0.00000000000000
mpc-hc64.exe,64292,0x00000000075C5C90,DXGI,0,512,0,15.41555300000000,0.08980000000000,0.18970000000000,1,Hardware: Independent Flip,1.10550000000000,11.44300000000000,10.39830000000000,10.33750000000000,1.04470000000000,0.06080000000000,0.00000000000000
mpc-hc64.exe,64292,0x00000000075C5C90,DXGI,0,512,0,15.43607720000000,0.17960000000000,20.52420000000000,1,Hardware: Independent Flip,1.39450000000000,6.56830000000000,15.64950000000000,5.17380000000000,-19.41870000000000,10.09670000000000,0.00000000000000
mpc-hc64.exe,64292,0x00000000075C5C90,DXGI,0,512,0,15.43634050000000,0.11340000000000,0.26330000000000,1,Hardware: Independent Flip,1.19970000000000,11.56910000000000,5.26410000000000,10.36940000000000,1.13120000000000,0.06850000000000,0.00000000000000
mpc-hc64.exe,64292,0x00000000075C5C90,DXGI,0,512,0,15.45704060000000,0.22370000000000,20.70010000000000,1,Hardware: Independent Flip,1.39040000000000,6.51020000000000,15.64120000000000,5.11980000000000,-19.50040000000000,10.08810000000000,0.00000000000000
mpc-hc64.exe,64292,0x00000000075C5C90,DXGI,0,512,0,15.45732860000000,0.16130000000000,0.28800000000000,1,Hardware: Independent Flip,1.15980000000000,11.55530000000000,5.33310000000000,10.39550000000000,1.10240000000000,0.05740000000000,0.00000000000000
mpc-hc64.exe,64292,0x00000000075C5C90,DXGI,0,512,0,15.47809230000000,0.14280000000000,20.76370000000000,1,Hardware: Independent Flip,1.17940000000000,5.41430000000000,14.62270000000000,4.23490000000000,-19.60390000000000,9.91120000000000,0.00000000000000
mpc-hc64.exe,64292,0x00000000075C5C90,DXGI,0,512,0,15.47829380000000,0.08480000000000,0.20150000000000,1,Hardware: Independent Flip,1.03360000000000,11.37950000000000,6.16670000000000,10.34590000000000,0.97790000000000,0.05570000000000,0.00000000000000
mpc-hc64.exe,64292,0x00000000075C5C90,DXGI,0,512,0,15.49882110000000,0.12770000000000,20.52730000000000,1,Hardware: Independent Flip,1.23650000000000,1.23650000000000,10.38430000000000,0.00000000000000,-19.49370000000000,10.21820000000000,0.00000000000000
mpc-hc64.exe,64292,0x00000000075C5C90,DXGI,0,512,0,15.49900330000000,0.08130000000000,0.18220000000000,1,Hardware: Independent Flip,1.11580000000000,11.43350000000000,10.37920000000000,10.31770000000000,1.05430000000000,0.06150000000000,0.00000000000000
mpc-hc64.exe,64292,0x00000000075C5C90,DXGI,0,512,0,15.51954720000000,0.14980000000000,20.54390000000000,1,Hardware: Independent Flip,1.43180000000000,6.70110000000000,15.81150000000000,5.26930000000000,-19.42810000000000,10.28260000000000,0.00000000000000
mpc-hc64.exe,64292,0x00000000075C5C90,DXGI,0,512,0,15.51975140000000,0.08420000000000,0.20420000000000,1,Hardware: Independent Flip,1.28270000000000,11.66670000000000,5.16980000000000,10.38400000000000,1.22760000000000,0.05510000000000,0.00000000000000
mpc-hc64.exe,64292,0x00000000075C5C90,DXGI,0,512,0,15.54049570000000,0.32260000000000,20.74430000000000,1,Hardware: Independent Flip,1.51100000000000,6.74610000000000,15.82370000000000,5.23510000000000,-19.46160000000000,10.26380000000000,0.00000000000000
mpc-hc64.exe,64292,0x00000000075C5C90,DXGI,0,512,0,15.54090440000000,0.10630000000000,0.40870000000000,1,Hardware: Independent Flip,1.16750000000000,11.61850000000000,5.28110000000000,10.45100000000000,1.10230000000000,0.06520000000000,0.00000000000000
mpc-hc64.exe,64292,0x00000000075C5C90,DXGI,0,512,0,15.56119250000000,0.15220000000000,20.28810000000000,1,Hardware: Independent Flip,1.20030000000000,6.16870000000000,14.83830000000000,4.96840000000000,-19.12060000000000,9.95160000000000,0.00000000000000
mpc-hc64.exe,64292,0x00000000075C5C90,DXGI,0,512,0,15.56140480000000,0.08510000000000,0.21230000000000,1,Hardware: Independent Flip,1.05360000000000,11.17790000000000,5.22150000000000,10.12430000000000,0.98800000000000,0.06560000000000,0.00000000000000
mpc-hc64.exe,64292,0x00000000075C5C90,DXGI,0,512,0,15.58206520000000,0.16010000000000,20.66040000000000,1,Hardware: Independent Flip,1.21470000000000,5.92800000000000,15.41050000000000,4.71330000000000,-19.60680000000000,10.13600000000000,0.00000000000000
mpc-hc64.exe,64292,0x00000000075C5C90,DXGI,0,512,0,15.58227970000000,0.08050000000000,0.21450000000000,1,Hardware: Independent Flip,1.05760000000000,11.42100000000000,5.70750000000000,10.36340000000000,1.00020000000000,0.05740000000000,0.00000000000000
mpc-hc64.exe,64292,0x00000000075C5C90,DXGI,0,512,0,15.60293570000000,0.13250000000000,20.65600000000000,1,Hardware: Independent Flip,1.17240000000000,6.43440000000000,15.66940000000000,5.26200000000000,-19.59840000000000,10.09500000000000,0.00000000000000
mpc-hc64.exe,64292,0x00000000075C5C90,DXGI,0,512,0,15.60312800000000,0.08420000000000,0.19230000000000,1,Hardware: Independent Flip,1.03520000000000,11.37600000000000,5.13390000000000,10.34080000000000,0.98010000000000,0.05510000000000,0.00000000000000
mpc-hc64.exe,64292,0x00000000075C5C90,DXGI,0,512,0,15.62382240000000,0.13140000000000,20.69440000000000,1,Hardware: Independent Flip,1.24710000000000,6.44460000000000,15.76300000000000,5.19750000000000,-19.65920000000000,10.19730000000000,0.00000000000000
mpc-hc64.exe,64292,0x00000000075C5C90,DXGI,0,512,0,15.62400820000000,0.08200000000000,0.18580000000000,1,Hardware: Independent Flip,1.11640000000000,11.51690000000000,5.25810000000000,10.40050000000000,1.06130000000000,0.05510000000000,0.00000000000000
mpc-hc64.exe,64292,0x00000000075C5C90,DXGI,0,512,0,15.64474170000000,0.14780000000000,20.73350000000000,1,Hardware: Independent Flip,1.19600000000000,6.34990000000000,15.56650000000000,5.15390000000000,-19.61710000000000,10.04150000000000,0.00000000000000
mpc-hc64.exe,64292,0x00000000075C5C90,DXGI,0,512,0,15.64494250000000,0.08090000000000,0.20080000000000,1,Hardware: Independent Flip,1.05020000000000,11.40990000000000,5.26080000000000,10.35970000000000,0.99520000000000,0.05500000000000,0.00000000000000
mpc-hc64.exe,64292,0x00000000075C5C90,DXGI,0,512,0,15.66588030000000,0.13730000000000,20.93780000000000,1,Hardware: Independent Flip,0.89100000000000,5.19410000000000,14.72200000000000,4.30310000000000,-19.88760000000000,10.09190000000000,0.00000000000000
mpc-hc64.exe,64292,0x00000000075C5C90,DXGI,0,512,0,15.66607390000000,0.08690000000000,0.19360000000000,1,Hardware: Independent Flip,0.75660000000000,11.08760000000000,6.08710000000000,10.33100000000000,0.69740000000000,0.05650000000000,0.00000000000000
mpc-hc64.exe,64292,0x00000000075C5C90,DXGI,0,512,0,15.68619950000000,0.12750000000000,20.12560000000000,1,Hardware: Independent Flip,1.16020000000000,6.44240000000000,15.48040000000000,5.28220000000000,-19.36900000000000,10.74240000000000,0.00000000000000
mpc-hc64.exe,64292,0x00000000075C5C90,DXGI,0,512,0,15.68638130000000,0.08120000000000,0.18180000000000,1,Hardware: Independent Flip,1.04370000000000,11.27300000000000,5.01240000000000,10.22930000000000,0.97840000000000,0.06530000000000,0.00000000000000
mpc-hc64.exe,64292,0x00000000075C5C90,DXGI,0,512,0,15.70710360000000,0.14670000000000,20.72230000000000,1,Hardware: Independent Flip,1.23870000000000,6.03580000000000,15.48510000000000,4.79710000000000,-19.67860000000000,10.13100000000000,0.00000000000000
mpc-hc64.exe,64292,0x00000000075C5C90,DXGI,0,512,0,15.70730570000000,0.08380000000000,0.20210000000000,1,Hardware: Independent Flip,1.09840000000000,11.50960000000000,5.67590000000000,10.41120000000000,1.03660000000000,0.06180000000000,0.00000000000000
mpc-hc64.exe,64292,0x00000000075C5C90,DXGI,0,512,0,15.72799640000000,0.19050000000000,20.69070000000000,1,Hardware: Independent Flip,1.17720000000000,6.49620000000000,15.67730000000000,5.31900000000000,-19.59230000000000,10.03670000000000,0.00000000000000
mpc-hc64.exe,64292,0x00000000075C5C90,DXGI,0,512,0,15.72824580000000,0.08500000000000,0.24940000000000,1,Hardware: Independent Flip,0.98230000000000,11.32090000000000,5.07410000000000,10.33860000000000,0.92780000000000,0.05450000000000,0.00000000000000
mpc-hc64.exe,64292,0x00000000075C5C90,DXGI,0,512,0,15.74879690000000,0.12610000000000,20.55110000000000,1,Hardware: Independent Flip,1.23550000000000,6.51690000000000,15.74710000000000,5.28140000000000,-19.56880000000000,10.21850000000000,0.00000000000000
mpc-hc64.exe,64292,0x00000000075C5C90,DXGI,0,512,0,15.74897780000000,0.07910000000000,0.18090000000000,1,Hardware: Independent Flip,1.11510000000000,11.47070000000000,5.13470000000000,10.35560000000000,1.05460000000000,0.06050000000000,0.00000000000000
mpc-hc64.exe,64292,0x00000000075C5C90,DXGI,0,512,0,15.76960160000000,0.15340000000000,20.62380000000000,1,Hardware: Independent Flip,1.16960000000000,5.39020000000000,14.54330000000000,4.22060000000000,-19.50870000000000,9.86430000000000,0.00000000000000
mpc-hc64.exe,64292,0x00000000075C5C90,DXGI,0,512,0,15.76981140000000,0.08260000000000,0.20980000000000,1,Hardware: Independent Flip,1.02480000000000,11.32780000000000,6.14740000000000,10.30300000000000,0.95980000000000,0.06500000000000,0.00000000000000
mpc-hc64.exe,64292,0x00000000075C5C90,DXGI,0,512,0,15.79046310000000,0.12810000000000,20.65170000000000,1,Hardware: Independent Flip,1.20200000000000,1.20200000000000,10.52590000000000,0.00000000000000,-19.62690000000000,10.12970000000000,0.00000000000000
mpc-hc64.exe,64292,0x00000000075C5C90,DXGI,0,512,0,15.79064700000000,0.07990000000000,0.18390000000000,1,Hardware: Independent Flip,1.07350000000000,11.44190000000000,10.42380000000000,10.36840000000000,1.01810000000000,0.05540000000000,0.00000000000000
mpc-hc64.exe,64292,0x00000000075C5C90,DXGI,0,512,0,15.81134060000000,0.18610000000000,20.69360000000000,1,Hardware: Independent Flip,1.19410000000000,1.19410000000000,10.44580000000000,0.00000000000000,-19.62010000000000,9.95660000000000,0.00000000000000
mpc-hc64.exe,64292,0x00000000075C5C90,DXGI,0,512,0,15.81160520000000,0.11770000000000,0.26460000000000,1,Hardware: Independent Flip,0.98670000000000,11.34490000000000,10.41540000000000,10.35820000000000,0.92950000000000,0.05720000000000,0.00000000000000
mpc-hc64.exe,64292,0x00000000075C5C90,DXGI,0,512,0,15.83218720000000,0.21110000000000,20.58200000000000,1,Hardware: Independent Flip,1.19790000000000,6.07560000000000,15.31270000000000,4.87770000000000,-19.59530000000000,10.21250000000000,0.00000000000000
mpc-hc64.exe,64292,0x00000000075C5C90,DXGI,0,512,0,15.83245760000000,0.08540000000000,0.27040000000000,1,Hardware: Independent Flip,0.98520000000000,11.32850000000000,5.52330000000000,10.34330000000000,0.92750000000000,0.05770000000000,0.00000000000000
mpc-hc64.exe,64292,0x00000000075C5C90,DXGI,0,512,0,15.85299100000000,0.13050000000000,20.53340000000000,1,Hardware: Independent Flip,1.17750000000000,6.02710000000000,15.23200000000000,4.84960000000000,-19.54820000000000,10.14930000000000,0.00000000000000
mpc-hc64.exe,64292,0x00000000075C5C90,DXGI,0,512,0,15.85318000000000,0.08080000000000,0.18900000000000,1,Hardware: Independent Flip,1.04370000000000,11.36230000000000,5.52420000000000,10.31860000000000,0.98850000000000,0.05520000000000,0.00000000000000
mpc-hc64.exe,64292,0x00000000075C5C90,DXGI,0,512,0,15.87362530000000,0.13740000000000,20.44530000000000,1,Hardware: Independent Flip,1.40290000000000,6.63970000000000,15.72270000000000,5.23680000000000,-19.40160000000000,10.17640000000000,0.00000000000000
mpc-hc64.exe,64292,0x00000000075C5C90,DXGI,0,512,0,15.87381730000000,0.08160000000000,0.19200000000000,1,Hardware: Independent Flip,1.28670000000000,11.64910000000000,5.20140000000000,10.36240000000000,1.21090000000000,0.07580000000000,0.00000000000000
mpc-hc64.exe,64292,0x00000000075C5C90,DXGI,0,512,0,15.89456370000000,0.14780000000000,20.74640000000000,1,Hardware: Independent Flip,1.15850000000000,6.50130000000000,15.59860000000000,5.34280000000000,-19.45970000000000,9.64350000000000,0.00000000000000
mpc-hc64.exe,64292,0x00000000075C5C90,DXGI,0,512,0,15.89476570000000,0.07980000000000,0.20200000000000,1,Hardware: Independent Flip,1.02280000000000,11.29650000000000,4.99720000000000,10.27370000000000,0.95650000000000,0.06630000000000,0.00000000000000
mpc-hc64.exe,64292,0x00000000075C5C90,DXGI,0,512,0,15.91559480000000,0.15860000000000,20.82910000000000,1,Hardware: Independent Flip,1.18480000000000,6.34520000000000,15.87780000000000,5.16040000000000,-19.80630000000000,10.25180000000000,0.00000000000000
mpc-hc64.exe,64292,0x00000000075C5C90,DXGI,0,512,0,15.91580820000000,0.08380000000000,0.21340000000000,1,Hardware: Independent Flip,1.02570000000000,11.46960000000000,5.33780000000000,10.44390000000000,0.97140000000000,0.05430000000000,0.00000000000000
mpc-hc64.exe,64292,0x00000000075C5C90,DXGI,0,512,0,15.93616960000000,0.13710000000000,20.36140000000000,1,Hardware: Independent Flip,1.19820000000000,1.19820000000000,10.09000000000000,0.00000000000000,-19.33570000000000,10.00050000000000,0.00000000000000
mpc-hc64.exe,64292,0x00000000075C5C90,DXGI,0,512,0,15.93636120000000,0.08390000000000,0.19160000000000,1,Hardware: Independent Flip,1.06690000000000,11.28430000000000,10.27770000000000,10.21740000000000,1.00660000000000,0.06030000000000,0.00000000000000
mpc-hc64.exe,64292,0x00000000075C5C90,DXGI,0,512,0,15.95703770000000,0.14930000000000,20.67650000000000,1,Hardware: Independent Flip,1.19880000000000,6.08000000000000,15.47220000000000,4.88120000000000,-19.60960000000000,10.09750000000000,0.00000000000000
mpc-hc64.exe,64292,0x00000000075C5C90,DXGI,0,512,0,15.95724600000000,0.08300000000000,0.20830000000000,1,Hardware: Independent Flip,1.04580000000000,11.40420000000000,5.53250000000000,10.35840000000000,0.99050000000000,0.05530000000000,0.00000000000000
mpc-hc64.exe,64292,0x00000000075C5C90,DXGI,0,512,0,15.97806930000000,0.21720000000000,20.82330000000000,1,Hardware: Independent Flip,1.45550000000000,6.64500000000000,16.06410000000000,5.18950000000000,-19.77750000000000,10.11110000000000,0.00000000000000
mpc-hc64.exe,64292,0x00000000075C5C90,DXGI,0,512,0,15.97840160000000,0.09770000000000,0.33230000000000,1,Hardware: Independent Flip,1.18950000000000,11.76950000000000,5.45680000000000,10.58000000000000,1.12320000000000,0.06630000000000,0.00000000000000
mpc-hc64.exe,64292,0x00000000075C5C90,DXGI,0,512,0,15.99881390000000,0.12860000000000,20.41230000000000,1,Hardware: Independent Flip,1.19260000000000,1.19260000000000,9.83540000000000,0.00000000000000,-19.22280000000000,9.99710000000000,0.00000000000000
mpc-hc64.exe,64292,0x00000000075C5C90,DXGI,0,512,0,15.99913920000000,0.19000000000000,0.32530000000000,1,Hardware: Independent Flip,0.92500000000000,11.08520000000000,10.21790000000000,10.16020000000000,0.86730000000000,0.05770000000000,0.00000000000000
mpc-hc64.exe,64292,0x00000000075C5C90,DXGI,0,512,0,16.01975550000000,0.15120000000000,20.61630000000000,1,Hardware: Independent Flip,1.20520000000000,1.20520000000000,10.73630000000000,0.00000000000000,-19.69130000000000,10.46330000000000,0.00000000000000
mpc-hc64.exe,64292,0x00000000075C5C90,DXGI,0,512,0,16.01996240000000,0.08370000000000,0.20690000000000,1,Hardware: Independent Flip,1.05270000000000,11.45650000000000,10.45820000000000,10.40380000000000,0.99830000000000,0.05440000000000,0.00000000000000
mpc-hc64.exe,64292,0x00000000075C5C90,DXGI,0,512,0,16.04047070000000,0.12790000000000,20.50830000000000,1,Hardware: Independent Flip,1.18690000000000,6.45790000000000,15.50970000000000,5.27100000000000,-19.45560000000000,9.99110000000000,0.00000000000000
mpc-hc64.exe,64292,0x00000000075C5C90,DXGI,0,512,0,16.04065360000000,0.08030000000000,0.18290000000000,1,Hardware: Independent Flip,1.05850000000000,11.33400000000000,5.05900000000000,10.27550000000000,1.00400000000000,0.05450000000000,0.00000000000000
mpc-hc64.exe,64292,0x00000000075C5C90,DXGI,0,512,0,16.06123420000000,0.12880000000000,20.58060000000000,1,Hardware: Independent Flip,1.24270000000000,1.24270000000000,10.48930000000000,0.00000000000000,-19.52210000000000,10.02690000000000,0.00000000000000
mpc-hc64.exe,64292,0x00000000075C5C90,DXGI,0,512,0,16.06141750000000,0.07780000000000,0.18330000000000,1,Hardware: Independent Flip,1.11570000000000,11.45140000000000,10.39200000000000,10.33570000000000,1.05940000000000,0.05630000000000,0.00000000000000
mpc-hc64.exe,64292,0x00000000075C5C90,DXGI,0,512,0,16.08338030000000,0.16300000000000,21.96280000000000,1,Hardware: Independent Flip,1.22760000000000,1.22760000000000,11.73900000000000,0.00000000000000,-20.84710000000000,10.17090000000000,0.00000000000000
mpc-hc64.exe,64292,0x00000000075C5C90,DXGI,0,512,0,16.08359800000000,0.08570000000000,0.21770000000000,1,Hardware: Independent Flip,1.08350000000000,12.07910000000000,11.06920000000000,10.99560000000000,1.00990000000000,0.07360000000000,0.00000000000000
mpc-hc64.exe,64292,0x00000000075C5C90,DXGI,0,512,0,16.10294420000000,0.12980000000000,19.34620000000000,1,Hardware: Independent Flip,1.15980000000000,7.47990000000000,14.74700000000000,6.32010000000000,-18.26270000000000,10.03520000000000,0.00000000000000
mpc-hc64.exe,64292,0x00000000075C5C90,DXGI,0,512,0,16.10312790000000,0.08790000000000,0.18370000000000,1,Hardware: Independent Flip,1.04710000000000,10.71900000000000,3.42280000000000,9.67190000000000,0.97610000000000,0.07100000000000,0.00000000000000
mpc-hc64.exe,64292,0x00000000075C5C90,DXGI,0,512,0,16.12383570000000,0.13180000000000,20.70780000000000,1,Hardware: Independent Flip,1.21490000000000,5.52270000000000,15.51150000000000,4.30780000000000,-19.66070000000000,9.98490000000000,0.00000000000000
mpc-hc64.exe,64292,0x00000000075C5C90,DXGI,0,512,0,16.12402460000000,0.08240000000000,0.18890000000000,1,Hardware: Independent Flip,1.09250000000000,11.49310000000000,6.15930000000000,10.40060000000000,1.02600000000000,0.06650000000000,0.00000000000000
mpc-hc64.exe,64292,0x00000000075C5C90,DXGI,0,512,0,16.14514170000000,0.16150000000000,21.11710000000000,1,Hardware: Independent Flip,1.20870000000000,6.45960000000000,16.08360000000000,5.25090000000000,-20.02460000000000,10.29800000000000,0.00000000000000
mpc-hc64.exe,64292,0x00000000075C5C90,DXGI,0,512,0,16.14535910000000,0.09340000000000,0.21740000000000,1,Hardware: Independent Flip,1.05790000000000,11.63790000000000,5.39570000000000,10.58000000000000,0.99130000000000,0.06660000000000,0.00000000000000
mpc-hc64.exe,64292,0x00000000075C5C90,DXGI,0,512,0,16.16539210000000,0.12660000000000,20.03300000000000,1,Hardware: Independent Flip,1.24340000000000,7.24480000000000,15.63990000000000,6.00140000000000,-18.97510000000000,10.13800000000000,0.00000000000000
mpc-hc64.exe,64292,0x00000000075C5C90,DXGI,0,512,0,16.16557420000000,0.08320000000000,0.18210000000000,1,Hardware: Independent Flip,1.11850000000000,11.18000000000000,4.11730000000000,10.06150000000000,1.06130000000000,0.05720000000000,0.00000000000000
mpc-hc64.exe,64292,0x00000000075C5C90,DXGI,0,512,0,16.18602590000000,0.13160000000000,20.45170000000000,1,Hardware: Independent Flip,1.56460000000000,6.37590000000000,15.64760000000000,4.81130000000000,-19.33320000000000,10.23430000000000,0.00000000000000
mpc-hc64.exe,64292,0x00000000075C5C90,DXGI,0,512,0,16.18621750000000,0.08550000000000,0.19160000000000,1,Hardware: Independent Flip,1.43010000000000,11.83300000000000,5.64870000000000,10.40290000000000,1.37300000000000,0.05710000000000,0.00000000000000
mpc-hc64.exe,64292,0x00000000075C5C90,DXGI,0,512,0,16.20715460000000,0.14870000000000,20.93710000000000,1,Hardware: Independent Flip,1.19950000000000,5.46390000000000,14.56800000000000,4.26440000000000,-19.50700000000000,9.70240000000000,0.00000000000000
mpc-hc64.exe,64292,0x00000000075C5C90,DXGI,0,512,0,16.20735920000000,0.08140000000000,0.20460000000000,1,Hardware: Independent Flip,1.05040000000000,11.35130000000000,6.09200000000000,10.30090000000000,0.99490000000000,0.05550000000000,0.00000000000000
mpc-hc64.exe,64292,0x00000000075C5C90,DXGI,0,512,0,16.22795780000000,0.13110000000000,20.59860000000000,1,Hardware: Independent Flip,1.22770000000000,6.46540000000000,15.71270000000000,5.23770000000000,-19.54820000000000,10.14620000000000,0.00000000000000
mpc-hc64.exe,64292,0x00000000075C5C90,DXGI,0,512,0,16.22814900000000,0.08460000000000,0.19120000000000,1,Hardware: Independent Flip,1.09250000000000,11.43360000000000,5.15940000000000,10.34110000000000,1.03650000000000,0.05600000000000,0.00000000000000
mpc-hc64.exe,64292,0x00000000075C5C90,DXGI,0,512,0,16.24909810000000,0.17660000000000,20.94910000000000,1,Hardware: Independent Flip,1.28410000000000,1.28410000000000,10.79960000000000,0.00000000000000,-19.85660000000000,10.45200000000000,0.00000000000000
mpc-hc64.exe,64292,0x00000000075C5C90,DXGI,0,512,0,16.24933890000000,0.08700000000000,0.24080000000000,1,Hardware: Independent Flip,1.09890000000000,11.62220000000000,10.57890000000000,10.52330000000000,1.04330000000000,0.05560000000000,0.00000000000000
mpc-hc64.exe,64292,0x00000000075C5C90,DXGI,0,512,0,16.26964290000000,0.14800000000000,20.30400000000000,1,Hardware: Independent Flip,1.24060000000000,6.99190000000000,15.67370000000000,5.75130000000000,-19.20510000000000,10.10010000000000,0.00000000000000
mpc-hc64.exe,64292,0x00000000075C5C90,DXGI,0,512,0,16.26984670000000,0.08140000000000,0.20380000000000,1,Hardware: Independent Flip,1.10210000000000,11.28910000000000,4.50100000000000,10.18700000000000,1.03680000000000,0.06530000000000,0.00000000000000
mpc-hc64.exe,64292,0x00000000075C5C90,DXGI,0,512,0,16.29039600000000,0.12670000000000,20.54930000000000,1,Hardware: Independent Flip,1.24160000000000,1.24160000000000,10.50180000000000,0.00000000000000,-19.44720000000000,9.96580000000000,0.00000000000000
mpc-hc64.exe,64292,0x00000000075C5C90,DXGI,0,512,0,16.29057730000000,0.08210000000000,0.18130000000000,1,Hardware: Independent Flip,1.11830000000000,11.41570000000000,10.35540000000000,10.29740000000000,1.06030000000000,0.05800000000000,0.00000000000000
mpc-hc64.exe,64292,0x00000000075C5C90,DXGI,0,512,0,16.31147740000000,0.15840000000000,20.90010000000000,1,Hardware: Independent Flip,1.18150000000000,5.11300000000000,14.59740000000000,3.93150000000000,-19.78180000000000,10.12060000000000,0.00000000000000
mpc-hc64.exe,64292,0x00000000075C5C90,DXGI,0,512,0,16.31169260000000,0.08440000000000,0.21520000000000,1,Hardware: Independent Flip,1.02330000000000,11.45650000000000,6.55870000000000,10.43320000000000,0.96630000000000,0.05700000000000,0.00000000000000
mpc-hc64.exe,64292,0x00000000075C5C90,DXGI,0,512,0,16.33222140000000,0.16620000000000,20.52880000000000,1,Hardware: Independent Flip,1.21870000000000,6.49180000000000,15.56410000000000,5.27310000000000,-19.50550000000000,10.13480000000000,0.00000000000000
mpc-hc64.exe,64292,0x00000000075C5C90,DXGI,0,512,0,16.33244150000000,0.08590000000000,0.22010000000000,1,Hardware: Independent Flip,1.05240000000000,11.36200000000000,5.09030000000000,10.30960000000000,0.99860000000000,0.05380000000000,0.00000000000000
mpc-hc64.exe,64292,0x00000000075C5C90,DXGI,0,512,0,16.35291270000000,0.12420000000000,20.47120000000000,1,Hardware: Independent Flip,1.24960000000000,6.57460000000000,15.68380000000000,5.32500000000000,-19.41880000000000,10.05850000000000,0.00000000000000
mpc-hc64.exe,64292,0x00000000075C5C90,DXGI,0,512,0,16.35309340000000,0.08070000000000,0.18070000000000,1,Hardware: Independent Flip,1.12420000000000,11.41220000000000,5.01830000000000,10.28800000000000,1.06890000000000,0.05530000000000,0.00000000000000
mpc-hc64.exe,64292,0x00000000075C5C90,DXGI,0,512,0,16.37382920000000,0.12740000000000,20.73580000000000,1,Hardware: Independent Flip,1.21000000000000,6.18610000000000,15.50970000000000,4.97610000000000,-19.61160000000000,10.05780000000000,0.00000000000000
mpc-hc64.exe,64292,0x00000000075C5C90,DXGI,0,512,0,16.37401100000000,0.07950000000000,0.18180000000000,1,Hardware: Independent Flip,1.10120000000000,11.47280000000000,5.46850000000000,10.37160000000000,1.02820000000000,0.07300000000000,0.00000000000000
mpc-hc64.exe,64292,0x00000000075C5C90,DXGI,0,512,0,16.39484380000000,0.15620000000000,20.83280000000000,1,Hardware: Independent Flip,1.18160000000000,6.52500000000000,15.88500000000000,5.34340000000000,-19.73160000000000,10.06190000000000,0.00000000000000
mpc-hc64.exe,64292,0x00000000075C5C90,DXGI,0,512,0,16.39505890000000,0.08810000000000,0.21510000000000,1,Hardware: Independent Flip,1.02380000000000,11.43160000000000,5.12170000000000,10.40780000000000,0.96650000000000,0.05730000000000,0.00000000000000
mpc-hc64.exe,64292,0x00000000075C5C90,DXGI,0,512,0,16.41587230000000,0.13250000000000,20.81340000000000,1,Hardware: Independent Flip,1.21230000000000,6.68780000000000,16.06960000000000,5.47550000000000,-19.78960000000000,10.40990000000000,0.00000000000000
mpc-hc64.exe,64292,0x00000000075C5C90,DXGI,0,512,0,16.41606020000000,0.08310000000000,0.18790000000000,1,Hardware: Independent Flip,1.07910000000000,11.52860000000000,5.02870000000000,10.44950000000000,1.02440000000000,0.05470000000000,0.00000000000000
mpc-hc64.exe,64292,0x00000000075C5C90,DXGI,0,512,0,16.43727680000000,0.12830000000000,21.21660000000000,1,Hardware: Independent Flip,1.21340000000000,6.46180000000000,16.14980000000000,5.24840000000000,-20.13750000000000,9.43330000000000,0.00000000000000
mpc-hc64.exe,64292,0x00000000075C5C90,DXGI,0,512,0,16.43745810000000,0.08070000000000,0.18130000000000,1,Hardware: Independent Flip,1.08720000000000,11.71660000000000,5.43610000000000,10.62940000000000,1.03210000000000,0.05510000000000,0.00000000000000
mpc-hc64.exe,64292,0x00000000075C5C90,DXGI,0,512,0,16.45839940000000,0.16440000000000,20.94130000000000,1,Hardware: Independent Flip,1.25300000000000,7.73320000000000,16.95790000000000,6.48020000000000,-19.85410000000000,9.86990000000000,0.00000000000000
mpc-hc64.exe,64292,0x00000000075C5C90,DXGI,0,512,0,16.45862130000000,0.08460000000000,0.22190000000000,1,Hardware: Independent Flip,1.08830000000000,11.59520000000000,4.08390000000000,10.50690000000000,1.03110000000000,0.05720000000000,0.00000000000000
mpc-hc64.exe,64292,0x00000000075C5C90,DXGI,0,512,0,16.47795720000000,0.13510000000000,19.33590000000000,1,Hardware: Independent Flip,1.18210000000000,7.82140000000000,15.56210000000000,6.63930000000000,-18.24760000000000,10.06380000000000,0.00000000000000
mpc-hc64.exe,64292,0x00000000075C5C90,DXGI,0,512,0,16.47814770000000,0.08320000000000,0.19050000000000,1,Hardware: Independent Flip,1.04940000000000,10.71620000000000,3.08530000000000,9.66680000000000,0.99160000000000,0.05780000000000,0.00000000000000
mpc-hc64.exe,64292,0x00000000075C5C90,DXGI,0,512,0,16.49880500000000,0.13230000000000,20.65730000000000,1,Hardware: Independent Flip,1.15910000000000,5.41080000000000,15.35190000000000,4.25170000000000,-19.60790000000000,10.06410000000000,0.00000000000000
mpc-hc64.exe,64292,0x00000000075C5C90,DXGI,0,512,0,16.49899060000000,0.07930000000000,0.18560000000000,1,Hardware: Independent Flip,1.03810000000000,11.38560000000000,6.16040000000000,10.34750000000000,0.97350000000000,0.06460000000000,0.00000000000000
mpc-hc64.exe,64292,0x00000000075C5C90,DXGI,0,512,0,16.51978100000000,0.18340000000000,20.79040000000000,1,Hardware: Independent Flip,1.50500000000000,6.72860000000000,16.13340000000000,5.22360000000000,-19.75230000000000,10.27860000000000,0.00000000000000
mpc-hc64.exe,64292,0x00000000075C5C90,DXGI,0,512,0,16.52008780000000,0.08600000000000,0.30680000000000,1,Hardware: Independent Flip,1.26460000000000,11.85690000000000,5.43510000000000,10.59230000000000,1.19820000000000,0.06640000000000,0.00000000000000
mpc-hc64.exe,64292,0x00000000075C5C90,DXGI,0,512,0,16.54041820000000,0.12810000000000,20.33040000000000,1,Hardware: Independent Flip,1.25070000000000,1.25070000000000,9.72420000000000,0.00000000000000,-19.06580000000000,9.96680000000000,0.00000000000000
mpc-hc64.exe,64292,0x00000000075C5C90,DXGI,0,512,0,16.54060250000000,0.08150000000000,0.18430000000000,1,Hardware: Independent Flip,1.12610000000000,11.23230000000000,10.16590000000000,10.10620000000000,1.06640000000000,0.05970000000000,0.00000000000000
mpc-hc64.exe,64292,0x00000000075C5C90,DXGI,0,512,0,16.56125890000000,0.12720000000000,20.65640000000000,1,Hardware: Independent Flip,1.24170000000000,6.11780000000000,15.54190000000000,4.87610000000000,-19.53030000000000,10.07760000000000,0.00000000000000
mpc-hc64.exe,64292,0x00000000075C5C90,DXGI,0,512,0,16.56144010000000,0.07940000000000,0.18120000000000,1,Hardware: Independent Flip,1.11350000000000,11.45020000000000,5.51360000000000,10.33670000000000,1.06050000000000,0.05300000000000,0.00000000000000
mpc-hc64.exe,64292,0x00000000075C5C90,DXGI,0,512,0,16.58317650000000,0.15020000000000,21.73640000000000,1,Hardware: Independent Flip,1.23800000000000,6.53920000000000,16.82540000000000,5.30120000000000,-20.62290000000000,9.41430000000000,0.00000000000000
mpc-hc64.exe,64292,0x00000000075C5C90,DXGI,0,512,0,16.58338440000000,0.08600000000000,0.20790000000000,1,Hardware: Independent Flip,1.09600000000000,11.98950000000000,5.65820000000000,10.89350000000000,1.03010000000000,0.06590000000000,0.00000000000000
mpc-hc64.exe,64292,0x00000000075C5C90,DXGI,0,512,0,16.60294480000000,0.12890000000000,19.56040000000000,1,Hardware: Independent Flip,1.19190000000000,8.09170000000000,15.66260000000000,6.89980000000000,-18.46440000000000,10.06840000000000,0.00000000000000
mpc-hc64.exe,64292,0x00000000075C5C90,DXGI,0,512,0,16.60312660000000,0.09650000000000,0.18180000000000,1,Hardware: Independent Flip,1.08270000000000,10.87110000000000,2.96120000000000,9.78840000000000,1.01010000000000,0.07260000000000,0.00000000000000
mpc-hc64.exe,64292,0x00000000075C5C90,DXGI,0,512,0,16.62402580000000,0.12580000000000,20.89920000000000,1,Hardware: Independent Flip,1.22400000000000,1.22400000000000,11.25210000000000,0.00000000000000,-19.81650000000000,10.28220000000000,0.00000000000000
mpc-hc64.exe,64292,0x00000000075C5C90,DXGI,0,512,0,16.62420380000000,0.07840000000000,0.17800000000000,1,Hardware: Independent Flip,1.11820000000000,11.59830000000000,10.55230000000000,10.48010000000000,1.04600000000000,0.07220000000000,0.00000000000000
mpc-hc64.exe,64292,0x00000000075C5C90,DXGI,0,512,0,16.64497410000000,0.14570000000000,20.77030000000000,1,Hardware: Independent Flip,1.24710000000000,6.04310000000000,15.21510000000000,4.79600000000000,-19.65210000000000,10.31250000000000,0.00000000000000
mpc-hc64.exe,64292,0x00000000075C5C90,DXGI,0,512,0,16.64517230000000,0.08110000000000,0.19820000000000,1,Hardware: Independent Flip,1.11460000000000,11.52700000000000,5.68210000000000,10.41240000000000,1.04890000000000,0.06570000000000,0.00000000000000
mpc-hc64.exe,64292,0x00000000075C5C90,DXGI,0,512,0,16.66544980000000,0.17250000000000,20.27750000000000,1,Hardware: Independent Flip,1.31110000000000,1.31110000000000,10.06160000000000,0.00000000000000,-19.16290000000000,10.03020000000000,0.00000000000000
mpc-hc64.exe,64292,0x00000000075C5C90,DXGI,0,512,0,16.66568210000000,0.08540000000000,0.23230000000000,1,Hardware: Independent Flip,1.13780000000000,11.32470000000000,10.24590000000000,10.18690000000000,1.07880000000000,0.05900000000000,0.00000000000000
mpc-hc64.exe,64292,0x00000000075C5C90,DXGI,0,512,0,16.68631720000000,0.13130000000000,20.63510000000000,1,Hardware: Independent Flip,1.19230000000000,1.19230000000000,10.50270000000000,0.00000000000000,-19.49730000000000,10.02810000000000,0.00000000000000
mpc-hc64.exe,64292,0x00000000075C5C90,DXGI,0,512,0,16.68650730000000,0.07990000000000,0.19010000000000,1,Hardware: Independent Flip,1.05750000000000,11.35600000000000,10.35380000000000,10.29850000000000,1.00220000000000,0.05530000000000,0.00000000000000
mpc-hc64.exe,64292,0x00000000075C5C90,DXGI,0,512,0,16.70788650000000,0.14780000000000,21.37920000000000,1,Hardware: Independent Flip,1.24950000000000,6.21220000000000,16.23540000000000,4.96270000000000,-20.32170000000000,9.59870000000000,0.00000000000000
mpc-hc64.exe,64292,0x00000000075C5C90,DXGI,0,512,0,16.70808750000000,0.07980000000000,0.20100000000000,1,Hardware: Independent Flip,1.10340000000000,11.84280000000000,5.83160000000000,10.73940000000000,1.04850000000000,0.05490000000000,0.00000000000000
mpc-hc64.exe,64292,0x00000000075C5C90,DXGI,0,512,0,16.72794450000000,0.12600000000000,19.85700000000000,1,Hardware: Independent Flip,1.22140000000000,1.22140000000000,9.23560000000000,0.00000000000000,-18.75360000000000,10.08160000000000,0.00000000000000
mpc-hc64.exe,64292,0x00000000075C5C90,DXGI,0,512,0,16.72812730000000,0.12900000000000,0.18280000000000,1,Hardware: Independent Flip,1.09660000000000,11.03670000000000,9.99810000000000,9.94010000000000,1.03860000000000,0.05800000000000,0.00000000000000
mpc-hc64.exe,64292,0x00000000075C5C90,DXGI,0,512,0,16.74903140000000,0.13030000000000,20.90410000000000,1,Hardware: Independent Flip,1.24700000000000,4.87500000000000,14.74240000000000,3.62800000000000,-19.80750000000000,10.18880000000000,0.00000000000000
mpc-hc64.exe,64292,0x00000000075C5C90,DXGI,0,512,0,16.74921420000000,0.08150000000000,0.18280000000000,1,Hardware: Independent Flip,1.12010000000000,11.59650000000000,6.90430000000000,10.47640000000000,1.06420000000000,0.05590000000000,0.00000000000000
mpc-hc64.exe,64292,0x00000000075C5C90,DXGI,0,512,0,16.76976370000000,0.14720000000000,20.54950000000000,1,Hardware: Independent Flip,1.22920000000000,6.91110000000000,15.86410000000000,5.68190000000000,-19.42940000000000,10.05830000000000,0.00000000000000
mpc-hc64.exe,64292,0x00000000075C5C90,DXGI,0,512,0,16.76996450000000,0.08550000000000,0.20080000000000,1,Hardware: Independent Flip,1.08350000000000,11.36070000000000,4.65040000000000,10.27720000000000,1.02840000000000,0.05510000000000,0.00000000000000
mpc-hc64.exe,64292,0x00000000075C5C90,DXGI,0,512,0,16.79043850000000,0.13590000000000,20.47400000000000,1,Hardware: Independent Flip,1.25800000000000,1.25800000000000,10.37130000000000,0.00000000000000,-19.39050000000000,10.12130000000000,0.00000000000000
mpc-hc64.exe,64292,0x00000000075C5C90,DXGI,0,512,0,16.79062860000000,0.08500000000000,0.19010000000000,1,Hardware: Independent Flip,1.12500000000000,11.40180000000000,10.33390000000000,10.27680000000000,1.06790000000000,0.05710000000000,0.00000000000000
mpc-hc64.exe,64292,0x00000000075C5C90,DXGI,0,512,0,16.81158360000000,0.13330000000000,20.95500000000000,1,Hardware: Independent Flip,1.17150000000000,1.17150000000000,10.72470000000000,0.00000000000000,-19.83000000000000,10.10460000000000,0.00000000000000
mpc-hc64.exe,64292,0x00000000075C5C90,DXGI,0,512,0,16.81177460000000,0.08070000000000,0.19100000000000,1,Hardware: Independent Flip,1.03490000000000,11.49060000000000,10.51010000000000,10.45570000000000,0.98050000000000,0.05440000000000,0.00000000000000
mpc-hc64.exe,64292,0x00000000075C5C90,DXGI,0,512,0,16.83222240000000,0.14690000000000,20.44780000000000,1,Hardware: Independent Flip,1.21150000000000,6.70660000000000,15.66380000000000,5.49510000000000,-19.41290000000000,10.14760000000000,0.00000000000000
mpc-hc64.exe,64292,0x00000000075C5C90,DXGI,0,512,0,16.83242550000000,0.08200000000000,0.20310000000000,1,Hardware: Independent Flip,1.08290000000000,11.35330000000000,4.84980000000000,10.27040000000000,1.00840000000000,0.07450000000000,0.00000000000000
mpc-hc64.exe,64292,0x00000000075C5C90,DXGI,0,512,0,16.85280130000000,0.13780000000000,20.37580000000000,1,Hardware: Independent Flip,1.39280000000000,6.55860000000000,15.58110000000000,5.16580000000000,-19.29290000000000,10.05850000000000,0.00000000000000
mpc-hc64.exe,64292,0x00000000075C5C90,DXGI,0,512,0,16.85299620000000,0.08600000000000,0.19490000000000,1,Hardware: Independent Flip,1.26740000000000,11.57330000000000,5.20960000000000,10.30590000000000,1.19790000000000,0.06950000000000,0.00000000000000
mpc-hc64.exe,64292,0x00000000075C5C90,DXGI,0,512,0,16.87380570000000,0.19440000000000,20.80950000000000,1,Hardware: Independent Flip,1.18550000000000,6.34290000000000,15.57910000000000,5.15740000000000,-19.54210000000000,9.85160000000000,0.00000000000000
mpc-hc64.exe,64292,0x00000000075C5C90,DXGI,0,512,0,16.87406040000000,0.08400000000000,0.25470000000000,1,Hardware: Independent Flip,0.98600000000000,11.29580000000000,5.20760000000000,10.30980000000000,0.93080000000000,0.05520000000000,0.00000000000000
mpc-hc64.exe,64292,0x00000000075C5C90,DXGI,0,512,0,16.89460600000000,0.16550000000000,20.54560000000000,1,Hardware: Independent Flip,1.15290000000000,6.32020000000000,15.57000000000000,5.16730000000000,-19.55960000000000,10.04830000000000,0.00000000000000
mpc-hc64.exe,64292,0x00000000075C5C90,DXGI,0,512,0,16.89482960000000,0.08490000000000,0.22360000000000,1,Hardware: Independent Flip,1.00310000000000,11.31710000000000,5.22050000000000,10.31400000000000,0.92930000000000,0.07380000000000,0.00000000000000
mpc-hc64.exe,64292,0x00000000075C5C90,DXGI,0,512,0,16.91612170000000,0.17270000000000,21.29210000000000,1,Hardware: Independent Flip,0.96010000000000,0.96010000000000,10.93510000000000,0.00000000000000,-20.28900000000000,10.30290000000000,0.00000000000000
mpc-hc64.exe,64292,0x00000000075C5C90,DXGI,0,512,0,16.91637160000000,0.09040000000000,0.24990000000000,1,Hardware: Independent Flip,0.77370000000000,11.34610000000000,10.63590000000000,10.57240000000000,0.71020000000000,0.06020000000000,0.00000000000000
mpc-hc64.exe,64292,0x00000000075C5C90,DXGI,0,512,0,16.93637710000000,0.16990000000000,20.00550000000000,1,Hardware: Independent Flip,1.22470000000000,1.22470000000000,9.88410000000000,0.00000000000000,-19.23180000000000,10.93490000000000,0.00000000000000
mpc-hc64.exe,64292,0x00000000075C5C90,DXGI,0,512,0,16.93660480000000,0.08210000000000,0.22770000000000,1,Hardware: Independent Flip,1.05140000000000,11.23450000000000,10.23750000000000,10.18310000000000,0.99700000000000,0.05440000000000,0.00000000000000
mpc-hc64.exe,64292,0x00000000075C5C90,DXGI,0,512,0,16.95804890000000,0.14690000000000,21.44410000000000,1,Hardware: Independent Flip,1.21810000000000,1.21810000000000,11.42770000000000,0.00000000000000,-20.39270000000000,10.06300000000000,0.00000000000000
mpc-hc64.exe,64292,0x00000000075C5C90,DXGI,0,512,0,16.95824980000000,0.10390000000000,0.20090000000000,1,Hardware: Independent Flip,1.08980000000000,11.85470000000000,10.83750000000000,10.76490000000000,1.01720000000000,0.07260000000000,0.00000000000000
mpc-hc64.exe,64292,0x00000000075C5C90,DXGI,0,512,0,16.97801010000000,0.13140000000000,19.76030000000000,1,Hardware: Independent Flip,1.23850000000000,1.23850000000000,9.14410000000000,0.00000000000000,-18.67050000000000,10.07970000000000,0.00000000000000
mpc-hc64.exe,64292,0x00000000075C5C90,DXGI,0,512,0,16.97819470000000,0.08170000000000,0.18460000000000,1,Hardware: Independent Flip,1.11190000000000,11.01780000000000,9.96390000000000,9.90590000000000,1.05390000000000,0.05800000000000,0.00000000000000
mpc-hc64.exe,64292,0x00000000075C5C90,DXGI,0,512,0,16.99881720000000,0.13040000000000,20.62250000000000,1,Hardware: Independent Flip,1.23120000000000,5.93110000000000,15.53580000000000,4.69990000000000,-19.51060000000000,10.06420000000000,0.00000000000000
mpc-hc64.exe,64292,0x00000000075C5C90,DXGI,0,512,0,16.99900210000000,0.08280000000000,0.18490000000000,1,Hardware: Independent Flip,1.10780000000000,11.43010000000000,5.68390000000000,10.32230000000000,1.04630000000000,0.06150000000000,0.00000000000000
mpc-hc64.exe,64292,0x00000000075C5C90,DXGI,0,512,0,17.02008760000000,0.14940000000000,21.08550000000000,1,Hardware: Independent Flip,1.20840000000000,1.20840000000000,10.86380000000000,0.00000000000000,-19.97770000000000,10.03680000000000,0.00000000000000
mpc-hc64.exe,64292,0x00000000075C5C90,DXGI,0,512,0,17.02029110000000,0.10270000000000,0.20350000000000,1,Hardware: Independent Flip,1.06570000000000,11.61160000000000,10.60670000000000,10.54590000000000,1.00490000000000,0.06080000000000,0.00000000000000
mpc-hc64.exe,64292,0x00000000075C5C90,DXGI,0,512,0,17.04066970000000,0.24800000000000,20.37860000000000,1,Hardware: Independent Flip,1.00790000000000,1.00790000000000,9.77490000000000,0.00000000000000,-19.31290000000000,10.08590000000000,0.00000000000000
mpc-hc64.exe,64292,0x00000000075C5C90,DXGI,0,512,0,17.04100160000000,0.10620000000000,0.33190000000000,1,Hardware: Independent Flip,0.73490000000000,10.84740000000000,10.17140000000000,10.11250000000000,0.67600000000000,0.05890000000000,0.00000000000000
mpc-hc64.exe,64292,0x00000000075C5C90,DXGI,0,512,0,17.06216890000000,0.12940000000000,21.16730000000000,1,Hardware: Independent Flip,1.23380000000000,6.08490000000000,16.40480000000000,4.85110000000000,-20.43240000000000,10.34890000000000,0.00000000000000
mpc-hc64.exe,64292,0x00000000075C5C90,DXGI,0,512,0,17.06235270000000,0.08140000000000,0.18380000000000,1,Hardware: Independent Flip,1.11280000000000,11.89890000000000,5.99780000000000,10.78610000000000,1.05000000000000,0.06280000000000,0.00000000000000
mpc-hc64.exe,64292,0x00000000075C5C90,DXGI,0,512,0,17.08263170000000,0.14960000000000,20.27900000000000,1,Hardware: Independent Flip,1.21800000000000,1.21800000000000,9.59810000000000,0.00000000000000,-19.16620000000000,9.50660000000000,0.00000000000000
mpc-hc64.exe,64292,0x00000000075C5C90,DXGI,0,512,0,17.08283740000000,0.08460000000000,0.20570000000000,1,Hardware: Independent Flip,1.07910000000000,11.23290000000000,10.22060000000000,10.15380000000000,1.01230000000000,0.06680000000000,0.00000000000000
mpc-hc64.exe,64292,0x00000000075C5C90,DXGI,0,512,0,17.10681020000000,0.13930000000000,23.97280000000000,1,Hardware: Independent Flip,1.20270000000000,1.20270000000000,13.94260000000000,0.00000000000000,-22.89370000000000,9.76140000000000,0.00000000000000
mpc-hc64.exe,64292,0x00000000075C5C90,DXGI,0,512,0,17.10700270000000,0.09760000000000,0.19250000000000,1,Hardware: Independent Flip,1.06730000000000,13.06880000000000,12.05860000000000,12.00150000000000,1.01020000000000,0.05710000000000,0.00000000000000
mpc-hc64.exe,64292,0x00000000075C5C90,DXGI,0,512,0,17.12379230000000,0.12880000000000,16.78960000000000,1,Hardware: Independent Flip,1.18690000000000,11.59280000000000,15.31360000000000,10.40590000000000,-15.72230000000000,10.06220000000000,0.00000000000000
mpc-hc64.exe,64292,0x00000000075C5C90,DXGI,0,512,0,17.12397500000000,0.08120000000000,0.18270000000000,1,Hardware: Independent Flip,1.05920000000000,11.41010000000000,0.00000000000000,10.35090000000000,1.00420000000000,0.05500000000000,0.00000000000000
mpc-hc64.exe,64292,0x00000000075C5C90,DXGI,0,512,0,17.14462280000000,0.14850000000000,20.64780000000000,1,Hardware: Independent Flip,1.20620000000000,4.48750000000000,13.72520000000000,3.28130000000000,-19.58860000000000,9.95560000000000,0.00000000000000
mpc-hc64.exe,64292,0x00000000075C5C90,DXGI,0,512,0,17.14482710000000,0.08320000000000,0.20430000000000,1,Hardware: Independent Flip,1.06810000000000,11.42900000000000,7.14580000000000,10.36090000000000,1.00190000000000,0.06620000000000,0.00000000000000
mpc-hc64.exe,64292,0x00000000075C5C90,DXGI,0,512,0,17.16544450000000,0.14720000000000,20.61740000000000,1,Hardware: Independent Flip,1.18720000000000,6.43370000000000,15.62210000000000,5.24650000000000,-19.54930000000000,10.10870000000000,0.00000000000000
mpc-hc64.exe,64292,0x00000000075C5C90,DXGI,0,512,0,17.16564960000000,0.08730000000000,0.20510000000000,1,Hardware: Independent Flip,1.04150000000000,11.35930000000000,5.13070000000000,10.31780000000000,0.98210000000000,0.05940000000000,0.00000000000000
mpc-hc64.exe,64292,0x00000000075C5C90,DXGI,0,512,0,17.18638380000000,0.13650000000000,20.73420000000000,1,Hardware: Independent Flip,1.41950000000000,1.41950000000000,10.79440000000000,0.00000000000000,-19.69270000000000,10.41670000000000,0.00000000000000
mpc-hc64.exe,64292,0x00000000075C5C90,DXGI,0,512,0,17.18657320000000,0.08170000000000,0.18940000000000,1,Hardware: Independent Flip,1.30330000000000,11.82140000000000,10.59130000000000,10.51810000000000,1.23010000000000,0.07320000000000,0.00000000000000
mpc-hc64.exe,64292,0x00000000075C5C90,DXGI,0,512,0,17.20713500000000,0.15190000000000,20.56180000000000,1,Hardware: Independent Flip,1.18230000000000,6.02540000000000,14.76580000000000,4.84310000000000,-19.25850000000000,9.79560000000000,0.00000000000000
mpc-hc64.exe,64292,0x00000000075C5C90,DXGI,0,512,0,17.20734150000000,0.08110000000000,0.20650000000000,1,Hardware: Independent Flip,1.03690000000000,11.20930000000000,5.39040000000000,10.17240000000000,0.97580000000000,0.06110000000000,0.00000000000000
mpc-hc64.exe,64292,0x00000000075C5C90,DXGI,0,512,0,17.22803600000000,0.12760000000000,20.69450000000000,1,Hardware: Independent Flip,1.23290000000000,1.23290000000000,10.71810000000000,0.00000000000000,-19.65760000000000,10.08300000000000,0.00000000000000
mpc-hc64.exe,64292,0x00000000075C5C90,DXGI,0,512,0,17.22821660000000,0.07930000000000,0.18060000000000,1,Hardware: Independent Flip,1.10740000000000,11.50530000000000,10.45300000000000,10.39790000000000,1.05230000000000,0.05510000000000,0.00000000000000
mpc-hc64.exe,64292,0x00000000075C5C90,DXGI,0,512,0,17.24874110000000,0.18170000000000,20.52450000000000,1,Hardware: Independent Flip,1.50720000000000,6.78180000000000,15.80100000000000,5.27460000000000,-19.41710000000000,10.33170000000000,0.00000000000000
mpc-hc64.exe,64292,0x00000000075C5C90,DXGI,0,512,0,17.24897700000000,0.10720000000000,0.23590000000000,1,Hardware: Independent Flip,1.32720000000000,11.73760000000000,5.19170000000000,10.41040000000000,1.27130000000000,0.05590000000000,0.00000000000000
mpc-hc64.exe,64292,0x00000000075C5C90,DXGI,0,512,0,17.26967250000000,0.15970000000000,20.69550000000000,1,Hardware: Independent Flip,1.18400000000000,1.18400000000000,10.14190000000000,0.00000000000000,-19.36830000000000,9.85520000000000,0.00000000000000
mpc-hc64.exe,64292,0x00000000075C5C90,DXGI,0,512,0,17.26988960000000,0.08720000000000,0.21710000000000,1,Hardware: Independent Flip,1.02320000000000,11.24680000000000,10.27990000000000,10.22360000000000,0.96690000000000,0.05630000000000,0.00000000000000
mpc-hc64.exe,64292,0x00000000075C5C90,DXGI,0,512,0,17.29045800000000,0.16020000000000,20.56840000000000,1,Hardware: Independent Flip,1.33570000000000,1.33570000000000,10.65730000000000,0.00000000000000,-19.54520000000000,10.25710000000000,0.00000000000000
mpc-hc64.exe,64292,0x00000000075C5C90,DXGI,0,512,0,17.29068020000000,0.10800000000000,0.22220000000000,1,Hardware: Independent Flip,1.16910000000000,11.56250000000000,10.44900000000000,10.39340000000000,1.11350000000000,0.05560000000000,0.00000000000000
mpc-hc64.exe,64292,0x00000000075C5C90,DXGI,0,512,0,17.31165950000000,0.13310000000000,20.97930000000000,1,Hardware: Independent Flip,1.23650000000000,5.49020000000000,14.90700000000000,4.25370000000000,-19.81020000000000,10.26250000000000,0.00000000000000
mpc-hc64.exe,64292,0x00000000075C5C90,DXGI,0,512,0,17.31184790000000,0.08470000000000,0.18840000000000,1,Hardware: Independent Flip,1.12150000000000,11.60430000000000,6.30250000000000,10.48280000000000,1.04810000000000,0.07340000000000,0.00000000000000
mpc-hc64.exe,64292,0x00000000075C5C90,DXGI,0,512,0,17.33234680000000,0.15400000000000,20.49890000000000,1,Hardware: Independent Flip,1.16690000000000,6.93910000000000,15.83370000000000,5.77220000000000,-19.37740000000000,10.10960000000000,0.00000000000000
mpc-hc64.exe,64292,0x00000000075C5C90,DXGI,0,512,0,17.33255670000000,0.10450000000000,0.20990000000000,1,Hardware: Independent Flip,1.01330000000000,11.23940000000000,4.51020000000000,10.22610000000000,0.95700000000000,0.05630000000000,0.00000000000000
mpc-hc64.exe,64292,0x00000000075C5C90,DXGI,0,512,0,17.35311770000000,0.14070000000000,20.56100000000000,1,Hardware: Independent Flip,1.17510000000000,6.33490000000000,15.65650000000000,5.15980000000000,-19.54770000000000,10.22130000000000,0.00000000000000
mpc-hc64.exe,64292,0x00000000075C5C90,DXGI,0,512,0,17.35331440000000,0.09080000000000,0.19670000000000,1,Hardware: Independent Flip,1.04040000000000,11.35670000000000,5.21850000000000,10.31630000000000,0.97840000000000,0.06200000000000,0.00000000000000
mpc-hc64.exe,64292,0x00000000075C5C90,DXGI,0,512,0,17.37409920000000,0.12760000000000,20.78480000000000,1,Hardware: Independent Flip,1.16770000000000,6.39110000000000,15.81920000000000,5.22340000000000,-19.74440000000000,10.21040000000000,0.00000000000000
mpc-hc64.exe,64292,0x00000000075C5C90,DXGI,0,512,0,17.37428300000000,0.08150000000000,0.18380000000000,1,Hardware: Independent Flip,1.05270000000000,11.47010000000000,5.26280000000000,10.41740000000000,0.98390000000000,0.06880000000000,0.00000000000000
mpc-hc64.exe,64292,0x00000000075C5C90,DXGI,0,512,0,17.39474550000000,0.15970000000000,20.46250000000000,1,Hardware: Independent Flip,1.18480000000000,1.18480000000000,10.17720000000000,0.00000000000000,-19.40980000000000,10.13860000000000,0.00000000000000
mpc-hc64.exe,64292,0x00000000075C5C90,DXGI,0,512,0,17.39498010000000,0.08980000000000,0.23460000000000,1,Hardware: Independent Flip,1.00350000000000,11.24980000000000,10.29960000000000,10.24630000000000,0.95020000000000,0.05330000000000,0.00000000000000
mpc-hc64.exe,64292,0x00000000075C5C90,DXGI,0,512,0,17.41574630000000,0.12900000000000,20.76620000000000,1,Hardware: Independent Flip,1.53120000000000,1.53120000000000,11.04760000000000,0.00000000000000,-19.76270000000000,10.75170000000000,0.00000000000000
mpc-hc64.exe,64292,0x00000000075C5C90,DXGI,0,512,0,17.41592820000000,0.14550000000000,0.18190000000000,1,Hardware: Independent Flip,1.40280000000000,11.99780000000000,10.64850000000000,10.59500000000000,1.34930000000000,0.05350000000000,0.00000000000000
mpc-hc64.exe,64292,0x00000000075C5C90,DXGI,0,512,0,17.43663090000000,0.14220000000000,20.70270000000000,1,Hardware: Independent Flip,1.15600000000000,7.10200000000000,15.80690000000000,5.94600000000000,-19.29990000000000,9.94720000000000,0.00000000000000
mpc-hc64.exe,64292,0x00000000075C5C90,DXGI,0,512,0,17.43682840000000,0.08350000000000,0.19750000000000,1,Hardware: Independent Flip,1.02450000000000,11.20570000000000,4.30120000000000,10.18120000000000,0.95850000000000,0.06600000000000,0.00000000000000
mpc-hc64.exe,64292,0x00000000075C5C90,DXGI,0,512,0,17.45734090000000,0.15310000000000,20.51250000000000,1,Hardware: Independent Flip,1.17190000000000,6.00230000000000,15.30910000000000,4.83040000000000,-19.48800000000000,10.29780000000000,0.00000000000000
mpc-hc64.exe,64292,0x00000000075C5C90,DXGI,0,512,0,17.45754810000000,0.08280000000000,0.20720000000000,1,Hardware: Independent Flip,1.03270000000000,11.32560000000000,5.53050000000000,10.29290000000000,0.96470000000000,0.06800000000000,0.00000000000000
mpc-hc64.exe,64292,0x00000000075C5C90,DXGI,0,512,0,17.47854770000000,0.14110000000000,20.99960000000000,1,Hardware: Independent Flip,1.18670000000000,1.18670000000000,10.86070000000000,0.00000000000000,-19.96690000000000,10.60330000000000,0.00000000000000
mpc-hc64.exe,64292,0x00000000075C5C90,DXGI,0,512,0,17.47874680000000,0.08270000000000,0.19910000000000,1,Hardware: Independent Flip,1.04790000000000,11.57360000000000,10.58600000000000,10.52570000000000,0.98760000000000,0.06030000000000,0.00000000000000
mpc-hc64.exe,64292,0x00000000075C5C90,DXGI,0,512,0,17.49939020000000,0.17690000000000,20.64340000000000,1,Hardware: Independent Flip,1.39900000000000,7.07550000000000,16.14530000000000,5.67650000000000,-19.59550000000000,10.62420000000000,0.00000000000000
mpc-hc64.exe,64292,0x00000000075C5C90,DXGI,0,512,0,17.49965370000000,0.09400000000000,0.26350000000000,1,Hardware: Independent Flip,1.19090000000000,11.64190000000000,4.82990000000000,10.45100000000000,1.13550000000000,0.05540000000000,0.00000000000000
mpc-hc64.exe,64292,0x00000000075C5C90,DXGI,0,512,0,17.52014220000000,0.24690000000000,20.48850000000000,1,Hardware: Independent Flip,1.21650000000000,5.87300000000000,14.71960000000000,4.65650000000000,-19.29760000000000,10.52570000000000,0.00000000000000
mpc-hc64.exe,64292,0x00000000075C5C90,DXGI,0,512,0,17.52047350000000,0.11010000000000,0.33130000000000,1,Hardware: Independent Flip,0.94210000000000,11.15130000000000,5.60960000000000,10.20920000000000,0.88520000000000,0.05690000000000,0.00000000000000
mpc-hc64.exe,64292,0x00000000075C5C90,DXGI,0,512,0,17.54075220000000,0.13340000000000,20.27870000000000,1,Hardware: Independent Flip,1.18100000000000,6.54370000000000,15.67110000000000,5.36270000000000,-19.33660000000000,10.41620000000000,0.00000000000000
mpc-hc64.exe,64292,0x00000000075C5C90,DXGI,0,512,0,17.54094020000000,0.08010000000000,0.18800000000000,1,Hardware: Independent Flip,1.04880000000000,11.26060000000000,4.90490000000000,10.21180000000000,0.99300000000000,0.05580000000000,0.00000000000000
mpc-hc64.exe,64292,0x00000000075C5C90,DXGI,0,512,0,17.56150390000000,0.13000000000000,20.56370000000000,1,Hardware: Independent Flip,1.23090000000000,6.41340000000000,15.71650000000000,5.18250000000000,-19.51490000000000,10.22380000000000,0.00000000000000
mpc-hc64.exe,64292,0x00000000075C5C90,DXGI,0,512,0,17.56168690000000,0.08070000000000,0.18300000000000,1,Hardware: Independent Flip,1.10490000000000,11.42940000000000,5.19900000000000,10.32450000000000,1.04790000000000,0.05700000000000,0.00000000000000
mpc-hc64.exe,64292,0x00000000075C5C90,DXGI,0,512,0,17.58284290000000,0.16540000000000,21.15600000000000,1,Hardware: Independent Flip,1.21130000000000,1.21130000000000,10.93790000000000,0.00000000000000,-20.05110000000000,10.11120000000000,0.00000000000000
mpc-hc64.exe,64292,0x00000000075C5C90,DXGI,0,512,0,17.58307990000000,0.09480000000000,0.23700000000000,1,Hardware: Independent Flip,1.03860000000000,11.61200000000000,10.63770000000000,10.57340000000000,0.97430000000000,0.06430000000000,0.00000000000000
mpc-hc64.exe,64292,0x00000000075C5C90,DXGI,0,512,0,17.60334530000000,0.13850000000000,20.26540000000000,1,Hardware: Independent Flip,1.19000000000000,6.91220000000000,15.56560000000000,5.72220000000000,-19.22680000000000,10.49170000000000,0.00000000000000
mpc-hc64.exe,64292,0x00000000075C5C90,DXGI,0,512,0,17.60354200000000,0.08770000000000,0.19670000000000,1,Hardware: Independent Flip,1.05120000000000,11.20560000000000,4.49010000000000,10.15440000000000,0.99330000000000,0.05790000000000,0.00000000000000
mpc-hc64.exe,64292,0x00000000075C5C90,DXGI,0,512,0,17.62453470000000,0.19110000000000,20.99270000000000,1,Hardware: Independent Flip,1.58300000000000,6.50540000000000,16.29250000000000,4.92240000000000,-19.94150000000000,10.91490000000000,0.00000000000000
mpc-hc64.exe,64292,0x00000000075C5C90,DXGI,0,512,0,17.62478800000000,0.08580000000000,0.25330000000000,1,Hardware: Independent Flip,1.39140000000000,12.08110000000000,5.82900000000000,10.68970000000000,1.32970000000000,0.06170000000000,0.00000000000000
mpc-hc64.exe,64292,0x00000000075C5C90,DXGI,0,512,0,17.64534710000000,0.16910000000000,20.55910000000000,1,Hardware: Independent Flip,1.18770000000000,1.18770000000000,9.66570000000000,0.00000000000000,-19.16770000000000,10.11100000000000,0.00000000000000
mpc-hc64.exe,64292,0x00000000075C5C90,DXGI,0,512,0,17.64557660000000,0.08950000000000,0.22950000000000,1,Hardware: Independent Flip,1.02460000000000,11.14680000000000,10.18860000000000,10.12220000000000,0.95820000000000,0.06640000000000,0.00000000000000
mpc-hc64.exe,64292,0x00000000075C5C90,DXGI,0,512,0,17.66584740000000,0.14040000000000,20.27080000000000,1,Hardware: Independent Flip,1.19140000000000,1.19140000000000,10.31540000000000,0.00000000000000,-19.24620000000000,10.36360000000000,0.00000000000000
mpc-hc64.exe,64292,0x00000000075C5C90,DXGI,0,512,0,17.66604400000000,0.08320000000000,0.19660000000000,1,Hardware: Independent Flip,1.05170000000000,11.22460000000000,10.22980000000000,10.17290000000000,0.99480000000000,0.05690000000000,0.00000000000000
mpc-hc64.exe,64292,0x00000000075C5C90,DXGI,0,512,0,17.68663870000000,0.14490000000000,20.59470000000000,1,Hardware: Independent Flip,1.17640000000000,6.19990000000000,15.57000000000000,5.02350000000000,-19.54300000000000,10.24110000000000,0.00000000000000
mpc-hc64.exe,64292,0x00000000075C5C90,DXGI,0,512,0,17.68683980000000,0.08140000000000,0.20110000000000,1,Hardware: Independent Flip,1.03060000000000,11.34200000000000,5.34320000000000,10.31140000000000,0.97530000000000,0.05530000000000,0.00000000000000
mpc-hc64.exe,64292,0x00000000075C5C90,DXGI,0,512,0,17.70752440000000,0.15260000000000,20.68460000000000,1,Hardware: Independent Flip,1.21480000000000,1.21480000000000,10.55740000000000,0.00000000000000,-19.65400000000000,10.44420000000000,0.00000000000000
mpc-hc64.exe,64292,0x00000000075C5C90,DXGI,0,512,0,17.70773220000000,0.08500000000000,0.20780000000000,1,Hardware: Independent Flip,1.07050000000000,11.45230000000000,10.44530000000000,10.38180000000000,1.00700000000000,0.06350000000000,0.00000000000000
mpc-hc64.exe,64292,0x00000000075C5C90,DXGI,0,512,0,17.72865570000000,0.14050000000000,20.92350000000000,1,Hardware: Independent Flip,1.17200000000000,6.46800000000000,15.93920000000000,5.29600000000000,-19.85300000000000,10.43830000000000,0.00000000000000
mpc-hc64.exe,64292,0x00000000075C5C90,DXGI,0,512,0,17.72885060000000,0.08300000000000,0.19490000000000,1,Hardware: Independent Flip,1.03630000000000,11.49680000000000,5.22370000000000,10.46050000000000,0.97710000000000,0.05920000000000,0.00000000000000
mpc-hc64.exe,64292,0x00000000075C5C90,DXGI,0,512,0,17.74923620000000,0.16430000000000,20.38560000000000,1,Hardware: Independent Flip,1.15330000000000,1.15330000000000,10.04210000000000,0.00000000000000,-19.34930000000000,10.41850000000000,0.00000000000000
mpc-hc64.exe,64292,0x00000000075C5C90,DXGI,0,512,0,17.74946260000000,0.08520000000000,0.22640000000000,1,Hardware: Independent Flip,0.98410000000000,11.18680000000000,10.25990000000000,10.20270000000000,0.92690000000000,0.05720000000000,0.00000000000000
mpc-hc64.exe,64292,0x00000000075C5C90,DXGI,0,512,0,17.76991480000000,0.16180000000000,20.45220000000000,1,Hardware: Independent Flip,1.16220000000000,6.24820000000000,15.51360000000000,5.08600000000000,-19.46810000000000,10.26230000000000,0.00000000000000
mpc-hc64.exe,64292,0x00000000075C5C90,DXGI,0,512,0,17.77013440000000,0.08760000000000,0.21960000000000,1,Hardware: Independent Flip,0.99890000000000,11.26540000000000,5.23680000000000,10.26650000000000,0.94260000000000,0.05630000000000,0.00000000000000
mpc-hc64.exe,64292,0x00000000075C5C90,DXGI,0,512,0,17.79046400000000,0.15410000000000,20.32960000000000,1,Hardware: Independent Flip,1.44520000000000,6.46770000000000,15.53190000000000,5.02250000000000,-19.33070000000000,10.18690000000000,0.00000000000000
mpc-hc64.exe,64292,0x00000000075C5C90,DXGI,0,512,0,17.79068710000000,0.12280000000000,0.22310000000000,1,Hardware: Independent Flip,1.28070000000000,11.61840000000000,5.37380000000000,10.33770000000000,1.22210000000000,0.05860000000000,0.00000000000000
mpc-hc64.exe,64292,0x00000000075C5C90,DXGI,0,512,0,17.81149780000000,0.15090000000000,20.81070000000000,1,Hardware: Independent Flip,1.18260000000000,1.18260000000000,10.37490000000000,0.00000000000000,-19.53000000000000,9.97630000000000,0.00000000000000
mpc-hc64.exe,64292,0x00000000075C5C90,DXGI,0,512,0,17.81170590000000,0.08600000000000,0.20810000000000,1,Hardware: Independent Flip,1.02910000000000,11.33530000000000,10.36080000000000,10.30620000000000,0.97450000000000,0.05460000000000,0.00000000000000
mpc-hc64.exe,64292,0x00000000075C5C90,DXGI,0,512,0,17.83228060000000,0.17380000000000,20.57470000000000,1,Hardware: Independent Flip,1.19020000000000,6.42450000000000,15.66390000000000,5.23430000000000,-19.54560000000000,10.22490000000000,0.00000000000000
mpc-hc64.exe,64292,0x00000000075C5C90,DXGI,0,512,0,17.83251260000000,0.08900000000000,0.23200000000000,1,Hardware: Independent Flip,1.01970000000000,11.33420000000000,5.14170000000000,10.31450000000000,0.95820000000000,0.06150000000000,0.00000000000000
mpc-hc64.exe,64292,0x00000000075C5C90,DXGI,0,512,0,17.85314980000000,0.13420000000000,20.63720000000000,1,Hardware: Independent Flip,1.18290000000000,1.18290000000000,10.48590000000000,0.00000000000000,-19.61750000000000,10.20680000000000,0.00000000000000
mpc-hc64.exe,64292,0x00000000075C5C90,DXGI,0,512,0,17.85334500000000,0.08180000000000,0.19520000000000,1,Hardware: Independent Flip,1.04490000000000,11.39740000000000,10.40970000000000,10.35250000000000,0.98770000000000,0.05720000000000,0.00000000000000
mpc-hc64.exe,64292,0x00000000075C5C90,DXGI,0,512,0,17.87401120000000,0.13060000000000,20.66620000000000,1,Hardware: Independent Flip,1.19460000000000,1.19460000000000,10.46340000000000,0.00000000000000,-19.62130000000000,10.19410000000000,0.00000000000000
mpc-hc64.exe,64292,0x00000000075C5C90,DXGI,0,512,0,17.87419590000000,0.11680000000000,0.18470000000000,1,Hardware: Independent Flip,1.06760000000000,11.42700000000000,10.41710000000000,10.35940000000000,1.00990000000000,0.05770000000000,0.00000000000000
mpc-hc64.exe,64292,0x00000000075C5C90,DXGI,0,512,0,17.89491610000000,0.15920000000000,20.72020000000000,1,Hardware: Independent Flip,1.17080000000000,6.06320000000000,15.35640000000000,4.89240000000000,-19.65260000000000,10.16910000000000,0.00000000000000
mpc-hc64.exe,64292,0x00000000075C5C90,DXGI,0,512,0,17.89513270000000,0.08660000000000,0.21660000000000,1,Hardware: Independent Flip,1.01220000000000,11.37040000000000,5.52380000000000,10.35820000000000,0.95420000000000,0.05800000000000,0.00000000000000
mpc-hc64.exe,64292,0x00000000075C5C90,DXGI,0,512,0,17.91549240000000,0.13510000000000,20.35970000000000,1,Hardware: Independent Flip,1.40640000000000,1.40640000000000,10.39570000000000,0.00000000000000,-19.34750000000000,10.23650000000000,0.00000000000000
mpc-hc64.exe,64292,0x00000000075C5C90,DXGI,0,512,0,17.91568220000000,0.09620000000000,0.18980000000000,1,Hardware: Independent Flip,1.27360000000000,11.60500000000000,10.38840000000000,10.33140000000000,1.21660000000000,0.05700000000000,0.00000000000000
mpc-hc64.exe,64292,0x00000000075C5C90,DXGI,0,512,0,17.93760350000000,0.17650000000000,21.92130000000000,1,Hardware: Independent Flip,1.17110000000000,1.17110000000000,11.48740000000000,0.00000000000000,-20.64770000000000,9.29930000000000,0.00000000000000
mpc-hc64.exe,64292,0x00000000075C5C90,DXGI,0,512,0,17.93784060000000,0.08420000000000,0.23710000000000,1,Hardware: Independent Flip,0.99330000000000,11.85280000000000,10.91880000000000,10.85950000000000,0.93400000000000,0.05930000000000,0.00000000000000
mpc-hc64.exe,64292,0x00000000075C5C90,DXGI,0,512,0,17.95721210000000,0.15550000000000,19.37150000000000,1,Hardware: Independent Flip,1.40930000000000,1.40930000000000,8.92800000000000,0.00000000000000,-18.37820000000000,10.28030000000000,0.00000000000000
mpc-hc64.exe,64292,0x00000000075C5C90,DXGI,0,512,0,17.95742330000000,0.07650000000000,0.21120000000000,1,Hardware: Independent Flip,1.26460000000000,11.12300000000000,9.92490000000000,9.85840000000000,1.19810000000000,0.06650000000000,0.00000000000000
mpc-hc64.exe,64292,0x00000000075C5C90,DXGI,0,512,0,17.97833270000000,0.13470000000000,20.90940000000000,1,Hardware: Independent Flip,1.18460000000000,6.05260000000000,15.83900000000000,4.86800000000000,-19.64480000000000,10.18250000000000,0.00000000000000
mpc-hc64.exe,64292,0x00000000075C5C90,DXGI,0,512,0,17.97852090000000,0.08110000000000,0.18820000000000,1,Hardware: Independent Flip,1.05190000000000,11.41990000000000,5.55550000000000,10.36800000000000,0.99640000000000,0.05550000000000,0.00000000000000
mpc-hc64.exe,64292,0x00000000075C5C90,DXGI,0,512,0,17.99917040000000,0.13720000000000,20.64950000000000,1,Hardware: Independent Flip,1.18240000000000,6.63200000000000,15.86160000000000,5.44960000000000,-19.59760000000000,10.03340000000000,0.00000000000000
mpc-hc64.exe,64292,0x00000000075C5C90,DXGI,0,512,0,17.99937900000000,0.09060000000000,0.20860000000000,1,Hardware: Independent Flip,1.03000000000000,11.37230000000000,4.94890000000000,10.34230000000000,0.97380000000000,0.05620000000000,0.00000000000000
mpc-hc64.exe,64292,0x00000000075C5C90,DXGI,0,512,0,18.01968310000000,0.15280000000000,20.30410000000000,1,Hardware: Independent Flip,1.16740000000000,6.61360000000000,15.54540000000000,5.44620000000000,-19.27410000000000,10.17870000000000,0.00000000000000
mpc-hc64.exe,64292,0x00000000075C5C90,DXGI,0,512,0,18.01989460000000,0.08720000000000,0.21150000000000,1,Hardware: Independent Flip,1.02280000000000,11.20680000000000,4.80470000000000,10.18400000000000,0.95590000000000,0.06690000000000,0.00000000000000
mpc-hc64.exe,64292,0x00000000075C5C90,DXGI,0,512,0,18.04077090000000,0.13610000000000,20.87630000000000,1,Hardware: Independent Flip,1.13630000000000,5.89580000000000,15.56530000000000,4.75950000000000,-19.85350000000000,10.37760000000000,0.00000000000000
mpc-hc64.exe,64292,0x00000000075C5C90,DXGI,0,512,0,18.04096960000000,0.08430000000000,0.19870000000000,1,Hardware: Independent Flip,1.00450000000000,11.46270000000000,5.76560000000000,10.45820000000000,0.93760000000000,0.06690000000000,0.00000000000000
mpc-hc64.exe,64292,0x00000000075C5C90,DXGI,0,512,0,18.06141260000000,0.15390000000000,20.44300000000000,1,Hardware: Independent Flip,1.42650000000000,6.95540000000000,15.93570000000000,5.52890000000000,-19.43850000000000,10.46450000000000,0.00000000000000
mpc-hc64.exe,64292,0x00000000075C5C90,DXGI,0,512,0,18.06168810000000,0.08860000000000,0.27550000000000,1,Hardware: Independent Flip,1.21820000000000,11.61430000000000,4.93440000000000,10.39610000000000,1.15100000000000,0.06720000000000,0.00000000000000
mpc-hc64.exe,64292,0x00000000075C5C90,DXGI,0,512,0,18.08223040000000,0.16090000000000,20.54230000000000,1,Hardware: Independent Flip,1.17260000000000,5.69460000000000,14.62260000000000,4.52200000000000,-19.32410000000000,9.98520000000000,0.00000000000000
mpc-hc64.exe,64292,0x00000000075C5C90,DXGI,0,512,0,18.08244930000000,0.08420000000000,0.21890000000000,1,Hardware: Independent Flip,1.03150000000000,11.23580000000000,5.76010000000000,10.20430000000000,0.95370000000000,0.07780000000000,0.00000000000000
mpc-hc64.exe,64292,0x00000000075C5C90,DXGI,0,512,0,18.10316340000000,0.14010000000000,20.71410000000000,1,Hardware: Independent Flip,1.15780000000000,6.06720000000000,15.54550000000000,4.90940000000000,-19.68260000000000,10.14910000000000,0.00000000000000
mpc-hc64.exe,64292,0x00000000075C5C90,DXGI,0,512,0,18.10336350000000,0.09960000000000,0.20010000000000,1,Hardware: Independent Flip,1.03460000000000,11.41080000000000,5.54370000000000,10.37620000000000,0.95770000000000,0.07690000000000,0.00000000000000
mpc-hc64.exe,64292,0x00000000075C5C90,DXGI,0,512,0,18.12410460000000,0.12760000000000,20.74110000000000,1,Hardware: Independent Flip,1.16290000000000,1.16290000000000,10.49320000000000,0.00000000000000,-19.70650000000000,10.11880000000000,0.00000000000000
mpc-hc64.exe,64292,0x00000000075C5C90,DXGI,0,512,0,18.12428570000000,0.08460000000000,0.18110000000000,1,Hardware: Independent Flip,1.05600000000000,11.45080000000000,10.46900000000000,10.39480000000000,0.98180000000000,0.07420000000000,0.00000000000000
mpc-hc64.exe,64292,0x00000000075C5C90,DXGI,0,512,0,18.14475370000000,0.14720000000000,20.46800000000000,1,Hardware: Independent Flip,1.16830000000000,6.63890000000000,15.65610000000000,5.47060000000000,-19.41200000000000,10.05230000000000,0.00000000000000
mpc-hc64.exe,64292,0x00000000075C5C90,DXGI,0,512,0,18.14495290000000,0.08080000000000,0.19920000000000,1,Hardware: Independent Flip,1.03480000000000,11.28920000000000,4.84950000000000,10.25440000000000,0.96910000000000,0.06570000000000,0.00000000000000
mpc-hc64.exe,64292,0x00000000075C5C90,DXGI,0,512,0,18.16634200000000,0.13740000000000,21.38910000000000,1,Hardware: Independent Flip,0.87430000000000,0.87430000000000,10.97420000000000,0.00000000000000,-20.35430000000000,10.35840000000000,0.00000000000000
mpc-hc64.exe,64292,0x00000000075C5C90,DXGI,0,512,0,18.16653380000000,0.08360000000000,0.19180000000000,1,Hardware: Independent Flip,0.74090000000000,11.30530000000000,10.62280000000000,10.56440000000000,0.68250000000000,0.05550000000000,0.00000000000000
mpc-hc64.exe,64292,0x00000000075C5C90,DXGI,0,512,0,18.18656940000000,0.12860000000000,20.03560000000000,1,Hardware: Independent Flip,1.22300000000000,6.03010000000000,14.76040000000000,4.80710000000000,-19.29470000000000,11.02630000000000,0.00000000000000
mpc-hc64.exe,64292,0x00000000075C5C90,DXGI,0,512,0,18.18675310000000,0.08460000000000,0.18370000000000,1,Hardware: Independent Flip,1.09490000000000,11.30740000000000,5.46100000000000,10.21250000000000,1.03930000000000,0.05560000000000,0.00000000000000
mpc-hc64.exe,64292,0x00000000075C5C90,DXGI,0,512,0,18.20773210000000,0.15320000000000,20.97900000000000,1,Hardware: Independent Flip,1.27240000000000,6.52910000000000,16.20070000000000,5.25670000000000,-19.88410000000000,9.57200000000000,0.00000000000000
mpc-hc64.exe,64292,0x00000000075C5C90,DXGI,0,512,0,18.20796400000000,0.08870000000000,0.23190000000000,1,Hardware: Independent Flip,1.09730000000000,11.62920000000000,5.33200000000000,10.53190000000000,1.04050000000000,0.05680000000000,0.00000000000000
mpc-hc64.exe,64292,0x00000000075C5C90,DXGI,0,512,0,18.22819280000000,0.13990000000000,20.22880000000000,1,Hardware: Independent Flip,1.18550000000000,7.01190000000000,15.61150000000000,5.82640000000000,-19.13150000000000,9.98320000000000,0.00000000000000
mpc-hc64.exe,64292,0x00000000075C5C90,DXGI,0,512,0,18.22839040000000,0.08420000000000,0.19760000000000,1,Hardware: Independent Flip,1.04500000000000,11.15430000000000,4.34000000000000,10.10930000000000,0.98790000000000,0.05710000000000,0.00000000000000
mpc-hc64.exe,64292,0x00000000075C5C90,DXGI,0,512,0,18.24889570000000,0.13050000000000,20.50530000000000,1,Hardware: Independent Flip,1.17840000000000,6.08410000000000,15.43510000000000,4.90570000000000,-19.46030000000000,10.11330000000000,0.00000000000000
mpc-hc64.exe,64292,0x00000000075C5C90,DXGI,0,512,0,18.24908210000000,0.09790000000000,0.18640000000000,1,Hardware: Independent Flip,1.06540000000000,11.34410000000000,5.44640000000000,10.27870000000000,0.99200000000000,0.07340000000000,0.00000000000000
mpc-hc64.exe,64292,0x00000000075C5C90,DXGI,0,512,0,18.26984810000000,0.14800000000000,20.76600000000000,1,Hardware: Independent Flip,1.16690000000000,6.33630000000000,15.75820000000000,5.16940000000000,-19.70060000000000,10.10490000000000,0.00000000000000
mpc-hc64.exe,64292,0x00000000075C5C90,DXGI,0,512,0,18.27004910000000,0.08160000000000,0.20100000000000,1,Hardware: Independent Flip,1.04030000000000,11.43260000000000,5.29730000000000,10.39230000000000,0.96590000000000,0.07440000000000,0.00000000000000
mpc-hc64.exe,64292,0x00000000075C5C90,DXGI,0,512,0,18.29051690000000,0.14270000000000,20.46780000000000,1,Hardware: Independent Flip,1.15950000000000,5.47880000000000,14.51400000000000,4.31930000000000,-19.42750000000000,10.08800000000000,0.00000000000000
mpc-hc64.exe,64292,0x00000000075C5C90,DXGI,0,512,0,18.29071680000000,0.08850000000000,0.19990000000000,1,Hardware: Independent Flip,1.03320000000000,11.28580000000000,6.00690000000000,10.25260000000000,0.95960000000000,0.07360000000000,0.00000000000000
mpc-hc64.exe,64292,0x00000000075C5C90,DXGI,0,512,0,18.31155450000000,0.13350000000000,20.83770000000000,1,Hardware: Independent Flip,1.20910000000000,6.30230000000000,15.85420000000000,5.09320000000000,-19.80450000000000,10.23790000000000,0.00000000000000
mpc-hc64.exe,64292,0x00000000075C5C90,DXGI,0,512,0,18.31174400000000,0.09690000000000,0.18950000000000,1,Hardware: Independent Flip,1.07550000000000,11.53500000000000,5.42220000000000,10.45950000000000,1.01960000000000,0.05590000000000,0.00000000000000
mpc-hc64.exe,64292,0x00000000075C5C90,DXGI,0,512,0,18.33244080000000,0.18680000000000,20.69680000000000,1,Hardware: Independent Flip,1.17070000000000,6.67350000000000,15.83530000000000,5.50280000000000,-19.62130000000000,10.09890000000000,0.00000000000000
mpc-hc64.exe,64292,0x00000000075C5C90,DXGI,0,512,0,18.33269770000000,0.09490000000000,0.25690000000000,1,Hardware: Independent Flip,0.97940000000000,11.33830000000000,4.92170000000000,10.35890000000000,0.91380000000000,0.06560000000000,0.00000000000000
mpc-hc64.exe,64292,0x00000000075C5C90,DXGI,0,512,0,18.35305680000000,0.13620000000000,20.35910000000000,1,Hardware: Independent Flip,1.16260000000000,1.16260000000000,10.18340000000000,0.00000000000000,-19.37970000000000,10.16960000000000,0.00000000000000
mpc-hc64.exe,64292,0x00000000075C5C90,DXGI,0,512,0,18.35324930000000,0.08420000000000,0.19250000000000,1,Hardware: Independent Flip,1.03550000000000,11.27040000000000,10.30030000000000,10.23490000000000,0.97010000000000,0.06540000000000,0.00000000000000
mpc-hc64.exe,64292,0x00000000075C5C90,DXGI,0,512,0,18.37419530000000,0.13040000000000,20.94600000000000,1,Hardware: Independent Flip,1.27940000000000,6.40110000000000,16.07670000000000,5.12170000000000,-19.91050000000000,10.37690000000000,0.00000000000000
mpc-hc64.exe,64292,0x00000000075C5C90,DXGI,0,512,0,18.37438300000000,0.09760000000000,0.18770000000000,1,Hardware: Independent Flip,1.14690000000000,11.68830000000000,5.47490000000000,10.54140000000000,1.09170000000000,0.05520000000000,0.00000000000000
mpc-hc64.exe,64292,0x00000000075C5C90,DXGI,0,512,0,18.39467790000000,0.17110000000000,20.29490000000000,1,Hardware: Independent Flip,1.42390000000000,7.12990000000000,15.73650000000000,5.70600000000000,-19.14800000000000,10.14610000000000,0.00000000000000
mpc-hc64.exe,64292,0x00000000075C5C90,DXGI,0,512,0,18.39496930000000,0.08530000000000,0.29140000000000,1,Hardware: Independent Flip,1.19880000000000,11.44860000000000,4.61010000000000,10.24980000000000,1.13250000000000,0.06630000000000,0.00000000000000
mpc-hc64.exe,64292,0x00000000075C5C90,DXGI,0,512,0,18.41558070000000,0.12980000000000,20.61140000000000,1,Hardware: Independent Flip,1.15120000000000,6.35980000000000,15.52260000000000,5.20860000000000,-19.41260000000000,9.92640000000000,0.00000000000000
mpc-hc64.exe,64292,0x00000000075C5C90,DXGI,0,512,0,18.41576630000000,0.08480000000000,0.18560000000000,1,Hardware: Independent Flip,1.02770000000000,11.26240000000000,5.08820000000000,10.23470000000000,0.96560000000000,0.06210000000000,0.00000000000000
mpc-hc64.exe,64292,0x00000000075C5C90,DXGI,0,512,0,18.43665100000000,0.14500000000000,20.88470000000000,1,Hardware: Independent Flip,1.44600000000000,1.44600000000000,11.06830000000000,0.00000000000000,-19.85700000000000,10.63630000000000,0.00000000000000
mpc-hc64.exe,64292,0x00000000075C5C90,DXGI,0,512,0,18.43684960000000,0.09350000000000,0.19860000000000,1,Hardware: Independent Flip,1.32140000000000,11.91860000000000,10.67120000000000,10.59720000000000,1.24740000000000,0.07400000000000,0.00000000000000
mpc-hc64.exe,64292,0x00000000075C5C90,DXGI,0,512,0,18.45735040000000,0.15550000000000,20.50080000000000,1,Hardware: Independent Flip,1.18840000000000,6.66890000000000,15.25110000000000,5.48050000000000,-19.17940000000000,9.82820000000000,0.00000000000000
mpc-hc64.exe,64292,0x00000000075C5C90,DXGI,0,512,0,18.45756310000000,0.08800000000000,0.21270000000000,1,Hardware: Independent Flip,1.03460000000000,11.17660000000000,4.72040000000000,10.14200000000000,0.97570000000000,0.05890000000000,0.00000000000000
mpc-hc64.exe,64292,0x00000000075C5C90,DXGI,0,512,0,18.47797330000000,0.13740000000000,20.41020000000000,1,Hardware: Independent Flip,1.43010000000000,6.46590000000000,15.69950000000000,5.03580000000000,-19.37560000000000,10.22620000000000,0.00000000000000
mpc-hc64.exe,64292,0x00000000075C5C90,DXGI,0,512,0,18.47816690000000,0.11160000000000,0.19360000000000,1,Hardware: Independent Flip,1.29270000000000,11.64270000000000,5.37040000000000,10.35000000000000,1.23650000000000,0.05620000000000,0.00000000000000
mpc-hc64.exe,64292,0x00000000075C5C90,DXGI,0,512,0,18.49930940000000,0.13460000000000,21.14250000000000,1,Hardware: Independent Flip,1.22140000000000,1.22140000000000,10.72120000000000,0.00000000000000,-19.84980000000000,10.13250000000000,0.00000000000000
mpc-hc64.exe,64292,0x00000000075C5C90,DXGI,0,512,0,18.49950020000000,0.08060000000000,0.19080000000000,1,Hardware: Independent Flip,1.08760000000000,11.56930000000000,10.53870000000000,10.48170000000000,1.03060000000000,0.05700000000000,0.00000000000000
mpc-hc64.exe,64292,0x00000000075C5C90,DXGI,0,512,0,18.51977990000000,0.14620000000000,20.27970000000000,1,Hardware: Independent Flip,1.17050000000000,6.83930000000000,15.54970000000000,5.66880000000000,-19.19210000000000,10.08920000000000,0.00000000000000
mpc-hc64.exe,64292,0x00000000075C5C90,DXGI,0,512,0,18.51999430000000,0.08750000000000,0.21440000000000,1,Hardware: Independent Flip,1.02620000000000,11.17080000000000,4.54590000000000,10.14460000000000,0.95610000000000,0.07010000000000,0.00000000000000
mpc-hc64.exe,64292,0x00000000075C5C90,DXGI,0,512,0,18.54095000000000,0.13260000000000,20.95570000000000,1,Hardware: Independent Flip,1.22870000000000,6.05880000000000,15.84370000000000,4.83010000000000,-19.92950000000000,10.44500000000000,0.00000000000000
mpc-hc64.exe,64292,0x00000000075C5C90,DXGI,0,512,0,18.54114000000000,0.08170000000000,0.19000000000000,1,Hardware: Independent Flip,1.09360000000000,11.62140000000000,5.75260000000000,10.52780000000000,1.03870000000000,0.05490000000000,0.00000000000000
mpc-hc64.exe,64292,0x00000000075C5C90,DXGI,0,512,0,18.56145220000000,0.12580000000000,20.31220000000000,1,Hardware: Independent Flip,1.18690000000000,6.92470000000000,15.61550000000000,5.73780000000000,-19.21860000000000,10.13210000000000,0.00000000000000
mpc-hc64.exe,64292,0x00000000075C5C90,DXGI,0,512,0,18.56163170000000,0.08160000000000,0.17950000000000,1,Hardware: Independent Flip,1.08100000000000,11.24250000000000,4.49730000000000,10.16150000000000,1.00740000000000,0.07360000000000,0.00000000000000
mpc-hc64.exe,64292,0x00000000075C5C90,DXGI,0,512,0,18.58292370000000,0.17720000000000,21.29200000000000,1,Hardware: Independent Flip,1.26640000000000,6.19310000000000,16.24260000000000,4.92670000000000,-20.21100000000000,9.66980000000000,0.00000000000000
mpc-hc64.exe,64292,0x00000000075C5C90,DXGI,0,512,0,18.58318080000000,0.10630000000000,0.25710000000000,1,Hardware: Independent Flip,1.06440000000000,11.75650000000000,5.82050000000000,10.69210000000000,1.00930000000000,0.05510000000000,0.00000000000000
mpc-hc64.exe,64292,0x00000000075C5C90,DXGI,0,512,0,18.60312500000000,0.13810000000000,19.94420000000000,1,Hardware: Independent Flip,1.41270000000000,1.41270000000000,9.60040000000000,0.00000000000000,-18.87980000000000,10.42500000000000,0.00000000000000
mpc-hc64.exe,64292,0x00000000075C5C90,DXGI,0,512,0,18.60332180000000,0.08570000000000,0.19680000000000,1,Hardware: Independent Flip,1.28360000000000,11.39400000000000,10.17810000000000,10.11040000000000,1.21590000000000,0.06770000000000,0.00000000000000
mpc-hc64.exe,64292,0x00000000075C5C90,DXGI,0,512,0,18.62391700000000,0.12470000000000,20.59520000000000,1,Hardware: Independent Flip,1.21130000000000,1.21130000000000,10.41250000000000,0.00000000000000,-19.31160000000000,9.91240000000000,0.00000000000000
mpc-hc64.exe,64292,0x00000000075C5C90,DXGI,0,512,0,18.62409320000000,0.07890000000000,0.17620000000000,1,Hardware: Independent Flip,1.08910000000000,11.30560000000000,10.27050000000000,10.21650000000000,1.03510000000000,0.05400000000000,0.00000000000000
mpc-hc64.exe,64292,0x00000000075C5C90,DXGI,0,512,0,18.64481150000000,0.15220000000000,20.71830000000000,1,Hardware: Independent Flip,1.19160000000000,6.03660000000000,15.44930000000000,4.84500000000000,-19.62920000000000,10.11110000000000,0.00000000000000
mpc-hc64.exe,64292,0x00000000075C5C90,DXGI,0,512,0,18.64502040000000,0.27680000000000,0.20890000000000,1,Hardware: Independent Flip,1.16730000000000,11.46580000000000,5.63810000000000,10.29850000000000,0.98270000000000,0.18460000000000,0.00000000000000
mpc-hc64.exe,64292,0x00000000075C5C90,DXGI,0,512,0,18.66590550000000,0.26730000000000,20.88510000000000,1,Hardware: Independent Flip,1.21220000000000,6.39010000000000,15.80940000000000,5.17790000000000,-19.71780000000000,10.30160000000000,0.00000000000000
mpc-hc64.exe,64292,0x00000000075C5C90,DXGI,0,512,0,18.66623710000000,0.09170000000000,0.33160000000000,1,Hardware: Independent Flip,0.93950000000000,11.35450000000000,5.29600000000000,10.41500000000000,0.88060000000000,0.05890000000000,0.00000000000000
mpc-hc64.exe,64292,0x00000000075C5C90,DXGI,0,512,0,18.68740160000000,0.12860000000000,21.16450000000000,1,Hardware: Independent Flip,1.23530000000000,6.68310000000000,16.49310000000000,5.44780000000000,-20.22500000000000,9.70530000000000,0.00000000000000
mpc-hc64.exe,64292,0x00000000075C5C90,DXGI,0,512,0,18.68758140000000,0.07810000000000,0.17980000000000,1,Hardware: Independent Flip,1.10990000000000,11.78770000000000,5.28440000000000,10.67780000000000,1.05550000000000,0.05440000000000,0.00000000000000
mpc-hc64.exe,64292,0x00000000075C5C90,DXGI,0,512,0,18.70718580000000,0.18950000000000,19.60440000000000,1,Hardware: Independent Flip,1.20010000000000,7.74430000000000,15.56100000000000,6.54420000000000,-18.49450000000000,9.89780000000000,0.00000000000000
mpc-hc64.exe,64292,0x00000000075C5C90,DXGI,0,512,0,18.70749940000000,0.14570000000000,0.31360000000000,1,Hardware: Independent Flip,1.07060000000000,10.80540000000000,3.37470000000000,9.73480000000000,0.88650000000000,0.18410000000000,0.00000000000000
mpc-hc64.exe,64292,0x00000000075C5C90,DXGI,0,512,0,18.72817830000000,0.13410000000000,20.67890000000000,1,Hardware: Independent Flip,1.15970000000000,4.60850000000000,14.48200000000000,3.44880000000000,-19.60830000000000,10.27600000000000,0.00000000000000
mpc-hc64.exe,64292,0x00000000075C5C90,DXGI,0,512,0,18.72836790000000,0.09650000000000,0.18960000000000,1,Hardware: Independent Flip,1.03700000000000,11.38540000000000,6.96650000000000,10.34840000000000,0.97010000000000,0.06690000000000,0.00000000000000
mpc-hc64.exe,64292,0x00000000075C5C90,DXGI,0,512,0,18.74886200000000,0.13020000000000,20.49410000000000,1,Hardware: Independent Flip,1.16300000000000,6.48320000000000,15.59190000000000,5.32020000000000,-19.45710000000000,10.12960000000000,0.00000000000000
mpc-hc64.exe,64292,0x00000000075C5C90,DXGI,0,512,0,18.74906180000000,0.08890000000000,0.19980000000000,1,Hardware: Independent Flip,1.03660000000000,11.30490000000000,5.02150000000000,10.26830000000000,0.96320000000000,0.07340000000000,0.00000000000000
mpc-hc64.exe,64292,0x00000000075C5C90,DXGI,0,512,0,18.77006080000000,0.15370000000000,20.99900000000000,1,Hardware: Independent Flip,1.20410000000000,1.20410000000000,10.89820000000000,0.00000000000000,-19.96240000000000,10.40170000000000,0.00000000000000
mpc-hc64.exe,64292,0x00000000075C5C90,DXGI,0,512,0,18.77044260000000,0.21520000000000,0.38180000000000,1,Hardware: Independent Flip,0.87800000000000,11.41520000000000,10.59290000000000,10.53720000000000,0.82230000000000,0.05570000000000,0.00000000000000
mpc-hc64.exe,64292,0x00000000075C5C90,DXGI,0,512,0,18.79058610000000,0.12910000000000,20.14350000000000,1,Hardware: Independent Flip,1.17470000000000,6.81440000000000,15.54270000000000,5.63970000000000,-19.26550000000000,10.34160000000000,0.00000000000000
mpc-hc64.exe,64292,0x00000000075C5C90,DXGI,0,512,0,18.79076860000000,0.10410000000000,0.18250000000000,1,Hardware: Independent Flip,1.05560000000000,11.22810000000000,4.59620000000000,10.17250000000000,0.99220000000000,0.06340000000000,0.00000000000000
mpc-hc64.exe,64292,0x00000000075C5C90,DXGI,0,512,0,18.81150400000000,0.12550000000000,20.73540000000000,1,Hardware: Independent Flip,1.19390000000000,1.19390000000000,10.70120000000000,0.00000000000000,-19.67980000000000,10.14600000000000,0.00000000000000
mpc-hc64.exe,64292,0x00000000075C5C90,DXGI,0,512,0,18.81168280000000,0.07880000000000,0.17880000000000,1,Hardware: Independent Flip,1.06960000000000,11.46150000000000,10.44640000000000,10.39190000000000,1.01510000000000,0.05450000000000,0.00000000000000
mpc-hc64.exe,64292,0x00000000075C5C90,DXGI,0,512,0,18.83221880000000,0.16120000000000,20.53600000000000,1,Hardware: Independent Flip,1.42120000000000,6.25000000000000,15.32450000000000,4.82880000000000,-19.46640000000000,10.24430000000000,0.00000000000000
mpc-hc64.exe,64292,0x00000000075C5C90,DXGI,0,512,0,18.83256180000000,0.14480000000000,0.34300000000000,1,Hardware: Independent Flip,1.13330000000000,11.52510000000000,5.61810000000000,10.39180000000000,1.07820000000000,0.05510000000000,0.00000000000000
mpc-hc64.exe,64292,0x00000000075C5C90,DXGI,0,512,0,18.85312750000000,0.12940000000000,20.56570000000000,1,Hardware: Independent Flip,1.13950000000000,6.55010000000000,15.59070000000000,5.41060000000000,-19.43240000000000,10.07820000000000,0.00000000000000
mpc-hc64.exe,64292,0x00000000075C5C90,DXGI,0,512,0,18.85331190000000,0.07970000000000,0.18440000000000,1,Hardware: Independent Flip,1.02210000000000,11.27150000000000,4.90580000000000,10.24940000000000,0.95510000000000,0.06700000000000,0.00000000000000
mpc-hc64.exe,64292,0x00000000075C5C90,DXGI,0,512,0,18.87390580000000,0.14670000000000,20.59390000000000,1,Hardware: Independent Flip,1.18980000000000,6.29500000000000,15.61740000000000,5.10520000000000,-19.57180000000000,10.05850000000000,0.00000000000000
mpc-hc64.exe,64292,0x00000000075C5C90,DXGI,0,512,0,18.87411370000000,0.08760000000000,0.20790000000000,1,Hardware: Independent Flip,1.03670000000000,11.36330000000000,5.27620000000000,10.32660000000000,0.98190000000000,0.05480000000000,0.00000000000000
mpc-hc64.exe,64292,0x00000000075C5C90,DXGI,0,512,0,18.89491130000000,0.17060000000000,20.79760000000000,1,Hardware: Independent Flip,1.18410000000000,1.18410000000000,10.61840000000000,0.00000000000000,-19.76090000000000,10.17470000000000,0.00000000000000
mpc-hc64.exe,64292,0x00000000075C5C90,DXGI,0,512,0,18.89514140000000,0.08570000000000,0.23010000000000,1,Hardware: Independent Flip,1.00800000000000,11.43410000000000,10.48010000000000,10.42610000000000,0.95400000000000,0.05400000000000,0.00000000000000
mpc-hc64.exe,64292,0x00000000075C5C90,DXGI,0,512,0,18.91552990000000,0.12910000000000,20.38850000000000,1,Hardware: Independent Flip,1.18210000000000,6.58690000000000,15.54130000000000,5.40480000000000,-19.38050000000000,10.06080000000000,0.00000000000000
mpc-hc64.exe,64292,0x00000000075C5C90,DXGI,0,512,0,18.91571400000000,0.08160000000000,0.18410000000000,1,Hardware: Independent Flip,1.06030000000000,11.29430000000000,4.89150000000000,10.23400000000000,0.99800000000000,0.06230000000000,0.00000000000000
mpc-hc64.exe,64292,0x00000000075C5C90,DXGI,0,512,0,18.93622910000000,0.13280000000000,20.51510000000000,1,Hardware: Independent Flip,1.41390000000000,6.40890000000000,15.62970000000000,4.99500000000000,-19.45480000000000,10.23780000000000,0.00000000000000
mpc-hc64.exe,64292,0x00000000075C5C90,DXGI,0,512,0,18.93641400000000,0.08170000000000,0.18490000000000,1,Hardware: Independent Flip,1.29370000000000,11.69370000000000,5.46970000000000,10.40000000000000,1.22900000000000,0.06470000000000,0.00000000000000
mpc-hc64.exe,64292,0x00000000075C5C90,DXGI,0,512,0,18.95735040000000,0.20480000000000,20.93640000000000,1,Hardware: Independent Flip,1.00440000000000,6.08060000000000,15.32330000000000,5.07620000000000,-19.64270000000000,9.75860000000000,0.00000000000000
mpc-hc64.exe,64292,0x00000000075C5C90,DXGI,0,512,0,18.95763180000000,0.12640000000000,0.28140000000000,1,Hardware: Independent Flip,0.78080000000000,11.05610000000000,5.25690000000000,10.27530000000000,0.72300000000000,0.05780000000000,0.00000000000000
mpc-hc64.exe,64292,0x00000000075C5C90,DXGI,0,512,0,18.97816120000000,0.12630000000000,20.52940000000000,1,Hardware: Independent Flip,1.21640000000000,1.21640000000000,10.68970000000000,0.00000000000000,-19.74860000000000,10.47220000000000,0.00000000000000
mpc-hc64.exe,64292,0x00000000075C5C90,DXGI,0,512,0,18.97833990000000,0.08180000000000,0.17870000000000,1,Hardware: Independent Flip,1.09900000000000,11.53430000000000,10.49660000000000,10.43530000000000,1.03770000000000,0.06130000000000,0.00000000000000
mpc-hc64.exe,64292,0x00000000075C5C90,DXGI,0,512,0,18.99911980000000,0.18770000000000,20.77990000000000,1,Hardware: Independent Flip,1.16880000000000,1.16880000000000,10.41440000000000,0.00000000000000,-19.68090000000000,10.13910000000000,0.00000000000000
mpc-hc64.exe,64292,0x00000000075C5C90,DXGI,0,512,0,18.99941890000000,0.09530000000000,0.29910000000000,1,Hardware: Independent Flip,0.92450000000000,11.30290000000000,10.43320000000000,10.37840000000000,0.86970000000000,0.05480000000000,0.00000000000000
mpc-hc64.exe,64292,0x00000000075C5C90,DXGI,0,512,0,19.01984180000000,0.30940000000000,20.42290000000000,1,Hardware: Independent Flip,1.43730000000000,1.43730000000000,10.55730000000000,0.00000000000000,-19.49840000000000,10.34760000000000,0.00000000000000
mpc-hc64.exe,64292,0x00000000075C5C90,DXGI,0,512,0,19.02021970000000,0.09190000000000,0.37790000000000,1,Hardware: Independent Flip,1.14040000000000,11.55520000000000,10.49580000000000,10.41480000000000,1.05940000000000,0.08100000000000,0.00000000000000
mpc-hc64.exe,64292,0x00000000075C5C90,DXGI,0,512,0,19.04133280000000,0.17130000000000,21.11310000000000,1,Hardware: Independent Flip,1.45660000000000,6.23550000000000,15.79340000000000,4.77890000000000,-19.97270000000000,10.95490000000000,0.00000000000000
mpc-hc64.exe,64292,0x00000000075C5C90,DXGI,0,512,0,19.04164420000000,0.08860000000000,0.31140000000000,1,Hardware: Independent Flip,1.22090000000000,11.90120000000000,5.97710000000000,10.68030000000000,1.14520000000000,0.07570000000000,0.00000000000000
mpc-hc64.exe,64292,0x00000000075C5C90,DXGI,0,512,0,19.06160980000000,0.13870000000000,19.96560000000000,1,Hardware: Independent Flip,1.18790000000000,1.18790000000000,9.25230000000000,0.00000000000000,-18.74470000000000,9.92980000000000,0.00000000000000
mpc-hc64.exe,64292,0x00000000075C5C90,DXGI,0,512,0,19.06180570000000,0.08130000000000,0.19590000000000,1,Hardware: Independent Flip,1.05390000000000,10.96830000000000,9.97630000000000,9.91440000000000,0.99200000000000,0.06190000000000,0.00000000000000
mpc-hc64.exe,64292,0x00000000075C5C90,DXGI,0,512,0,19.08261420000000,0.15920000000000,20.80850000000000,1,Hardware: Independent Flip,1.17980000000000,5.79830000000000,15.63850000000000,4.61850000000000,-19.75460000000000,10.42820000000000,0.00000000000000
mpc-hc64.exe,64292,0x00000000075C5C90,DXGI,0,512,0,19.08283130000000,0.08730000000000,0.21710000000000,1,Hardware: Independent Flip,1.02150000000000,11.44100000000000,5.85980000000000,10.41950000000000,0.96270000000000,0.05880000000000,0.00000000000000
mpc-hc64.exe,64292,0x00000000075C5C90,DXGI,0,512,0,19.10339600000000,0.16250000000000,20.56470000000000,1,Hardware: Independent Flip,1.20820000000000,6.53010000000000,15.65380000000000,5.32190000000000,-19.54320000000000,10.45060000000000,0.00000000000000
mpc-hc64.exe,64292,0x00000000075C5C90,DXGI,0,512,0,19.10362590000000,0.09570000000000,0.22990000000000,1,Hardware: Independent Flip,1.03690000000000,11.36730000000000,5.06710000000000,10.33040000000000,0.97830000000000,0.05860000000000,0.00000000000000
mpc-hc64.exe,64292,0x00000000075C5C90,DXGI,0,512,0,19.12598310000000,0.13860000000000,22.35720000000000,1,Hardware: Independent Flip,1.21220000000000,6.50200000000000,17.49190000000000,5.28980000000000,-21.32030000000000,9.82790000000000,0.00000000000000
mpc-hc64.exe,64292,0x00000000075C5C90,DXGI,0,512,0,19.12617590000000,0.08090000000000,0.19280000000000,1,Hardware: Independent Flip,1.07530000000000,12.29390000000000,5.98470000000000,11.21860000000000,1.01940000000000,0.05590000000000,0.00000000000000
mpc-hc64.exe,64292,0x00000000075C5C90,DXGI,0,512,0,19.14501790000000,0.15680000000000,18.84200000000000,1,Hardware: Independent Flip,1.29540000000000,1.53060000000000,8.07870000000000,0.23520000000000,-17.76670000000000,10.29480000000000,0.00000000000000
mpc-hc64.exe,64292,0x00000000075C5C90,DXGI,0,512,0,19.14523000000000,0.08990000000000,0.21210000000000,1,Hardware: Independent Flip,1.13790000000000,10.62230000000000,9.30380000000000,9.48440000000000,1.08330000000000,0.05460000000000,0.00000000000000
mpc-hc64.exe,64292,0x00000000075C5C90,DXGI,0,512,0,19.16552950000000,0.12880000000000,20.29950000000000,1,Hardware: Independent Flip,1.16260000000000,4.76420000000000,14.44140000000000,3.60160000000000,-19.16160000000000,10.08920000000000,0.00000000000000
mpc-hc64.exe,64292,0x00000000075C5C90,DXGI,0,512,0,19.16571120000000,0.08090000000000,0.18170000000000,1,Hardware: Independent Flip,1.05500000000000,11.17650000000000,6.59400000000000,10.12150000000000,0.98090000000000,0.07410000000000,0.00000000000000
mpc-hc64.exe,64292,0x00000000075C5C90,DXGI,0,512,0,19.18645100000000,0.13350000000000,20.73980000000000,1,Hardware: Independent Flip,1.19210000000000,6.09580000000000,15.65910000000000,4.90370000000000,-19.68480000000000,10.16060000000000,0.00000000000000
mpc-hc64.exe,64292,0x00000000075C5C90,DXGI,0,512,0,19.18664190000000,0.08000000000000,0.19090000000000,1,Hardware: Independent Flip,1.06800000000000,11.46890000000000,5.56400000000000,10.40090000000000,1.00120000000000,0.06680000000000,0.00000000000000
mpc-hc64.exe,64292,0x00000000075C5C90,DXGI,0,512,0,19.20730200000000,0.19800000000000,20.66010000000000,1,Hardware: Independent Flip,1.38560000000000,6.65200000000000,15.84320000000000,5.26640000000000,-19.59210000000000,10.38880000000000,0.00000000000000
mpc-hc64.exe,64292,0x00000000075C5C90,DXGI,0,512,0,19.20756010000000,0.08750000000000,0.25810000000000,1,Hardware: Independent Flip,1.18570000000000,11.62500000000000,5.23110000000000,10.43930000000000,1.12750000000000,0.05820000000000,0.00000000000000
mpc-hc64.exe,64292,0x00000000075C5C90,DXGI,0,512,0,19.22812740000000,0.13130000000000,20.56730000000000,1,Hardware: Independent Flip,1.16370000000000,6.58480000000000,15.52710000000000,5.42110000000000,-19.38160000000000,9.93950000000000,0.00000000000000
mpc-hc64.exe,64292,0x00000000075C5C90,DXGI,0,512,0,19.22831300000000,0.10610000000000,0.18560000000000,1,Hardware: Independent Flip,1.05490000000000,11.28580000000000,4.88660000000000,10.23090000000000,0.97810000000000,0.07680000000000,0.00000000000000
mpc-hc64.exe,64292,0x00000000075C5C90,DXGI,0,512,0,19.24890150000000,0.14220000000000,20.58850000000000,1,Hardware: Independent Flip,1.19970000000000,6.33650000000000,15.63920000000000,5.13680000000000,-19.53360000000000,10.19950000000000,0.00000000000000
mpc-hc64.exe,64292,0x00000000075C5C90,DXGI,0,512,0,19.24910270000000,0.08280000000000,0.20120000000000,1,Hardware: Independent Flip,1.06330000000000,11.39410000000000,5.25880000000000,10.33080000000000,0.99850000000000,0.06480000000000,0.00000000000000
mpc-hc64.exe,64292,0x00000000075C5C90,DXGI,0,512,0,19.26988430000000,0.20410000000000,20.78160000000000,1,Hardware: Independent Flip,1.26130000000000,6.27760000000000,15.66510000000000,5.01630000000000,-19.71830000000000,10.41040000000000,0.00000000000000
mpc-hc64.exe,64292,0x00000000075C5C90,DXGI,0,512,0,19.27018320000000,0.11110000000000,0.29890000000000,1,Hardware: Independent Flip,1.02020000000000,11.46050000000000,5.48180000000000,10.44030000000000,0.96240000000000,0.05780000000000,0.00000000000000
mpc-hc64.exe,64292,0x00000000075C5C90,DXGI,0,512,0,19.29075100000000,0.13580000000000,20.56780000000000,1,Hardware: Independent Flip,1.13740000000000,6.15110000000000,15.25840000000000,5.01370000000000,-19.54760000000000,10.07710000000000,0.00000000000000
mpc-hc64.exe,64292,0x00000000075C5C90,DXGI,0,512,0,19.29094030000000,0.08120000000000,0.18930000000000,1,Hardware: Independent Flip,1.02250000000000,11.32520000000000,5.36340000000000,10.30270000000000,0.94810000000000,0.07440000000000,0.00000000000000
mpc-hc64.exe,64292,0x00000000075C5C90,DXGI,0,512,0,19.31142730000000,0.13390000000000,20.48700000000000,1,Hardware: Independent Flip,1.19260000000000,6.47880000000000,15.64060000000000,5.28620000000000,-19.46450000000000,10.23080000000000,0.00000000000000
mpc-hc64.exe,64292,0x00000000075C5C90,DXGI,0,512,0,19.31161740000000,0.10230000000000,0.19010000000000,1,Hardware: Independent Flip,1.06890000000000,11.36030000000000,5.07160000000000,10.29140000000000,1.00250000000000,0.06640000000000,0.00000000000000
mpc-hc64.exe,64292,0x00000000075C5C90,DXGI,0,512,0,19.33228350000000,0.16320000000000,20.66610000000000,1,Hardware: Independent Flip,1.21660000000000,6.22570000000000,15.53150000000000,5.00910000000000,-19.59720000000000,10.17760000000000,0.00000000000000
mpc-hc64.exe,64292,0x00000000075C5C90,DXGI,0,512,0,19.33250770000000,0.11790000000000,0.22420000000000,1,Hardware: Independent Flip,1.04770000000000,11.40680000000000,5.40530000000000,10.35910000000000,0.99240000000000,0.05530000000000,0.00000000000000
mpc-hc64.exe,64292,0x00000000075C5C90,DXGI,0,512,0,19.35309220000000,0.14150000000000,20.58450000000000,1,Hardware: Independent Flip,1.38680000000000,6.59510000000000,15.77280000000000,5.20830000000000,-19.53680000000000,10.22670000000000,0.00000000000000
mpc-hc64.exe,64292,0x00000000075C5C90,DXGI,0,512,0,19.35330810000000,0.08320000000000,0.21590000000000,1,Hardware: Independent Flip,1.22900000000000,11.64160000000000,5.26240000000000,10.41260000000000,1.17090000000000,0.05810000000000,0.00000000000000
mpc-hc64.exe,64292,0x00000000075C5C90,DXGI,0,512,0,19.37376890000000,0.15090000000000,20.46080000000000,1,Hardware: Independent Flip,1.50540000000000,6.82810000000000,15.64730000000000,5.32270000000000,-19.23180000000000,10.13190000000000,0.00000000000000
mpc-hc64.exe,64292,0x00000000075C5C90,DXGI,0,512,0,19.37397480000000,0.14020000000000,0.20590000000000,1,Hardware: Independent Flip,1.35720000000000,11.67850000000000,5.05630000000000,10.32130000000000,1.29950000000000,0.05770000000000,0.00000000000000
mpc-hc64.exe,64292,0x00000000075C5C90,DXGI,0,512,0,19.39488050000000,0.15100000000000,20.90570000000000,1,Hardware: Independent Flip,1.20130000000000,6.47730000000000,15.70450000000000,5.27600000000000,-19.54850000000000,9.99510000000000,0.00000000000000
mpc-hc64.exe,64292,0x00000000075C5C90,DXGI,0,512,0,19.39508840000000,0.08410000000000,0.20790000000000,1,Hardware: Independent Flip,1.06640000000000,11.40150000000000,5.13210000000000,10.33510000000000,0.99340000000000,0.07300000000000,0.00000000000000
mpc-hc64.exe,64292,0x00000000075C5C90,DXGI,0,512,0,19.41613890000000,0.13370000000000,21.05050000000000,1,Hardware: Independent Flip,0.89710000000000,6.10220000000000,15.75120000000000,5.20510000000000,-19.98410000000000,10.16890000000000,0.00000000000000
mpc-hc64.exe,64292,0x00000000075C5C90,DXGI,0,512,0,19.41632930000000,0.08350000000000,0.19040000000000,1,Hardware: Independent Flip,0.76460000000000,11.15580000000000,5.24400000000000,10.39120000000000,0.70670000000000,0.05500000000000,0.00000000000000
mpc-hc64.exe,64292,0x00000000075C5C90,DXGI,0,512,0,19.43670240000000,0.21100000000000,20.37310000000000,1,Hardware: Independent Flip,1.32580000000000,1.32580000000000,10.54310000000000,0.00000000000000,-19.60850000000000,11.05090000000000,0.00000000000000
mpc-hc64.exe,64292,0x00000000075C5C90,DXGI,0,512,0,19.43700990000000,0.10570000000000,0.30750000000000,1,Hardware: Independent Flip,1.07630000000000,11.49340000000000,10.47510000000000,10.41710000000000,1.01830000000000,0.05800000000000,0.00000000000000
mpc-hc64.exe,64292,0x00000000075C5C90,DXGI,0,512,0,19.45765860000000,0.16890000000000,20.64870000000000,1,Hardware: Independent Flip,1.15910000000000,6.38230000000000,15.53760000000000,5.22320000000000,-19.57240000000000,9.96930000000000,0.00000000000000
mpc-hc64.exe,64292,0x00000000075C5C90,DXGI,0,512,0,19.45788240000000,0.08230000000000,0.22380000000000,1,Hardware: Independent Flip,1.01180000000000,11.33590000000000,5.17740000000000,10.32410000000000,0.93530000000000,0.07650000000000,0.00000000000000
mpc-hc64.exe,64292,0x00000000075C5C90,DXGI,0,512,0,19.47799680000000,0.25850000000000,20.11440000000000,1,Hardware: Independent Flip,1.42720000000000,6.87310000000000,15.65160000000000,5.44590000000000,-19.10260000000000,10.34180000000000,0.00000000000000
mpc-hc64.exe,64292,0x00000000075C5C90,DXGI,0,512,0,19.47832400000000,0.10070000000000,0.32720000000000,1,Hardware: Independent Flip,1.15680000000000,11.37540000000000,4.82950000000000,10.21860000000000,1.10000000000000,0.05680000000000,0.00000000000000
mpc-hc64.exe,64292,0x00000000075C5C90,DXGI,0,512,0,19.49947000000000,0.13230000000000,21.14600000000000,1,Hardware: Independent Flip,1.22770000000000,6.26780000000000,16.03840000000000,5.04010000000000,-19.98920000000000,10.69410000000000,0.00000000000000
mpc-hc64.exe,64292,0x00000000075C5C90,DXGI,0,512,0,19.49965740000000,0.07940000000000,0.18740000000000,1,Hardware: Independent Flip,1.10780000000000,11.67860000000000,5.59820000000000,10.57080000000000,1.04030000000000,0.06750000000000,0.00000000000000
mpc-hc64.exe,64292,0x00000000075C5C90,DXGI,0,512,0,19.51987010000000,0.14610000000000,20.21270000000000,1,Hardware: Independent Flip,1.19590000000000,7.04320000000000,15.57730000000000,5.84730000000000,-19.10490000000000,10.08510000000000,0.00000000000000
mpc-hc64.exe,64292,0x00000000075C5C90,DXGI,0,512,0,19.52007430000000,0.07970000000000,0.20420000000000,1,Hardware: Independent Flip,1.04750000000000,11.15000000000000,4.31100000000000,10.10250000000000,0.99170000000000,0.05580000000000,0.00000000000000
mpc-hc64.exe,64292,0x00000000075C5C90,DXGI,0,512,0,19.54056190000000,0.16440000000000,20.48760000000000,1,Hardware: Independent Flip,1.45460000000000,6.50510000000000,15.84270000000000,5.05050000000000,-19.44010000000000,10.32370000000000,0.00000000000000
mpc-hc64.exe,64292,0x00000000075C5C90,DXGI,0,512,0,19.54085690000000,0.08670000000000,0.29500000000000,1,Hardware: Independent Flip,1.21690000000000,11.60810000000000,5.39800000000000,10.39120000000000,1.15960000000000,0.05730000000000,0.00000000000000
mpc-hc64.exe,64292,0x00000000075C5C90,DXGI,0,512,0,19.56140140000000,0.13170000000000,20.54450000000000,1,Hardware: Independent Flip,1.19810000000000,6.34080000000000,15.27720000000000,5.14270000000000,-19.32760000000000,10.00440000000000,0.00000000000000
mpc-hc64.exe,64292,0x00000000075C5C90,DXGI,0,512,0,19.56158620000000,0.07930000000000,0.18480000000000,1,Hardware: Independent Flip,1.06840000000000,11.27800000000000,5.12200000000000,10.20960000000000,1.01330000000000,0.05510000000000,0.00000000000000
mpc-hc64.exe,64292,0x00000000075C5C90,DXGI,0,512,0,19.58230020000000,0.16300000000000,20.71400000000000,1,Hardware: Independent Flip,1.29500000000000,6.15580000000000,15.59180000000000,4.86080000000000,-19.64560000000000,10.20360000000000,0.00000000000000
mpc-hc64.exe,64292,0x00000000075C5C90,DXGI,0,512,0,19.58251910000000,0.08670000000000,0.21890000000000,1,Hardware: Independent Flip,1.13090000000000,11.55400000000000,5.61710000000000,10.42310000000000,1.07610000000000,0.05480000000000,0.00000000000000
mpc-hc64.exe,64292,0x00000000075C5C90,DXGI,0,512,0,19.60336220000000,0.13180000000000,20.84310000000000,1,Hardware: Independent Flip,1.17100000000000,5.46240000000000,14.75150000000000,4.29140000000000,-19.71220000000000,10.49020000000000,0.00000000000000
mpc-hc64.exe,64292,0x00000000075C5C90,DXGI,0,512,0,19.60356620000000,0.08470000000000,0.20400000000000,1,Hardware: Independent Flip,1.04350000000000,11.44280000000000,6.18440000000000,10.39930000000000,0.96700000000000,0.07650000000000,0.00000000000000
mpc-hc64.exe,64292,0x00000000075C5C90,DXGI,0,512,0,19.62396200000000,0.13190000000000,20.39580000000000,1,Hardware: Independent Flip,1.20360000000000,6.58780000000000,15.54080000000000,5.38420000000000,-19.35230000000000,10.12380000000000,0.00000000000000
mpc-hc64.exe,64292,0x00000000075C5C90,DXGI,0,512,0,19.62414870000000,0.07920000000000,0.18670000000000,1,Hardware: Independent Flip,1.07780000000000,11.30850000000000,4.90740000000000,10.23070000000000,1.01690000000000,0.06090000000000,0.00000000000000
mpc-hc64.exe,64292,0x00000000075C5C90,DXGI,0,512,0,19.64488200000000,0.14780000000000,20.73330000000000,1,Hardware: Independent Flip,1.43280000000000,6.41880000000000,15.84360000000000,4.98600000000000,-19.65550000000000,10.38050000000000,0.00000000000000
mpc-hc64.exe,64292,0x00000000075C5C90,DXGI,0,512,0,19.64508290000000,0.09900000000000,0.20090000000000,1,Hardware: Independent Flip,1.28830000000000,11.77780000000000,5.55990000000000,10.48950000000000,1.23190000000000,0.05640000000000,0.00000000000000
mpc-hc64.exe,64292,0x00000000075C5C90,DXGI,0,512,0,19.66562320000000,0.13510000000000,20.54030000000000,1,Hardware: Independent Flip,1.19000000000000,6.78220000000000,15.54470000000000,5.59220000000000,-19.25200000000000,9.76510000000000,0.00000000000000
mpc-hc64.exe,64292,0x00000000075C5C90,DXGI,0,512,0,19.66581380000000,0.08520000000000,0.19060000000000,1,Hardware: Independent Flip,1.05670000000000,11.23070000000000,4.63910000000000,10.17400000000000,0.99940000000000,0.05730000000000,0.00000000000000
mpc-hc64.exe,64292,0x00000000075C5C90,DXGI,0,512,0,19.68645230000000,0.12910000000000,20.63850000000000,1,Hardware: Independent Flip,1.18000000000000,6.21680000000000,15.62460000000000,5.03680000000000,-19.58180000000000,10.18060000000000,0.00000000000000
mpc-hc64.exe,64292,0x00000000075C5C90,DXGI,0,512,0,19.68663480000000,0.07990000000000,0.18250000000000,1,Hardware: Independent Flip,1.05950000000000,11.39300000000000,5.35870000000000,10.33350000000000,0.99750000000000,0.06200000000000,0.00000000000000
mpc-hc64.exe,64292,0x00000000075C5C90,DXGI,0,512,0,19.70719290000000,0.16960000000000,20.55810000000000,1,Hardware: Independent Flip,1.40180000000000,6.46670000000000,15.63180000000000,5.06490000000000,-19.49860000000000,10.21220000000000,0.00000000000000
mpc-hc64.exe,64292,0x00000000075C5C90,DXGI,0,512,0,19.70742240000000,0.08870000000000,0.22950000000000,1,Hardware: Independent Flip,1.24930000000000,11.65710000000000,5.41990000000000,10.40780000000000,1.17230000000000,0.07700000000000,0.00000000000000
mpc-hc64.exe,64292,0x00000000075C5C90,DXGI,0,512,0,19.72828990000000,0.13670000000000,20.86750000000000,1,Hardware: Independent Flip,1.16830000000000,1.16830000000000,10.37870000000000,0.00000000000000,-19.61820000000000,10.03700000000000,0.00000000000000
mpc-hc64.exe,64292,0x00000000075C5C90,DXGI,0,512,0,19.72848240000000,0.08470000000000,0.19250000000000,1,Hardware: Independent Flip,1.03290000000000,11.36010000000000,10.38430000000000,10.32720000000000,0.97580000000000,0.05710000000000,0.00000000000000
mpc-hc64.exe,64292,0x00000000075C5C90,DXGI,0,512,0,19.74892920000000,0.13210000000000,20.44680000000000,1,Hardware: Independent Flip,1.22420000000000,6.46560000000000,15.55230000000000,5.24140000000000,-19.41390000000000,10.03200000000000,0.00000000000000
mpc-hc64.exe,64292,0x00000000075C5C90,DXGI,0,512,0,19.74911710000000,0.08290000000000,0.18790000000000,1,Hardware: Independent Flip,1.10440000000000,11.38520000000000,5.10750000000000,10.28080000000000,1.03630000000000,0.06810000000000,0.00000000000000
mpc-hc64.exe,64292,0x00000000075C5C90,DXGI,0,512,0,19.76982790000000,0.15170000000000,20.71080000000000,1,Hardware: Independent Flip,1.16190000000000,6.25880000000000,15.58440000000000,5.09690000000000,-19.60640000000000,10.22770000000000,0.00000000000000
mpc-hc64.exe,64292,0x00000000075C5C90,DXGI,0,512,0,19.77003760000000,0.08770000000000,0.20970000000000,1,Hardware: Independent Flip,1.02580000000000,11.36980000000000,5.32070000000000,10.34400000000000,0.95220000000000,0.07360000000000,0.00000000000000
mpc-hc64.exe,64292,0x00000000075C5C90,DXGI,0,512,0,19.79061670000000,0.13270000000000,20.57910000000000,1,Hardware: Independent Flip,1.16200000000000,6.41360000000000,15.62290000000000,5.25160000000000,-19.55330000000000,10.15370000000000,0.00000000000000
mpc-hc64.exe,64292,0x00000000075C5C90,DXGI,0,512,0,19.79080250000000,0.08050000000000,0.18580000000000,1,Hardware: Independent Flip,1.04300000000000,11.36410000000000,5.13630000000000,10.32110000000000,0.97620000000000,0.06680000000000,0.00000000000000
mpc-hc64.exe,64292,0x00000000075C5C90,DXGI,0,512,0,19.81129430000000,0.13890000000000,20.49180000000000,1,Hardware: Independent Flip,1.41180000000000,6.65290000000000,15.78060000000000,5.24110000000000,-19.44880000000000,10.19530000000000,0.00000000000000
mpc-hc64.exe,64292,0x00000000075C5C90,DXGI,0,512,0,19.81150300000000,0.12890000000000,0.20870000000000,1,Hardware: Independent Flip,1.27000000000000,11.66390000000000,5.21970000000000,10.39390000000000,1.20310000000000,0.06690000000000,0.00000000000000
mpc-hc64.exe,64292,0x00000000075C5C90,DXGI,0,512,0,19.83293680000000,0.14930000000000,21.43380000000000,1,Hardware: Independent Flip,1.29290000000000,6.48830000000000,16.25820000000000,5.19540000000000,-20.16380000000000,9.65270000000000,0.00000000000000
mpc-hc64.exe,64292,0x00000000075C5C90,DXGI,0,512,0,19.83314580000000,0.08460000000000,0.20900000000000,1,Hardware: Independent Flip,1.13970000000000,11.82040000000000,5.54110000000000,10.68070000000000,1.08390000000000,0.05580000000000,0.00000000000000
mpc-hc64.exe,64292,0x00000000075C5C90,DXGI,0,512,0,19.85307110000000,0.13810000000000,19.92530000000000,1,Hardware: Independent Flip,1.16240000000000,7.42710000000000,15.53200000000000,6.26470000000000,-18.78560000000000,10.04810000000000,0.00000000000000
mpc-hc64.exe,64292,0x00000000075C5C90,DXGI,0,512,0,19.85326570000000,0.08600000000000,0.19460000000000,1,Hardware: Independent Flip,1.03420000000000,10.97230000000000,3.73980000000000,9.93810000000000,0.96780000000000,0.06640000000000,0.00000000000000
mpc-hc64.exe,64292,0x00000000075C5C90,DXGI,0,512,0,19.87397070000000,0.13300000000000,20.70500000000000,1,Hardware: Independent Flip,1.16220000000000,5.89250000000000,15.62520000000000,4.73030000000000,-19.67080000000000,10.13860000000000,0.00000000000000
mpc-hc64.exe,64292,0x00000000075C5C90,DXGI,0,512,0,19.87415830000000,0.08300000000000,0.18760000000000,1,Hardware: Independent Flip,1.04160000000000,11.42080000000000,5.71590000000000,10.37920000000000,0.97460000000000,0.06700000000000,0.00000000000000
mpc-hc64.exe,64292,0x00000000075C5C90,DXGI,0,512,0,19.89468740000000,0.15150000000000,20.52910000000000,1,Hardware: Independent Flip,1.16700000000000,6.20750000000000,15.31580000000000,5.04050000000000,-19.48750000000000,10.17490000000000,0.00000000000000
mpc-hc64.exe,64292,0x00000000075C5C90,DXGI,0,512,0,19.89489260000000,0.10150000000000,0.20520000000000,1,Hardware: Independent Flip,1.02760000000000,11.31790000000000,5.31560000000000,10.29030000000000,0.96180000000000,0.06580000000000,0.00000000000000
mpc-hc64.exe,64292,0x00000000075C5C90,DXGI,0,512,0,19.91595230000000,0.17280000000000,21.05970000000000,1,Hardware: Independent Flip,1.55750000000000,6.64040000000000,16.38220000000000,5.08290000000000,-20.03210000000000,10.67670000000000,0.00000000000000
mpc-hc64.exe,64292,0x00000000075C5C90,DXGI,0,512,0,19.91618130000000,0.11630000000000,0.22900000000000,1,Hardware: Independent Flip,1.38300000000000,12.13180000000000,5.72040000000000,10.74880000000000,1.32850000000000,0.05450000000000,0.00000000000000
mpc-hc64.exe,64292,0x00000000075C5C90,DXGI,0,512,0,19.93643740000000,0.12840000000000,20.25610000000000,1,Hardware: Independent Flip,1.12300000000000,6.42110000000000,14.54540000000000,5.29810000000000,-18.87310000000000,9.88740000000000,0.00000000000000
mpc-hc64.exe,64292,0x00000000075C5C90,DXGI,0,512,0,19.93661870000000,0.07710000000000,0.18130000000000,1,Hardware: Independent Flip,1.00790000000000,10.96920000000000,4.72940000000000,9.96130000000000,0.94170000000000,0.06620000000000,0.00000000000000
mpc-hc64.exe,64292,0x00000000075C5C90,DXGI,0,512,0,19.95738300000000,0.14910000000000,20.76430000000000,1,Hardware: Independent Flip,1.18320000000000,5.73780000000000,15.53290000000000,4.55460000000000,-19.75640000000000,10.22890000000000,0.00000000000000
mpc-hc64.exe,64292,0x00000000075C5C90,DXGI,0,512,0,19.95758620000000,0.08240000000000,0.20320000000000,1,Hardware: Independent Flip,1.04240000000000,11.46110000000000,5.92650000000000,10.41870000000000,0.98000000000000,0.06240000000000,0.00000000000000
mpc-hc64.exe,64292,0x00000000075C5C90,DXGI,0,512,0,19.97853710000000,0.13000000000000,20.95090000000000,1,Hardware: Independent Flip,1.21420000000000,6.55230000000000,16.04210000000000,5.33810000000000,-19.90850000000000,10.30250000000000,0.00000000000000
mpc-hc64.exe,64292,0x00000000075C5C90,DXGI,0,512,0,19.97872100000000,0.08000000000000,0.18390000000000,1,Hardware: Independent Flip,1.08650000000000,11.60210000000000,5.23370000000000,10.51560000000000,1.03030000000000,0.05620000000000,0.00000000000000
mpc-hc64.exe,64292,0x00000000075C5C90,DXGI,0,512,0,19.99899460000000,0.13440000000000,20.27360000000000,1,Hardware: Independent Flip,1.17390000000000,6.79350000000000,15.46500000000000,5.61960000000000,-19.18710000000000,9.99920000000000,0.00000000000000
mpc-hc64.exe,64292,0x00000000075C5C90,DXGI,0,512,0,19.99918630000000,0.10280000000000,0.19170000000000,1,Hardware: Independent Flip,1.05680000000000,11.19680000000000,4.59500000000000,10.14000000000000,0.98220000000000,0.07460000000000,0.00000000000000
