Application,ProcessID,SwapChainAddress,Runtime,SyncInterval,PresentFlags,Dropped,TimeInSeconds,msInPresentAPI,msBetweenPresents,AllowsTearing,PresentMode,msUntilRenderComplete,msUntilDisplayed,msBetweenDisplayChange,msFlipDelay,msUntilRenderStart,msGPUActive,msSinceInput
mpc-hc64.exe,69888,0x00000000078F7300,DXGI,0,512,1,4.83370350000000,0.44410000000000,205.05180000000001,0,Composed: Flip,0.44750000000000,0.00000000000000,0.00000000000000,0.00000000000000,-0.39790000000000,0.11690000000000,0.00000000000000
mpc-hc64.exe,69888,0x00000000078F7300,DXGI,0,512,1,4.62802430000000,0.51790000000000,0.00000000000000,0,Composed: Flip,0.51980000000000,0.00000000000000,0.00000000000000,0.00000000000000,-1297.01510000000007,37.10300000000000,0.00000000000000
mpc-hc64.exe,69888,0x00000000078F7300,DXGI,0,512,1,4.83241940000000,0.15380000000000,204.39510000000001,0,Composed: Flip,0.88620000000000,0.00000000000000,0.00000000000000,0.00000000000000,-196.64590000000001,24.44480000000000,0.00000000000000
mpc-hc64.exe,69888,0x00000000078F7300,DXGI,0,512,1,4.84843510000000,0.13540000000000,16.01570000000000,0,Composed: Flip,0.91080000000000,0.00000000000000,0.00000000000000,0.00000000000000,-11.44680000000000,10.49720000000000,0.00000000000000
mpc-hc64.exe,69888,0x00000000078F7300,DXGI,0,512,0,4.84866210000000,0.76170000000000,0.22700000000000,1,Hardware: Independent Flip,0.76430000000000,15.13860000000000,0.00000000000000,0.00000000000000,0.68380000000000,0.07550000000000,0.00000000000000
mpc-hc64.exe,69888,0x00000000078F7300,DXGI,0,512,0,4.86754190000000,0.17740000000000,18.87980000000000,1,Hardware: Independent Flip,0.96190000000000,1.23570000000000,4.97690000000000,0.27380000000000,-17.09280000000000,11.94070000000000,0.00000000000000
mpc-hc64.exe,69888,0x00000000078F7300,DXGI,0,512,0,4.86777930000000,0.10040000000000,0.23740000000000,1,Hardware: Independent Flip,0.78410000000000,6.56420000000000,5.56590000000000,5.78010000000000,0.72450000000000,0.05700000000000,0.00000000000000
mpc-hc64.exe,69888,0x00000000078F7300,DXGI,0,512,0,4.88134340000000,0.13930000000000,13.56410000000000,1,Hardware: Independent Flip,0.98650000000000,1.84720000000000,8.84710000000000,0.86070000000000,-12.78000000000000,11.86830000000000,0.00000000000000
mpc-hc64.exe,69888,0x00000000078F7300,DXGI,0,512,0,4.88154190000000,0.08660000000000,0.19850000000000,1,Hardware: Independent Flip,0.84860000000000,7.68340000000000,6.03470000000000,6.83480000000000,0.78800000000000,0.05750000000000,0.00000000000000
mpc-hc64.exe,69888,0x00000000078F7300,DXGI,0,512,0,4.89456350000000,0.16280000000000,13.02160000000000,1,Hardware: Independent Flip,0.96780000000000,3.19350000000000,8.53170000000000,2.22570000000000,-12.17300000000000,11.33060000000000,0.00000000000000
mpc-hc64.exe,69888,0x00000000078F7300,DXGI,0,512,0,4.89478620000000,0.09420000000000,0.22270000000000,1,Hardware: Independent Flip,0.80480000000000,7.32420000000000,4.35340000000000,6.51940000000000,0.74510000000000,0.05680000000000,0.00000000000000
mpc-hc64.exe,69888,0x00000000078F7300,DXGI,0,512,0,4.90863550000000,0.22230000000000,13.84930000000000,1,Hardware: Independent Flip,0.96830000000000,2.11470000000000,8.63980000000000,1.14640000000000,-13.04450000000000,11.46540000000000,0.00000000000000
mpc-hc64.exe,69888,0x00000000078F7300,DXGI,0,512,0,4.90891910000000,0.09170000000000,0.28360000000000,1,Hardware: Independent Flip,0.74640000000000,7.70230000000000,5.87120000000000,6.95590000000000,0.68470000000000,0.05880000000000,0.00000000000000
mpc-hc64.exe,69888,0x00000000078F7300,DXGI,0,512,0,4.93803600000000,0.13490000000000,29.11690000000000,1,Hardware: Independent Flip,0.93070000000000,0.93070000000000,22.34530000000000,0.00000000000000,-28.37050000000000,17.56710000000000,0.00000000000000
mpc-hc64.exe,69888,0x00000000078F7300,DXGI,0,512,0,4.93822790000000,0.08710000000000,0.19190000000000,1,Hardware: Independent Flip,0.81460000000000,15.42200000000000,14.68320000000000,14.60740000000000,0.73880000000000,0.07300000000000,0.00000000000000
mpc-hc64.exe,69888,0x00000000078F7300,DXGI,0,512,0,4.96459350000000,0.15710000000000,26.36560000000000,1,Hardware: Independent Flip,0.95640000000000,12.86180000000000,23.80540000000000,11.90540000000000,-25.55100000000000,11.07990000000000,0.00000000000000
mpc-hc64.exe,69888,0x00000000078F7300,DXGI,0,512,0,4.96481070000000,0.08580000000000,0.21720000000000,1,Hardware: Independent Flip,0.79670000000000,14.00140000000000,1.35680000000000,13.20470000000000,0.73920000000000,0.05480000000000,0.00000000000000
mpc-hc64.exe,69888,0x00000000078F7300,DXGI,0,512,0,4.99294560000000,0.14930000000000,28.13490000000000,1,Hardware: Independent Flip,1.06610000000000,1.06610000000000,15.19960000000000,0.00000000000000,-27.33820000000000,11.12300000000000,0.00000000000000
mpc-hc64.exe,69888,0x00000000078F7300,DXGI,0,512,0,4.99315620000000,0.08860000000000,0.21060000000000,1,Hardware: Independent Flip,0.91630000000000,15.06760000000000,14.21210000000000,14.15130000000000,0.85550000000000,0.05790000000000,0.00000000000000
mpc-hc64.exe,69888,0x00000000078F7300,DXGI,0,512,0,5.01955700000000,0.14740000000000,26.40080000000000,1,Hardware: Independent Flip,1.20910000000000,5.46440000000000,16.79760000000000,4.25530000000000,-25.48450000000000,10.87210000000000,0.00000000000000
mpc-hc64.exe,69888,0x00000000078F7300,DXGI,0,512,0,5.01976460000000,0.10480000000000,0.20760000000000,1,Hardware: Independent Flip,1.06460000000000,14.36190000000000,9.10510000000000,13.29730000000000,1.00150000000000,0.06310000000000,0.00000000000000
mpc-hc64.exe,69888,0x00000000078F7300,DXGI,0,512,0,5.04846900000000,0.17870000000000,28.70440000000000,1,Hardware: Independent Flip,1.31250000000000,1.31250000000000,15.65500000000000,0.00000000000000,-27.63980000000000,9.88880000000000,0.00000000000000
mpc-hc64.exe,69888,0x00000000078F7300,DXGI,0,512,0,5.04871160000000,0.11530000000000,0.24260000000000,1,Hardware: Independent Flip,1.14540000000000,15.57870000000000,14.50880000000000,14.43330000000000,1.06990000000000,0.07550000000000,0.00000000000000
mpc-hc64.exe,69888,0x00000000078F7300,DXGI,0,512,0,5.07515790000000,0.17290000000000,26.44630000000000,1,Hardware: Independent Flip,1.18560000000000,12.82490000000000,23.69250000000000,11.63930000000000,-25.30090000000000,10.43560000000000,0.00000000000000
mpc-hc64.exe,69888,0x00000000078F7300,DXGI,0,512,0,5.07539240000000,0.09120000000000,0.23450000000000,1,Hardware: Independent Flip,1.01270000000000,14.20670000000000,1.61630000000000,13.19400000000000,0.95110000000000,0.06160000000000,0.00000000000000
mpc-hc64.exe,69888,0x00000000078F7300,DXGI,0,512,0,5.10346560000000,0.16970000000000,28.07320000000000,1,Hardware: Independent Flip,1.20830000000000,9.54210000000000,23.40860000000000,8.33380000000000,-27.06050000000000,10.12160000000000,0.00000000000000
mpc-hc64.exe,69888,0x00000000078F7300,DXGI,0,512,0,5.10369250000000,0.08700000000000,0.22690000000000,1,Hardware: Independent Flip,1.03770000000000,15.12590000000000,5.81070000000000,14.08820000000000,0.98140000000000,0.05630000000000,0.00000000000000
mpc-hc64.exe,69888,0x00000000078F7300,DXGI,0,512,0,5.13063460000000,0.13950000000000,26.94210000000000,1,Hardware: Independent Flip,1.22020000000000,1.22020000000000,13.03640000000000,0.00000000000000,-25.90440000000000,10.19320000000000,0.00000000000000
mpc-hc64.exe,69888,0x00000000078F7300,DXGI,0,512,0,5.13083460000000,0.21870000000000,0.20000000000000,1,Hardware: Independent Flip,1.07820000000000,14.59070000000000,13.57050000000000,13.51250000000000,1.02020000000000,0.05800000000000,0.00000000000000
mpc-hc64.exe,69888,0x00000000078F7300,DXGI,0,512,0,5.15984630000000,0.15470000000000,29.01170000000000,1,Hardware: Independent Flip,1.18130000000000,3.37020000000000,17.79120000000000,2.18890000000000,-27.93350000000000,10.53140000000000,0.00000000000000
mpc-hc64.exe,69888,0x00000000078F7300,DXGI,0,512,0,5.16006600000000,0.10050000000000,0.21970000000000,1,Hardware: Independent Flip,1.01680000000000,15.52190000000000,12.37140000000000,14.50510000000000,0.96160000000000,0.05520000000000,0.00000000000000
mpc-hc64.exe,69888,0x00000000078F7300,DXGI,0,512,0,5.18627510000000,0.13320000000000,26.20910000000000,1,Hardware: Independent Flip,1.16240000000000,1.16240000000000,11.84960000000000,0.00000000000000,-25.19230000000000,10.12140000000000,0.00000000000000
mpc-hc64.exe,69888,0x00000000078F7300,DXGI,0,512,0,5.18646800000000,0.08890000000000,0.19290000000000,1,Hardware: Independent Flip,1.04390000000000,14.18000000000000,13.21050000000000,13.13610000000000,0.96950000000000,0.07440000000000,0.00000000000000
mpc-hc64.exe,69888,0x00000000078F7300,DXGI,0,512,0,5.21426070000000,0.13830000000000,27.79270000000000,1,Hardware: Independent Flip,1.21240000000000,1.21240000000000,14.82510000000000,0.00000000000000,-26.74880000000000,10.06260000000000,0.00000000000000
mpc-hc64.exe,69888,0x00000000078F7300,DXGI,0,512,0,5.21447010000000,0.09940000000000,0.20940000000000,1,Hardware: Independent Flip,1.06320000000000,14.99140000000000,13.98840000000000,13.92820000000000,1.00300000000000,0.06020000000000,0.00000000000000
mpc-hc64.exe,69888,0x00000000078F7300,DXGI,0,512,0,5.24184720000000,0.16520000000000,27.37710000000000,1,Hardware: Independent Flip,1.20440000000000,1.20440000000000,13.59010000000000,0.00000000000000,-26.31390000000000,9.72700000000000,0.00000000000000
mpc-hc64.exe,69888,0x00000000078F7300,DXGI,0,512,0,5.24207240000000,0.08940000000000,0.22520000000000,1,Hardware: Independent Flip,1.04150000000000,14.75050000000000,13.77130000000000,13.70900000000000,0.97920000000000,0.06230000000000,0.00000000000000
mpc-hc64.exe,69888,0x00000000078F7300,DXGI,0,512,0,5.26955080000000,0.23250000000000,27.47840000000000,1,Hardware: Independent Flip,1.24820000000000,1.24820000000000,13.97610000000000,0.00000000000000,-26.43690000000000,9.80970000000000,0.00000000000000
mpc-hc64.exe,69888,0x00000000078F7300,DXGI,0,512,0,5.26988480000000,0.12470000000000,0.33400000000000,1,Hardware: Independent Flip,0.97430000000000,14.76870000000000,13.85450000000000,13.79440000000000,0.91420000000000,0.06010000000000,0.00000000000000
mpc-hc64.exe,69888,0x00000000078F7300,DXGI,0,512,0,5.29749710000000,0.16510000000000,27.61230000000000,1,Hardware: Independent Flip,1.17160000000000,10.42420000000000,23.26780000000000,9.25260000000000,-26.63800000000000,10.13580000000000,0.00000000000000
mpc-hc64.exe,69888,0x00000000078F7300,DXGI,0,512,0,5.29772380000000,0.09200000000000,0.22670000000000,1,Hardware: Independent Flip,1.00380000000000,14.85060000000000,4.65310000000000,13.84680000000000,0.94490000000000,0.05890000000000,0.00000000000000
mpc-hc64.exe,69888,0x00000000078F7300,DXGI,0,512,0,5.32424230000000,0.13990000000000,26.51850000000000,1,Hardware: Independent Flip,1.14610000000000,3.36020000000000,15.02810000000000,2.21410000000000,-25.51470000000000,10.32010000000000,0.00000000000000
mpc-hc64.exe,69888,0x00000000078F7300,DXGI,0,512,0,5.32444240000000,0.08970000000000,0.20010000000000,1,Hardware: Independent Flip,1.00270000000000,14.28760000000000,11.12750000000000,13.28490000000000,0.94600000000000,0.05670000000000,0.00000000000000
mpc-hc64.exe,69888,0x00000000078F7300,DXGI,0,512,0,5.35157900000000,0.13860000000000,27.13660000000000,1,Hardware: Independent Flip,1.39590000000000,2.38060000000000,15.22960000000000,0.98470000000000,-26.13390000000000,10.20860000000000,0.00000000000000
mpc-hc64.exe,69888,0x00000000078F7300,DXGI,0,512,0,5.35180290000000,0.09500000000000,0.22390000000000,1,Hardware: Independent Flip,1.24700000000000,14.97020000000000,12.81350000000000,13.72320000000000,1.17200000000000,0.07500000000000,0.00000000000000
mpc-hc64.exe,69888,0x00000000078F7300,DXGI,0,512,0,5.38090700000000,0.17970000000000,29.10410000000000,1,Hardware: Independent Flip,1.21730000000000,1.21730000000000,15.35120000000000,0.00000000000000,-27.85710000000000,9.58070000000000,0.00000000000000
mpc-hc64.exe,69888,0x00000000078F7300,DXGI,0,512,0,5.38114530000000,0.09040000000000,0.23830000000000,1,Hardware: Independent Flip,1.03840000000000,15.52390000000000,14.54490000000000,14.48550000000000,0.97900000000000,0.05940000000000,0.00000000000000
mpc-hc64.exe,69888,0x00000000078F7300,DXGI,0,512,0,5.40931100000000,0.14790000000000,28.16570000000000,1,Hardware: Independent Flip,1.23890000000000,11.39300000000000,24.03480000000000,10.15410000000000,-27.12730000000000,10.05280000000000,0.00000000000000
mpc-hc64.exe,69888,0x00000000078F7300,DXGI,0,512,0,5.40969020000000,0.18180000000000,0.37920000000000,1,Hardware: Independent Flip,0.92000000000000,15.05380000000000,4.04000000000000,14.13380000000000,0.85970000000000,0.06030000000000,0.00000000000000
mpc-hc64.exe,69888,0x00000000078F7300,DXGI,0,512,0,5.43607160000000,0.14360000000000,26.38140000000000,1,Hardware: Independent Flip,1.21130000000000,11.74460000000000,23.07220000000000,10.53330000000000,-25.46140000000000,9.96540000000000,0.00000000000000
mpc-hc64.exe,69888,0x00000000078F7300,DXGI,0,512,0,5.43629310000000,0.09770000000000,0.22150000000000,1,Hardware: Independent Flip,1.08280000000000,14.35460000000000,2.83150000000000,13.27180000000000,0.98980000000000,0.09300000000000,0.00000000000000
mpc-hc64.exe,69888,0x00000000078F7300,DXGI,0,512,0,5.46308450000000,0.16140000000000,26.79140000000000,1,Hardware: Independent Flip,1.17830000000000,9.68010000000000,22.11690000000000,8.50180000000000,-25.70860000000000,10.05960000000000,0.00000000000000
mpc-hc64.exe,69888,0x00000000078F7300,DXGI,0,512,0,5.46330390000000,0.08690000000000,0.21940000000000,1,Hardware: Independent Flip,1.01530000000000,14.41110000000000,4.95040000000000,13.39580000000000,0.95890000000000,0.05640000000000,0.00000000000000
mpc-hc64.exe,69888,0x00000000078F7300,DXGI,0,512,0,5.49145420000000,0.13830000000000,28.15030000000000,1,Hardware: Independent Flip,1.19750000000000,9.52310000000000,23.26230000000000,8.32560000000000,-27.13500000000000,9.83020000000000,0.00000000000000
mpc-hc64.exe,69888,0x00000000078F7300,DXGI,0,512,0,5.49165160000000,0.10850000000000,0.19740000000000,1,Hardware: Independent Flip,1.05780000000000,15.17560000000000,5.84990000000000,14.11780000000000,1.00010000000000,0.05770000000000,0.00000000000000
mpc-hc64.exe,69888,0x00000000078F7300,DXGI,0,512,0,5.51959990000000,0.16380000000000,27.94830000000000,1,Hardware: Independent Flip,1.17010000000000,3.56580000000000,16.33850000000000,2.39570000000000,-26.89050000000000,9.83800000000000,0.00000000000000
mpc-hc64.exe,69888,0x00000000078F7300,DXGI,0,512,0,5.51982330000000,0.09630000000000,0.22340000000000,1,Hardware: Independent Flip,1.00530000000000,14.98740000000000,11.64500000000000,13.98210000000000,0.94670000000000,0.05860000000000,0.00000000000000
mpc-hc64.exe,69888,0x00000000078F7300,DXGI,0,512,0,5.54789480000000,0.21360000000000,28.07150000000000,1,Hardware: Independent Flip,1.40850000000000,1.40850000000000,14.49260000000000,0.00000000000000,-27.06620000000000,9.95420000000000,0.00000000000000
mpc-hc64.exe,69888,0x00000000078F7300,DXGI,0,512,0,5.54821690000000,0.12240000000000,0.32210000000000,1,Hardware: Independent Flip,1.14470000000000,15.33120000000000,14.24480000000000,14.18650000000000,1.08640000000000,0.05830000000000,0.00000000000000
mpc-hc64.exe,69888,0x00000000078F7300,DXGI,0,512,0,5.57418270000000,0.14380000000000,25.96580000000000,1,Hardware: Independent Flip,1.17320000000000,4.65680000000000,15.29140000000000,3.48360000000000,-24.82110000000000,9.97870000000000,0.00000000000000
mpc-hc64.exe,69888,0x00000000078F7300,DXGI,0,512,0,5.57439200000000,0.10240000000000,0.20930000000000,1,Hardware: Independent Flip,1.02360000000000,13.97260000000000,9.52510000000000,12.94900000000000,0.96390000000000,0.05970000000000,0.00000000000000
mpc-hc64.exe,69888,0x00000000078F7300,DXGI,0,512,0,5.60333560000000,0.15540000000000,28.94360000000000,1,Hardware: Independent Flip,1.19480000000000,8.66060000000000,23.63160000000000,7.46580000000000,-27.92000000000000,9.76790000000000,0.00000000000000
mpc-hc64.exe,69888,0x00000000078F7300,DXGI,0,512,0,5.60354880000000,0.08870000000000,0.21320000000000,1,Hardware: Independent Flip,1.03790000000000,15.54880000000000,7.10140000000000,14.51090000000000,0.98160000000000,0.05630000000000,0.00000000000000
mpc-hc64.exe,69888,0x00000000078F7300,DXGI,0,512,0,5.63070410000000,0.15170000000000,27.15530000000000,1,Hardware: Independent Flip,1.23580000000000,12.00890000000000,23.61540000000000,10.77310000000000,-26.11740000000000,10.01330000000000,0.00000000000000
mpc-hc64.exe,69888,0x00000000078F7300,DXGI,0,512,0,5.63091500000000,0.08780000000000,0.21090000000000,1,Hardware: Independent Flip,1.08040000000000,14.71110000000000,2.91310000000000,13.63070000000000,1.02490000000000,0.05550000000000,0.00000000000000
mpc-hc64.exe,69888,0x00000000078F7300,DXGI,0,512,0,5.65810580000000,0.15350000000000,27.19080000000000,1,Hardware: Independent Flip,1.20580000000000,10.87310000000000,23.35280000000000,9.66730000000000,-26.11040000000000,9.57850000000000,0.00000000000000
mpc-hc64.exe,69888,0x00000000078F7300,DXGI,0,512,0,5.65831730000000,0.08800000000000,0.21150000000000,1,Hardware: Independent Flip,1.04840000000000,14.66010000000000,3.99850000000000,13.61170000000000,0.99430000000000,0.05410000000000,0.00000000000000
mpc-hc64.exe,69888,0x00000000078F7300,DXGI,0,512,0,5.68658960000000,0.13280000000000,28.27230000000000,1,Hardware: Independent Flip,1.22230000000000,3.50850000000000,17.12070000000000,2.28620000000000,-27.22390000000000,9.73790000000000,0.00000000000000
mpc-hc64.exe,69888,0x00000000078F7300,DXGI,0,512,0,5.68679460000000,0.09150000000000,0.20500000000000,1,Hardware: Independent Flip,1.08350000000000,15.25740000000000,11.95390000000000,14.17390000000000,1.01730000000000,0.06620000000000,0.00000000000000
mpc-hc64.exe,69888,0x00000000078F7300,DXGI,0,512,0,5.71291990000000,0.13140000000000,26.12530000000000,1,Hardware: Independent Flip,1.17370000000000,11.57570000000000,22.44360000000000,10.40200000000000,-25.04180000000000,9.87450000000000,0.00000000000000
mpc-hc64.exe,69888,0x00000000078F7300,DXGI,0,512,0,5.71311380000000,0.08940000000000,0.19390000000000,1,Hardware: Independent Flip,1.03650000000000,14.09730000000000,2.71550000000000,13.06080000000000,0.97980000000000,0.05670000000000,0.00000000000000
mpc-hc64.exe,69888,0x00000000078F7300,DXGI,0,512,0,5.74076900000000,0.17510000000000,27.65520000000000,1,Hardware: Independent Flip,1.15110000000000,9.04250000000000,22.60040000000000,7.89140000000000,-26.61870000000000,10.12010000000000,0.00000000000000
mpc-hc64.exe,69888,0x00000000078F7300,DXGI,0,512,0,5.74103130000000,0.12000000000000,0.26230000000000,1,Hardware: Independent Flip,0.94290000000000,14.77740000000000,5.99720000000000,13.83450000000000,0.88880000000000,0.05410000000000,0.00000000000000
mpc-hc64.exe,69888,0x00000000078F7300,DXGI,0,512,0,5.77487530000000,0.16160000000000,33.84400000000000,1,Hardware: Independent Flip,1.53800000000000,10.16930000000000,29.23590000000000,8.63130000000000,-32.90110000000000,10.45510000000000,0.00000000000000
mpc-hc64.exe,69888,0x00000000078F7300,DXGI,0,512,0,5.77509380000000,0.10250000000000,0.21850000000000,1,Hardware: Independent Flip,1.37470000000000,18.54880000000000,8.59800000000000,17.17410000000000,1.31950000000000,0.05520000000000,0.00000000000000
mpc-hc64.exe,69888,0x00000000078F7300,DXGI,0,512,0,5.79754120000000,0.18470000000000,22.44740000000000,1,Hardware: Independent Flip,1.09500000000000,1.09500000000000,4.99360000000000,0.00000000000000,-21.07270000000000,9.42380000000000,0.00000000000000
mpc-hc64.exe,69888,0x00000000078F7300,DXGI,0,512,0,5.79778590000000,0.09150000000000,0.24470000000000,1,Hardware: Independent Flip,0.90540000000000,11.94200000000000,11.09170000000000,11.03660000000000,0.85030000000000,0.05510000000000,0.00000000000000
mpc-hc64.exe,69888,0x00000000078F7300,DXGI,0,512,0,5.82408000000000,0.13190000000000,26.29410000000000,1,Hardware: Independent Flip,1.18550000000000,1.18550000000000,15.53760000000000,0.00000000000000,-25.38870000000000,10.07080000000000,0.00000000000000
mpc-hc64.exe,69888,0x00000000078F7300,DXGI,0,512,0,5.82427000000000,0.08370000000000,0.19000000000000,1,Hardware: Independent Flip,1.05180000000000,14.28560000000000,13.29010000000000,13.23380000000000,0.99550000000000,0.05630000000000,0.00000000000000
mpc-hc64.exe,69888,0x00000000078F7300,DXGI,0,512,0,5.85284640000000,0.13190000000000,28.57640000000000,1,Hardware: Independent Flip,1.25510000000000,1.49040000000000,15.78120000000000,0.23530000000000,-27.52460000000000,9.64340000000000,0.00000000000000
mpc-hc64.exe,69888,0x00000000078F7300,DXGI,0,512,0,5.85303750000000,0.10060000000000,0.19110000000000,1,Hardware: Independent Flip,1.11870000000000,15.45450000000000,14.15520000000000,14.33580000000000,1.06400000000000,0.05470000000000,0.00000000000000
mpc-hc64.exe,69888,0x00000000078F7300,DXGI,0,512,0,5.88140190000000,0.15390000000000,28.36440000000000,1,Hardware: Independent Flip,1.22830000000000,1.22830000000000,14.13820000000000,0.00000000000000,-27.24570000000000,9.74530000000000,0.00000000000000
mpc-hc64.exe,69888,0x00000000078F7300,DXGI,0,512,0,5.88161320000000,0.08640000000000,0.21130000000000,1,Hardware: Independent Flip,1.07190000000000,15.25570000000000,14.23870000000000,14.18380000000000,1.01700000000000,0.05490000000000,0.00000000000000
mpc-hc64.exe,69888,0x00000000078F7300,DXGI,0,512,0,5.90825930000000,0.13260000000000,26.64610000000000,1,Hardware: Independent Flip,1.20030000000000,1.20030000000000,12.59070000000000,0.00000000000000,-25.57420000000000,9.63100000000000,0.00000000000000
mpc-hc64.exe,69888,0x00000000078F7300,DXGI,0,512,0,5.90844950000000,0.08560000000000,0.19020000000000,1,Hardware: Independent Flip,1.06710000000000,14.40760000000000,13.39750000000000,13.34050000000000,1.01010000000000,0.05700000000000,0.00000000000000
mpc-hc64.exe,69888,0x00000000078F7300,DXGI,0,512,0,5.93598860000000,0.13130000000000,27.53910000000000,1,Hardware: Independent Flip,1.21470000000000,3.42360000000000,16.55510000000000,2.20890000000000,-26.47200000000000,9.53730000000000,0.00000000000000
mpc-hc64.exe,69888,0x00000000078F7300,DXGI,0,512,0,5.93617970000000,0.08430000000000,0.19110000000000,1,Hardware: Independent Flip,1.09720000000000,14.89980000000000,11.66730000000000,13.80260000000000,1.02360000000000,0.07360000000000,0.00000000000000
mpc-hc64.exe,69888,0x00000000078F7300,DXGI,0,512,0,5.96294050000000,0.15170000000000,26.76080000000000,1,Hardware: Independent Flip,1.18340000000000,9.62760000000000,21.48860000000000,8.44420000000000,-25.66360000000000,10.03470000000000,0.00000000000000
mpc-hc64.exe,69888,0x00000000078F7300,DXGI,0,512,0,5.96316500000000,0.09320000000000,0.22450000000000,1,Hardware: Independent Flip,1.02130000000000,14.39630000000000,4.99320000000000,13.37500000000000,0.95890000000000,0.06240000000000,0.00000000000000
mpc-hc64.exe,69888,0x00000000078F7300,DXGI,0,512,0,5.99067250000000,0.15170000000000,27.50750000000000,1,Hardware: Independent Flip,1.17250000000000,1.17250000000000,14.28370000000000,0.00000000000000,-26.48620000000000,9.94470000000000,0.00000000000000
mpc-hc64.exe,69888,0x00000000078F7300,DXGI,0,512,0,5.99088690000000,0.08910000000000,0.21440000000000,1,Hardware: Independent Flip,1.02140000000000,14.80140000000000,13.84330000000000,13.78000000000000,0.95810000000000,0.06330000000000,0.00000000000000
mpc-hc64.exe,69888,0x00000000078F7300,DXGI,0,512,0,6.01937930000000,0.15130000000000,28.49240000000000,1,Hardware: Independent Flip,1.19310000000000,2.74630000000000,16.43730000000000,1.55320000000000,-27.47100000000000,9.66290000000000,0.00000000000000
mpc-hc64.exe,69888,0x00000000078F7300,DXGI,0,512,0,6.01959270000000,0.08920000000000,0.21340000000000,1,Hardware: Independent Flip,1.04810000000000,15.34200000000000,12.80910000000000,14.29390000000000,0.97970000000000,0.06840000000000,0.00000000000000
mpc-hc64.exe,69888,0x00000000078F7300,DXGI,0,512,0,6.04833670000000,0.15590000000000,28.74400000000000,1,Hardware: Independent Flip,1.22580000000000,11.24830000000000,24.65030000000000,10.02250000000000,-27.69590000000000,10.02010000000000,0.00000000000000
mpc-hc64.exe,69888,0x00000000078F7300,DXGI,0,512,0,6.04857790000000,0.10830000000000,0.24120000000000,1,Hardware: Independent Flip,1.04030000000000,15.45220000000000,4.44510000000000,14.41190000000000,0.98460000000000,0.05570000000000,0.00000000000000
mpc-hc64.exe,69888,0x00000000078F7300,DXGI,0,512,0,6.07406530000000,0.13160000000000,25.48740000000000,1,Hardware: Independent Flip,1.20050000000000,11.38050000000000,21.41570000000000,10.18000000000000,-24.44710000000000,10.14440000000000,0.00000000000000
mpc-hc64.exe,69888,0x00000000078F7300,DXGI,0,512,0,6.07425850000000,0.08620000000000,0.19320000000000,1,Hardware: Independent Flip,1.06240000000000,13.83970000000000,2.65240000000000,12.77730000000000,1.00730000000000,0.05510000000000,0.00000000000000
mpc-hc64.exe,69888,0x00000000078F7300,DXGI,0,512,0,6.10189470000000,0.17530000000000,27.63620000000000,1,Hardware: Independent Flip,1.16620000000000,1.16620000000000,14.96270000000000,0.00000000000000,-26.57380000000000,9.93020000000000,0.00000000000000
mpc-hc64.exe,69888,0x00000000078F7300,DXGI,0,512,0,6.10212780000000,0.08730000000000,0.23310000000000,1,Hardware: Independent Flip,0.98800000000000,14.81320000000000,13.88010000000000,13.82520000000000,0.93310000000000,0.05490000000000,0.00000000000000
mpc-hc64.exe,69888,0x00000000078F7300,DXGI,0,512,0,6.12976500000000,0.14070000000000,27.63720000000000,1,Hardware: Independent Flip,1.18670000000000,1.39190000000000,14.21590000000000,0.20520000000000,-26.64920000000000,10.15650000000000,0.00000000000000
mpc-hc64.exe,69888,0x00000000078F7300,DXGI,0,512,0,6.12996770000000,0.08480000000000,0.20270000000000,1,Hardware: Independent Flip,1.03940000000000,14.90400000000000,13.71480000000000,13.86460000000000,0.98400000000000,0.05540000000000,0.00000000000000
mpc-hc64.exe,69888,0x00000000078F7300,DXGI,0,512,0,6.15999340000000,0.15470000000000,30.02570000000000,1,Hardware: Independent Flip,1.16580000000000,2.70050000000000,17.82220000000000,1.53470000000000,-28.98630000000000,10.42280000000000,0.00000000000000
mpc-hc64.exe,69888,0x00000000078F7300,DXGI,0,512,0,6.16021960000000,0.09160000000000,0.22620000000000,1,Hardware: Independent Flip,1.01310000000000,16.04800000000000,13.57370000000000,15.03490000000000,0.93960000000000,0.07350000000000,0.00000000000000
mpc-hc64.exe,69888,0x00000000078F7300,DXGI,0,512,0,6.18655960000000,0.13990000000000,26.34000000000000,1,Hardware: Independent Flip,1.23800000000000,1.23800000000000,11.53000000000000,0.00000000000000,-25.32690000000000,9.79710000000000,0.00000000000000
mpc-hc64.exe,69888,0x00000000078F7300,DXGI,0,512,0,6.18675680000000,0.08540000000000,0.19720000000000,1,Hardware: Independent Flip,1.11250000000000,14.35400000000000,13.31320000000000,13.24150000000000,1.04080000000000,0.07170000000000,0.00000000000000
mpc-hc64.exe,69888,0x00000000078F7300,DXGI,0,512,0,6.21292330000000,0.12920000000000,26.16650000000000,1,Hardware: Independent Flip,1.19250000000000,10.63790000000000,22.45040000000000,9.44540000000000,-25.05400000000000,9.78260000000000,0.00000000000000
mpc-hc64.exe,69888,0x00000000078F7300,DXGI,0,512,0,6.21310810000000,0.08290000000000,0.18480000000000,1,Hardware: Independent Flip,1.06480000000000,14.13440000000000,3.68130000000000,13.06960000000000,1.00770000000000,0.05710000000000,0.00000000000000
mpc-hc64.exe,69888,0x00000000078F7300,DXGI,0,512,0,6.24211680000000,0.14740000000000,29.00870000000000,1,Hardware: Independent Flip,1.25420000000000,2.00830000000000,16.88260000000000,0.75410000000000,-27.94390000000000,9.69970000000000,0.00000000000000
mpc-hc64.exe,69888,0x00000000078F7300,DXGI,0,512,0,6.24231990000000,0.08290000000000,0.20310000000000,1,Hardware: Independent Flip,1.12640000000000,15.67730000000000,13.87210000000000,14.55090000000000,1.05110000000000,0.07530000000000,0.00000000000000
mpc-hc64.exe,69888,0x00000000078F7300,DXGI,0,512,0,6.26917340000000,0.13070000000000,26.85350000000000,1,Hardware: Independent Flip,1.25070000000000,12.09760000000000,23.27380000000000,10.84690000000000,-25.72710000000000,9.44580000000000,0.00000000000000
mpc-hc64.exe,69888,0x00000000078F7300,DXGI,0,512,0,6.26935870000000,0.08240000000000,0.18530000000000,1,Hardware: Independent Flip,1.12060000000000,14.57020000000000,2.65790000000000,13.44960000000000,1.06540000000000,0.05520000000000,0.00000000000000
mpc-hc64.exe,69888,0x00000000078F7300,DXGI,0,512,0,6.29799080000000,0.16860000000000,28.63210000000000,1,Hardware: Independent Flip,1.22070000000000,1.22070000000000,15.28260000000000,0.00000000000000,-27.51150000000000,9.64270000000000,0.00000000000000
mpc-hc64.exe,69888,0x00000000078F7300,DXGI,0,512,0,6.29821830000000,0.08610000000000,0.22750000000000,1,Hardware: Independent Flip,1.06800000000000,15.39230000000000,14.39910000000000,14.32430000000000,0.99320000000000,0.07480000000000,0.00000000000000
mpc-hc64.exe,69888,0x00000000078F7300,DXGI,0,512,0,6.32486220000000,0.14200000000000,26.64390000000000,1,Hardware: Independent Flip,1.24130000000000,12.07550000000000,23.32710000000000,10.83420000000000,-25.57590000000000,9.62850000000000,0.00000000000000
mpc-hc64.exe,69888,0x00000000078F7300,DXGI,0,512,0,6.32506030000000,0.08300000000000,0.19810000000000,1,Hardware: Independent Flip,1.11720000000000,14.48560000000000,2.60820000000000,13.36840000000000,1.04320000000000,0.07400000000000,0.00000000000000
mpc-hc64.exe,69888,0x00000000078F7300,DXGI,0,512,0,6.35252930000000,0.13090000000000,27.46900000000000,1,Hardware: Independent Flip,1.26950000000000,3.29170000000000,16.27510000000000,2.02220000000000,-26.35180000000000,9.56420000000000,0.00000000000000
mpc-hc64.exe,69888,0x00000000078F7300,DXGI,0,512,0,6.35271740000000,0.10260000000000,0.18810000000000,1,Hardware: Independent Flip,1.13630000000000,14.89330000000000,11.78970000000000,13.75700000000000,1.08140000000000,0.05490000000000,0.00000000000000
mpc-hc64.exe,69888,0x00000000078F7300,DXGI,0,512,0,6.38060230000000,0.17940000000000,27.88490000000000,1,Hardware: Independent Flip,0.89570000000000,0.89570000000000,13.88730000000000,0.00000000000000,-26.74860000000000,9.41390000000000,0.00000000000000
mpc-hc64.exe,69888,0x00000000078F7300,DXGI,0,512,0,6.38084630000000,0.10750000000000,0.24400000000000,1,Hardware: Independent Flip,0.72360000000000,14.48500000000000,13.83330000000000,13.76140000000000,0.65170000000000,0.06860000000000,0.00000000000000
mpc-hc64.exe,69888,0x00000000078F7300,DXGI,0,512,0,6.40804580000000,0.12860000000000,27.19950000000000,1,Hardware: Independent Flip,1.22580000000000,2.49770000000000,15.21220000000000,1.27190000000000,-26.47590000000000,10.44000000000000,0.00000000000000
mpc-hc64.exe,69888,0x00000000078F7300,DXGI,0,512,0,6.40823290000000,0.08290000000000,0.18710000000000,1,Hardware: Independent Flip,1.10530000000000,14.91980000000000,12.60920000000000,13.81450000000000,1.03870000000000,0.06660000000000,0.00000000000000
mpc-hc64.exe,69888,0x00000000078F7300,DXGI,0,512,0,6.43613110000000,0.43480000000000,27.89820000000000,1,Hardware: Independent Flip,1.23590000000000,10.54440000000000,23.52280000000000,9.30850000000000,-26.79290000000000,9.68190000000000,0.00000000000000
mpc-hc64.exe,69888,0x00000000078F7300,DXGI,0,512,0,6.43665770000000,0.10720000000000,0.52660000000000,1,Hardware: Independent Flip,0.76460000000000,14.73130000000000,4.71350000000000,13.96670000000000,0.70930000000000,0.05530000000000,0.00000000000000
mpc-hc64.exe,69888,0x00000000078F7300,DXGI,0,512,0,6.46287250000000,0.14390000000000,26.21480000000000,1,Hardware: Independent Flip,1.27490000000000,4.17150000000000,15.65500000000000,2.89660000000000,-25.45020000000000,10.52050000000000,0.00000000000000
mpc-hc64.exe,69888,0x00000000078F7300,DXGI,0,512,0,6.46306960000000,0.07960000000000,0.19710000000000,1,Hardware: Independent Flip,1.13840000000000,14.44470000000000,10.47030000000000,13.30630000000000,1.07780000000000,0.06060000000000,0.00000000000000
mpc-hc64.exe,69888,0x00000000078F7300,DXGI,0,512,0,6.49159340000000,0.20190000000000,28.52380000000000,1,Hardware: Independent Flip,1.20810000000000,1.20810000000000,15.28720000000000,0.00000000000000,-27.38540000000000,9.39360000000000,0.00000000000000
mpc-hc64.exe,69888,0x00000000078F7300,DXGI,0,512,0,6.49187020000000,0.09920000000000,0.27680000000000,1,Hardware: Independent Flip,0.98900000000000,15.23680000000000,14.30550000000000,14.24780000000000,0.93130000000000,0.05770000000000,0.00000000000000
mpc-hc64.exe,69888,0x00000000078F7300,DXGI,0,512,0,6.51852820000000,0.15290000000000,26.65800000000000,1,Hardware: Independent Flip,1.16420000000000,3.08140000000000,14.50260000000000,1.91720000000000,-25.66900000000000,10.07650000000000,0.00000000000000
mpc-hc64.exe,69888,0x00000000078F7300,DXGI,0,512,0,6.51873540000000,0.08340000000000,0.20720000000000,1,Hardware: Independent Flip,1.02350000000000,14.40390000000000,11.52970000000000,13.38040000000000,0.95700000000000,0.06650000000000,0.00000000000000
mpc-hc64.exe,69888,0x00000000078F7300,DXGI,0,512,0,6.54732100000000,0.13050000000000,28.58560000000000,1,Hardware: Independent Flip,1.25270000000000,1.25270000000000,15.43440000000000,0.00000000000000,-27.56210000000000,9.77520000000000,0.00000000000000
mpc-hc64.exe,69888,0x00000000078F7300,DXGI,0,512,0,6.54750480000000,0.08350000000000,0.18380000000000,1,Hardware: Independent Flip,1.12450000000000,15.48640000000000,14.41750000000000,14.36190000000000,1.06890000000000,0.05560000000000,0.00000000000000
mpc-hc64.exe,69888,0x00000000078F7300,DXGI,0,512,0,6.57399950000000,0.12540000000000,26.49470000000000,1,Hardware: Independent Flip,1.21640000000000,4.61680000000000,15.62510000000000,3.40040000000000,-25.37020000000000,9.97100000000000,0.00000000000000
mpc-hc64.exe,69888,0x00000000078F7300,DXGI,0,512,0,6.57418570000000,0.08110000000000,0.18620000000000,1,Hardware: Independent Flip,1.08510000000000,14.33190000000000,9.90130000000000,13.24680000000000,1.03020000000000,0.05490000000000,0.00000000000000
mpc-hc64.exe,69888,0x00000000078F7300,DXGI,0,512,0,6.60254940000000,0.15010000000000,28.36370000000000,1,Hardware: Independent Flip,1.21620000000000,9.12010000000000,23.15190000000000,7.90390000000000,-27.27860000000000,9.41000000000000,0.00000000000000
mpc-hc64.exe,69888,0x00000000078F7300,DXGI,0,512,0,6.60275890000000,0.08540000000000,0.20950000000000,1,Hardware: Independent Flip,1.06210000000000,15.25590000000000,6.34530000000000,14.19380000000000,1.00670000000000,0.05540000000000,0.00000000000000
mpc-hc64.exe,69888,0x00000000078F7300,DXGI,0,512,0,6.63098740000000,0.13290000000000,28.22850000000000,1,Hardware: Independent Flip,1.20800000000000,10.57370000000000,23.54630000000000,9.36570000000000,-27.16640000000000,9.61580000000000,0.00000000000000
mpc-hc64.exe,69888,0x00000000078F7300,DXGI,0,512,0,6.63117570000000,0.08210000000000,0.18830000000000,1,Hardware: Independent Flip,1.07490000000000,15.21510000000000,4.82970000000000,14.14020000000000,1.01970000000000,0.05520000000000,0.00000000000000
mpc-hc64.exe,69888,0x00000000078F7300,DXGI,0,512,0,6.65940360000000,0.15160000000000,28.22790000000000,1,Hardware: Independent Flip,1.22710000000000,11.50280000000000,24.51560000000000,10.27570000000000,-27.15300000000000,9.60280000000000,0.00000000000000
mpc-hc64.exe,69888,0x00000000078F7300,DXGI,0,512,0,6.65961080000000,0.08550000000000,0.20720000000000,1,Hardware: Independent Flip,1.09360000000000,15.24320000000000,3.94760000000000,14.14960000000000,1.01990000000000,0.07370000000000,0.00000000000000
mpc-hc64.exe,69888,0x00000000078F7300,DXGI,0,512,0,6.68599940000000,0.13730000000000,26.38860000000000,1,Hardware: Independent Flip,1.27090000000000,1.27090000000000,12.41630000000000,0.00000000000000,-25.29500000000000,9.59000000000000,0.00000000000000
mpc-hc64.exe,69888,0x00000000078F7300,DXGI,0,512,0,6.68619280000000,0.08630000000000,0.19340000000000,1,Hardware: Independent Flip,1.13210000000000,14.36140000000000,13.28390000000000,13.22930000000000,1.07750000000000,0.05460000000000,0.00000000000000
mpc-hc64.exe,69888,0x00000000078F7300,DXGI,0,512,0,6.71289430000000,0.13130000000000,26.70150000000000,1,Hardware: Independent Flip,1.22970000000000,10.10620000000000,22.44630000000000,8.87650000000000,-25.56940000000000,9.84020000000000,0.00000000000000
mpc-hc64.exe,69888,0x00000000078F7300,DXGI,0,512,0,6.71307850000000,0.09270000000000,0.18420000000000,1,Hardware: Independent Flip,1.10660000000000,14.45870000000000,4.53670000000000,13.35210000000000,1.04550000000000,0.06110000000000,0.00000000000000
mpc-hc64.exe,69888,0x00000000078F7300,DXGI,0,512,0,6.74250240000000,0.14620000000000,29.42390000000000,1,Hardware: Independent Flip,1.21290000000000,1.55250000000000,16.51770000000000,0.33960000000000,-28.31730000000000,9.66310000000000,0.00000000000000
mpc-hc64.exe,69888,0x00000000078F7300,DXGI,0,512,0,6.74270510000000,0.08310000000000,0.20270000000000,1,Hardware: Independent Flip,1.06470000000000,15.77640000000000,14.42660000000000,14.71170000000000,1.01020000000000,0.05450000000000,0.00000000000000
mpc-hc64.exe,69888,0x00000000078F7300,DXGI,0,512,0,6.76932860000000,0.13330000000000,26.62350000000000,1,Hardware: Independent Flip,1.18200000000000,5.53880000000000,16.38590000000000,4.35680000000000,-25.55880000000000,9.51500000000000,0.00000000000000
mpc-hc64.exe,69888,0x00000000078F7300,DXGI,0,512,0,6.76951580000000,0.08120000000000,0.18720000000000,1,Hardware: Independent Flip,1.06560000000000,14.39610000000000,9.04450000000000,13.33050000000000,0.99480000000000,0.07080000000000,0.00000000000000
mpc-hc64.exe,69888,0x00000000078F7300,DXGI,0,512,0,6.79800940000000,0.14640000000000,28.49360000000000,1,Hardware: Independent Flip,1.24070000000000,1.24070000000000,15.33820000000000,0.00000000000000,-27.42800000000000,9.75070000000000,0.00000000000000
mpc-hc64.exe,69888,0x00000000078F7300,DXGI,0,512,0,6.79821090000000,0.07910000000000,0.20150000000000,1,Hardware: Independent Flip,1.09390000000000,15.38260000000000,14.34340000000000,14.28870000000000,1.03920000000000,0.05470000000000,0.00000000000000
mpc-hc64.exe,69888,0x00000000078F7300,DXGI,0,512,0,6.82458980000000,0.25960000000000,26.37890000000000,1,Hardware: Independent Flip,1.35080000000000,1.35080000000000,12.34710000000000,0.00000000000000,-25.28500000000000,10.62390000000000,0.00000000000000
mpc-hc64.exe,69888,0x00000000078F7300,DXGI,0,512,0,6.82493320000000,0.10870000000000,0.34340000000000,1,Hardware: Independent Flip,1.19060000000000,14.39580000000000,13.38840000000000,13.20520000000000,1.00740000000000,0.18320000000000,0.00000000000000
mpc-hc64.exe,69888,0x00000000078F7300,DXGI,0,512,0,6.85371960000000,0.12850000000000,28.78640000000000,1,Hardware: Independent Flip,1.00380000000000,1.00380000000000,15.39440000000000,0.00000000000000,-27.59580000000000,9.92260000000000,0.00000000000000
mpc-hc64.exe,69888,0x00000000078F7300,DXGI,0,512,0,6.85390100000000,0.08050000000000,0.18140000000000,1,Hardware: Independent Flip,0.89800000000000,15.15560000000000,14.33320000000000,14.25760000000000,0.82240000000000,0.07560000000000,0.00000000000000
mpc-hc64.exe,69888,0x00000000078F7300,DXGI,0,512,0,6.88125280000000,0.15030000000000,27.35180000000000,1,Hardware: Independent Flip,1.25310000000000,11.83230000000000,24.02850000000000,10.57920000000000,-26.45380000000000,10.17970000000000,0.00000000000000
mpc-hc64.exe,69888,0x00000000078F7300,DXGI,0,512,0,6.88145620000000,0.08420000000000,0.20340000000000,1,Hardware: Independent Flip,1.12080000000000,14.93390000000000,3.30500000000000,13.81310000000000,1.04970000000000,0.07110000000000,0.00000000000000
mpc-hc64.exe,69888,0x00000000078F7300,DXGI,0,512,0,6.90943520000000,0.13540000000000,27.97900000000000,1,Hardware: Independent Flip,1.27680000000000,11.43780000000000,24.48290000000000,10.16100000000000,-26.85820000000000,10.10280000000000,0.00000000000000
mpc-hc64.exe,69888,0x00000000078F7300,DXGI,0,512,0,6.90962450000000,0.08170000000000,0.18930000000000,1,Hardware: Independent Flip,1.16230000000000,15.18940000000000,3.94090000000000,14.02710000000000,1.08750000000000,0.07480000000000,0.00000000000000
mpc-hc64.exe,69888,0x00000000078F7300,DXGI,0,512,0,6.93736500000000,0.13280000000000,27.74050000000000,1,Hardware: Independent Flip,1.30780000000000,5.05470000000000,17.60580000000000,3.74690000000000,-26.57820000000000,10.21080000000000,0.00000000000000
mpc-hc64.exe,69888,0x00000000078F7300,DXGI,0,512,0,6.93755100000000,0.08110000000000,0.18600000000000,1,Hardware: Independent Flip,1.19440000000000,15.09590000000000,10.22720000000000,13.90150000000000,1.12180000000000,0.07260000000000,0.00000000000000
mpc-hc64.exe,69888,0x00000000078F7300,DXGI,0,512,0,6.96350050000000,0.14730000000000,25.94950000000000,1,Hardware: Independent Flip,1.28250000000000,11.07720000000000,21.93080000000000,9.79470000000000,-24.75510000000000,10.54250000000000,0.00000000000000
mpc-hc64.exe,69888,0x00000000078F7300,DXGI,0,512,0,6.96370200000000,0.08190000000000,0.20150000000000,1,Hardware: Independent Flip,1.13660000000000,14.10740000000000,3.23170000000000,12.97080000000000,1.08100000000000,0.05560000000000,0.00000000000000
mpc-hc64.exe,69888,0x00000000078F7300,DXGI,0,512,0,6.99124500000000,0.13270000000000,27.54300000000000,1,Hardware: Independent Flip,1.26140000000000,1.26140000000000,14.69700000000000,0.00000000000000,-26.40640000000000,10.55190000000000,0.00000000000000
mpc-hc64.exe,69888,0x00000000078F7300,DXGI,0,512,0,6.99143060000000,0.08200000000000,0.18560000000000,1,Hardware: Independent Flip,1.13350000000000,14.91360000000000,13.83780000000000,13.78010000000000,1.07580000000000,0.05770000000000,0.00000000000000
mpc-hc64.exe,69888,0x00000000078F7300,DXGI,0,512,0,7.02061050000000,0.16980000000000,29.17990000000000,1,Hardware: Independent Flip,1.31280000000000,1.31280000000000,15.57910000000000,0.00000000000000,-28.04640000000000,10.18960000000000,0.00000000000000
mpc-hc64.exe,69888,0x00000000078F7300,DXGI,0,512,0,7.02083590000000,0.08230000000000,0.22540000000000,1,Hardware: Independent Flip,1.14200000000000,15.76720000000000,14.67980000000000,14.62520000000000,1.08740000000000,0.05460000000000,0.00000000000000
mpc-hc64.exe,69888,0x00000000078F7300,DXGI,0,512,0,7.04854680000000,0.17210000000000,27.71090000000000,1,Hardware: Independent Flip,1.30790000000000,12.79590000000000,24.73960000000000,11.48800000000000,-26.56890000000000,10.34980000000000,0.00000000000000
mpc-hc64.exe,69888,0x00000000078F7300,DXGI,0,512,0,7.04877530000000,0.08140000000000,0.22850000000000,1,Hardware: Independent Flip,1.14590000000000,15.04650000000000,2.47910000000000,13.90060000000000,1.07940000000000,0.06650000000000,0.00000000000000
mpc-hc64.exe,69888,0x00000000078F7300,DXGI,0,512,0,7.07554970000000,0.14390000000000,26.77440000000000,1,Hardware: Independent Flip,1.25690000000000,1.25690000000000,12.98480000000000,0.00000000000000,-25.62850000000000,10.10340000000000,0.00000000000000
mpc-hc64.exe,69888,0x00000000078F7300,DXGI,0,512,0,7.07576860000000,0.08910000000000,0.21890000000000,1,Hardware: Independent Flip,1.09430000000000,14.48900000000000,13.45100000000000,13.39470000000000,1.03800000000000,0.05630000000000,0.00000000000000
mpc-hc64.exe,69888,0x00000000078F7300,DXGI,0,512,0,7.10324670000000,0.15520000000000,27.47810000000000,1,Hardware: Independent Flip,1.24670000000000,1.24670000000000,14.23580000000000,0.00000000000000,-26.38380000000000,9.94210000000000,0.00000000000000
mpc-hc64.exe,69888,0x00000000078F7300,DXGI,0,512,0,7.10345680000000,0.08600000000000,0.21010000000000,1,Hardware: Independent Flip,1.09160000000000,14.85900000000000,13.82240000000000,13.76740000000000,1.03660000000000,0.05500000000000,0.00000000000000
mpc-hc64.exe,69888,0x00000000078F7300,DXGI,0,512,0,7.13212380000000,0.15650000000000,28.66700000000000,1,Hardware: Independent Flip,1.28800000000000,1.28800000000000,15.09600000000000,0.00000000000000,-27.57540000000000,10.51610000000000,0.00000000000000
mpc-hc64.exe,69888,0x00000000078F7300,DXGI,0,512,0,7.13233940000000,0.08560000000000,0.21560000000000,1,Hardware: Independent Flip,1.13050000000000,15.51280000000000,14.44040000000000,14.38230000000000,1.07240000000000,0.05810000000000,0.00000000000000
mpc-hc64.exe,69888,0x00000000078F7300,DXGI,0,512,0,7.15971190000000,0.15550000000000,27.37250000000000,1,Hardware: Independent Flip,1.26400000000000,1.26400000000000,13.12370000000000,0.00000000000000,-26.24200000000000,10.06620000000000,0.00000000000000
mpc-hc64.exe,69888,0x00000000078F7300,DXGI,0,512,0,7.15992680000000,0.08850000000000,0.21490000000000,1,Hardware: Independent Flip,1.11690000000000,14.83260000000000,13.78350000000000,13.71570000000000,1.04910000000000,0.06780000000000,0.00000000000000
mpc-hc64.exe,69888,0x00000000078F7300,DXGI,0,512,0,7.18741820000000,0.13940000000000,27.49140000000000,1,Hardware: Independent Flip,1.27840000000000,12.04210000000000,24.70090000000000,10.76370000000000,-26.37450000000000,10.23680000000000,0.00000000000000
mpc-hc64.exe,69888,0x00000000078F7300,DXGI,0,512,0,7.18761120000000,0.08540000000000,0.19300000000000,1,Hardware: Independent Flip,1.14090000000000,14.92160000000000,3.07250000000000,13.78070000000000,1.08540000000000,0.05550000000000,0.00000000000000
mpc-hc64.exe,69888,0x00000000078F7300,DXGI,0,512,0,7.21336510000000,0.12940000000000,25.75390000000000,1,Hardware: Independent Flip,1.28180000000000,12.04450000000000,22.87680000000000,10.76270000000000,-24.61300000000000,10.47330000000000,0.00000000000000
mpc-hc64.exe,69888,0x00000000078F7300,DXGI,0,512,0,7.21354560000000,0.07920000000000,0.18050000000000,1,Hardware: Independent Flip,1.15590000000000,14.05800000000000,2.19400000000000,12.90210000000000,1.10130000000000,0.05460000000000,0.00000000000000
mpc-hc64.exe,69888,0x00000000078F7300,DXGI,0,512,0,7.24142300000000,0.15390000000000,27.87740000000000,1,Hardware: Independent Flip,1.20400000000000,2.29100000000000,16.11040000000000,1.08700000000000,-26.72150000000000,9.57690000000000,0.00000000000000
mpc-hc64.exe,69888,0x00000000078F7300,DXGI,0,512,0,7.24163400000000,0.08180000000000,0.21100000000000,1,Hardware: Independent Flip,1.04840000000000,14.96440000000000,12.88440000000000,13.91600000000000,0.99300000000000,0.05540000000000,0.00000000000000
mpc-hc64.exe,69888,0x00000000078F7300,DXGI,0,512,0,7.26970650000000,0.12970000000000,28.07250000000000,1,Hardware: Independent Flip,1.22270000000000,3.47910000000000,16.58720000000000,2.25640000000000,-27.02410000000000,10.01460000000000,0.00000000000000
mpc-hc64.exe,69888,0x00000000078F7300,DXGI,0,512,0,7.26989100000000,0.07940000000000,0.18450000000000,1,Hardware: Independent Flip,1.10620000000000,15.19210000000000,11.89750000000000,14.08590000000000,1.03820000000000,0.06800000000000,0.00000000000000
mpc-hc64.exe,69888,0x00000000078F7300,DXGI,0,512,0,7.29812650000000,0.14820000000000,28.23550000000000,1,Hardware: Independent Flip,1.28940000000000,10.52350000000000,23.56690000000000,9.23410000000000,-27.12930000000000,9.79990000000000,0.00000000000000
mpc-hc64.exe,69888,0x00000000078F7300,DXGI,0,512,0,7.29832690000000,0.08100000000000,0.20040000000000,1,Hardware: Independent Flip,1.15120000000000,15.31070000000000,4.98760000000000,14.15950000000000,1.08900000000000,0.06220000000000,0.00000000000000
mpc-hc64.exe,69888,0x00000000078F7300,DXGI,0,512,0,7.32421530000000,0.13960000000000,25.88840000000000,1,Hardware: Independent Flip,1.19110000000000,1.19110000000000,11.76880000000000,0.00000000000000,-24.73720000000000,9.84890000000000,0.00000000000000
mpc-hc64.exe,69888,0x00000000078F7300,DXGI,0,512,0,7.32441180000000,0.08250000000000,0.19650000000000,1,Hardware: Independent Flip,1.05510000000000,13.96710000000000,12.97250000000000,12.91200000000000,0.99460000000000,0.06050000000000,0.00000000000000
mpc-hc64.exe,69888,0x00000000078F7300,DXGI,0,512,0,7.35200230000000,0.13760000000000,27.59050000000000,1,Hardware: Independent Flip,1.17440000000000,1.97180000000000,15.59520000000000,0.79740000000000,-26.53540000000000,10.10660000000000,0.00000000000000
mpc-hc64.exe,69888,0x00000000078F7300,DXGI,0,512,0,7.35219600000000,0.08060000000000,0.19370000000000,1,Hardware: Independent Flip,1.03600000000000,14.84530000000000,13.06720000000000,13.80930000000000,0.98070000000000,0.05530000000000,0.00000000000000
mpc-hc64.exe,69888,0x00000000078F7300,DXGI,0,512,0,7.38133990000000,0.15560000000000,29.14390000000000,1,Hardware: Independent Flip,1.20800000000000,1.20800000000000,15.50660000000000,0.00000000000000,-28.10790000000000,9.67840000000000,0.00000000000000
mpc-hc64.exe,69888,0x00000000078F7300,DXGI,0,512,0,7.38155100000000,0.08260000000000,0.21110000000000,1,Hardware: Independent Flip,1.07310000000000,15.68950000000000,14.69260000000000,14.61640000000000,0.99690000000000,0.07620000000000,0.00000000000000
mpc-hc64.exe,69888,0x00000000078F7300,DXGI,0,512,0,7.40837950000000,0.14190000000000,26.82850000000000,1,Hardware: Independent Flip,1.21810000000000,4.64530000000000,15.78430000000000,3.42720000000000,-25.75540000000000,9.57780000000000,0.00000000000000
mpc-hc64.exe,69888,0x00000000078F7300,DXGI,0,512,0,7.40862170000000,0.09430000000000,0.24220000000000,1,Hardware: Independent Flip,1.04760000000000,14.47550000000000,10.07240000000000,13.42790000000000,0.97590000000000,0.07170000000000,0.00000000000000
mpc-hc64.exe,69888,0x00000000078F7300,DXGI,0,512,0,7.43637300000000,0.16480000000000,27.75130000000000,1,Hardware: Independent Flip,1.18090000000000,1.18090000000000,14.45670000000000,0.00000000000000,-26.70370000000000,9.48610000000000,0.00000000000000
mpc-hc64.exe,69888,0x00000000078F7300,DXGI,0,512,0,7.43660880000000,0.08550000000000,0.23580000000000,1,Hardware: Independent Flip,1.00420000000000,14.89580000000000,13.95070000000000,13.89160000000000,0.94510000000000,0.05910000000000,0.00000000000000
mpc-hc64.exe,69888,0x00000000078F7300,DXGI,0,512,0,7.46352890000000,0.15920000000000,26.92010000000000,1,Hardware: Independent Flip,1.17670000000000,3.49010000000000,15.51440000000000,2.31340000000000,-25.91590000000000,10.50460000000000,0.00000000000000
mpc-hc64.exe,69888,0x00000000078F7300,DXGI,0,512,0,7.46374410000000,0.08280000000000,0.21520000000000,1,Hardware: Independent Flip,1.01950000000000,14.51620000000000,11.24130000000000,13.49670000000000,0.96150000000000,0.05800000000000,0.00000000000000
mpc-hc64.exe,69888,0x00000000078F7300,DXGI,0,512,0,7.49204370000000,0.14800000000000,28.29960000000000,1,Hardware: Independent Flip,1.18460000000000,1.18460000000000,14.96800000000000,0.00000000000000,-27.28010000000000,10.06430000000000,0.00000000000000
mpc-hc64.exe,69888,0x00000000078F7300,DXGI,0,512,0,7.49224660000000,0.08200000000000,0.20290000000000,1,Hardware: Independent Flip,1.04200000000000,15.22370000000000,14.24200000000000,14.18170000000000,0.98170000000000,0.06030000000000,0.00000000000000
mpc-hc64.exe,69888,0x00000000078F7300,DXGI,0,512,0,7.51920150000000,0.17220000000000,26.95490000000000,1,Hardware: Independent Flip,1.20890000000000,11.13260000000000,22.86380000000000,9.92370000000000,-25.91290000000000,9.63880000000000,0.00000000000000
mpc-hc64.exe,69888,0x00000000078F7300,DXGI,0,512,0,7.51943140000000,0.08570000000000,0.22990000000000,1,Hardware: Independent Flip,1.03520000000000,14.54830000000000,3.64560000000000,13.51310000000000,0.97900000000000,0.05620000000000,0.00000000000000
mpc-hc64.exe,69888,0x00000000078F7300,DXGI,0,512,0,7.54788000000000,0.12780000000000,28.44860000000000,1,Hardware: Independent Flip,1.33360000000000,9.91500000000000,23.81530000000000,8.58140000000000,-27.41340000000000,9.73600000000000,0.00000000000000
mpc-hc64.exe,69888,0x00000000078F7300,DXGI,0,512,0,7.54807520000000,0.08100000000000,0.19520000000000,1,Hardware: Independent Flip,1.19220000000000,15.51290000000000,5.79310000000000,14.32070000000000,1.13840000000000,0.05380000000000,0.00000000000000
mpc-hc64.exe,69888,0x00000000078F7300,DXGI,0,512,0,7.57427180000000,0.13180000000000,26.19660000000000,1,Hardware: Independent Flip,1.17160000000000,11.78910000000000,22.47280000000000,10.61750000000000,-25.00440000000000,9.99860000000000,0.00000000000000
mpc-hc64.exe,69888,0x00000000078F7300,DXGI,0,512,0,7.57445820000000,0.08430000000000,0.18640000000000,1,Hardware: Independent Flip,1.06080000000000,14.10620000000000,2.50350000000000,13.04540000000000,0.98520000000000,0.07560000000000,0.00000000000000
mpc-hc64.exe,69888,0x00000000078F7300,DXGI,0,512,0,7.60227150000000,0.29520000000000,27.81330000000000,1,Hardware: Independent Flip,1.43920000000000,9.26950000000000,22.97660000000000,7.83030000000000,-26.75250000000000,10.32990000000000,0.00000000000000
mpc-hc64.exe,69888,0x00000000078F7300,DXGI,0,512,0,7.60263500000000,0.09790000000000,0.36350000000000,1,Hardware: Independent Flip,1.13390000000000,15.17520000000000,6.26920000000000,14.04130000000000,1.07570000000000,0.05820000000000,0.00000000000000
mpc-hc64.exe,69888,0x00000000078F7300,DXGI,0,512,0,7.63087490000000,0.13180000000000,28.23990000000000,1,Hardware: Independent Flip,1.21370000000000,10.38720000000000,23.45190000000000,9.17350000000000,-27.10600000000000,9.59660000000000,0.00000000000000
mpc-hc64.exe,69888,0x00000000078F7300,DXGI,0,512,0,7.63108850000000,0.08990000000000,0.21360000000000,1,Hardware: Independent Flip,1.11090000000000,15.21200000000000,5.03840000000000,14.10110000000000,1.00010000000000,0.11080000000000,0.00000000000000
mpc-hc64.exe,69888,0x00000000078F7300,DXGI,0,512,0,7.65826710000000,0.15030000000000,27.17860000000000,1,Hardware: Independent Flip,1.27910000000000,10.43250000000000,22.39910000000000,9.15340000000000,-26.06770000000000,9.48070000000000,0.00000000000000
mpc-hc64.exe,69888,0x00000000078F7300,DXGI,0,512,0,7.65847560000000,0.08890000000000,0.20850000000000,1,Hardware: Independent Flip,1.13260000000000,14.76070000000000,4.53670000000000,13.62810000000000,1.07060000000000,0.06200000000000,0.00000000000000
mpc-hc64.exe,69888,0x00000000078F7300,DXGI,0,512,0,7.68731430000000,0.12820000000000,28.83870000000000,1,Hardware: Independent Flip,1.21720000000000,10.27770000000000,24.35570000000000,9.06050000000000,-27.70610000000000,9.67730000000000,0.00000000000000
mpc-hc64.exe,69888,0x00000000078F7300,DXGI,0,512,0,7.68749530000000,0.10650000000000,0.18100000000000,1,Hardware: Independent Flip,1.12730000000000,15.53870000000000,5.44200000000000,14.41140000000000,1.03620000000000,0.09110000000000,0.00000000000000
mpc-hc64.exe,69888,0x00000000078F7300,DXGI,0,512,0,7.71313530000000,0.12940000000000,25.64000000000000,1,Hardware: Independent Flip,1.17430000000000,4.44590000000000,14.54720000000000,3.27160000000000,-24.51270000000000,10.00120000000000,0.00000000000000
mpc-hc64.exe,69888,0x00000000078F7300,DXGI,0,512,0,7.71332330000000,0.07970000000000,0.18800000000000,1,Hardware: Independent Flip,1.04670000000000,13.84270000000000,9.58480000000000,12.79600000000000,0.98630000000000,0.06040000000000,0.00000000000000
mpc-hc64.exe,69888,0x00000000078F7300,DXGI,0,512,0,7.74178990000000,0.23990000000000,28.46660000000000,1,Hardware: Independent Flip,1.24710000000000,1.24710000000000,15.87100000000000,0.00000000000000,-27.41990000000000,9.65290000000000,0.00000000000000
mpc-hc64.exe,69888,0x00000000078F7300,DXGI,0,512,0,7.74209600000000,0.09420000000000,0.30610000000000,1,Hardware: Independent Flip,0.99490000000000,15.28220000000000,14.34120000000000,14.28730000000000,0.94100000000000,0.05390000000000,0.00000000000000
mpc-hc64.exe,69888,0x00000000078F7300,DXGI,0,512,0,7.77338360000000,0.13550000000000,31.28760000000000,1,Hardware: Independent Flip,1.21630000000000,1.21630000000000,17.22170000000000,0.00000000000000,-30.29270000000000,9.89760000000000,0.00000000000000
mpc-hc64.exe,69888,0x00000000078F7300,DXGI,0,512,0,7.77367890000000,0.16110000000000,0.29530000000000,1,Hardware: Independent Flip,0.97740000000000,16.68330000000000,15.76230000000000,15.70590000000000,0.92100000000000,0.05640000000000,0.00000000000000
mpc-hc64.exe,69888,0x00000000078F7300,DXGI,0,512,0,7.79762880000000,0.15030000000000,23.94990000000000,1,Hardware: Independent Flip,1.23930000000000,1.23930000000000,8.50590000000000,0.00000000000000,-22.97250000000000,9.81160000000000,0.00000000000000
mpc-hc64.exe,69888,0x00000000078F7300,DXGI,0,512,0,7.79783470000000,0.09560000000000,0.20590000000000,1,Hardware: Independent Flip,1.08850000000000,13.13900000000000,12.10560000000000,12.05050000000000,1.03340000000000,0.05510000000000,0.00000000000000
mpc-hc64.exe,69888,0x00000000078F7300,DXGI,0,512,0,7.82415340000000,0.12710000000000,26.31870000000000,1,Hardware: Independent Flip,1.16530000000000,1.34290000000000,14.52260000000000,0.17760000000000,-25.23020000000000,10.01010000000000,0.00000000000000
mpc-hc64.exe,69888,0x00000000078F7300,DXGI,0,512,0,7.82433280000000,0.08000000000000,0.17940000000000,1,Hardware: Independent Flip,1.05260000000000,14.21290000000000,13.04940000000000,13.16030000000000,0.98590000000000,0.06670000000000,0.00000000000000
mpc-hc64.exe,69888,0x00000000078F7300,DXGI,0,512,0,7.85199620000000,0.14890000000000,27.66340000000000,1,Hardware: Independent Flip,1.16040000000000,1.98390000000000,15.43440000000000,0.82350000000000,-26.61080000000000,10.13040000000000,0.00000000000000
mpc-hc64.exe,69888,0x00000000078F7300,DXGI,0,512,0,7.85220380000000,0.08440000000000,0.20760000000000,1,Hardware: Independent Flip,1.02620000000000,14.87090000000000,13.09460000000000,13.84470000000000,0.95280000000000,0.07340000000000,0.00000000000000
mpc-hc64.exe,69888,0x00000000078F7300,DXGI,0,512,0,7.88052550000000,0.16430000000000,28.32170000000000,1,Hardware: Independent Flip,1.26770000000000,2.64610000000000,16.09690000000000,1.37840000000000,-27.29550000000000,9.59440000000000,0.00000000000000
mpc-hc64.exe,69888,0x00000000078F7300,DXGI,0,512,0,7.88074940000000,0.10590000000000,0.22390000000000,1,Hardware: Independent Flip,1.10080000000000,15.33490000000000,12.91270000000000,14.23410000000000,1.04380000000000,0.05700000000000,0.00000000000000
mpc-hc64.exe,69888,0x00000000078F7300,DXGI,0,512,0,7.90828390000000,0.13160000000000,27.53450000000000,1,Hardware: Independent Flip,1.25590000000000,10.94140000000000,23.14100000000000,9.68550000000000,-26.43370000000000,9.65940000000000,0.00000000000000
mpc-hc64.exe,69888,0x00000000078F7300,DXGI,0,512,0,7.90846900000000,0.08080000000000,0.18510000000000,1,Hardware: Independent Flip,1.12580000000000,14.92550000000000,4.16920000000000,13.79970000000000,1.07080000000000,0.05500000000000,0.00000000000000
mpc-hc64.exe,69888,0x00000000078F7300,DXGI,0,512,0,7.93677440000000,0.13010000000000,28.30540000000000,1,Hardware: Independent Flip,1.19280000000000,10.38850000000000,23.76840000000000,9.19570000000000,-27.17960000000000,9.55290000000000,0.00000000000000
mpc-hc64.exe,69888,0x00000000078F7300,DXGI,0,512,0,7.93695550000000,0.08370000000000,0.18110000000000,1,Hardware: Independent Flip,1.07740000000000,15.22720000000000,5.01980000000000,14.14980000000000,1.01170000000000,0.06570000000000,0.00000000000000
mpc-hc64.exe,69888,0x00000000078F7300,DXGI,0,512,0,7.96310140000000,0.15100000000000,26.14590000000000,1,Hardware: Independent Flip,1.16560000000000,11.59320000000000,22.51190000000000,10.42760000000000,-25.06850000000000,10.05660000000000,0.00000000000000
mpc-hc64.exe,69888,0x00000000078F7300,DXGI,0,512,0,7.96330900000000,0.08210000000000,0.20760000000000,1,Hardware: Independent Flip,1.02390000000000,14.10480000000000,2.71920000000000,13.08090000000000,0.95800000000000,0.06590000000000,0.00000000000000
mpc-hc64.exe,69888,0x00000000078F7300,DXGI,0,512,0,7.99141220000000,0.12890000000000,28.10320000000000,1,Hardware: Independent Flip,1.23820000000000,9.16290000000000,23.16130000000000,7.92470000000000,-27.07930000000000,9.54860000000000,0.00000000000000
mpc-hc64.exe,69888,0x00000000078F7300,DXGI,0,512,0,7.99159270000000,0.08030000000000,0.18050000000000,1,Hardware: Independent Flip,1.11210000000000,15.22490000000000,6.24250000000000,14.11280000000000,1.05770000000000,0.05440000000000,0.00000000000000
mpc-hc64.exe,69888,0x00000000078F7300,DXGI,0,512,0,8.01890780000000,0.15440000000000,27.31510000000000,1,Hardware: Independent Flip,1.23950000000000,10.61730000000000,22.70750000000000,9.37780000000000,-26.20300000000000,10.30790000000000,0.00000000000000
mpc-hc64.exe,69888,0x00000000078F7300,DXGI,0,512,0,8.01911670000000,0.08210000000000,0.20890000000000,1,Hardware: Independent Flip,1.08670000000000,14.76220000000000,4.35380000000000,13.67550000000000,1.03060000000000,0.05610000000000,0.00000000000000
mpc-hc64.exe,69888,0x00000000078F7300,DXGI,0,512,0,8.04865120000000,0.14630000000000,29.53450000000000,1,Hardware: Independent Flip,0.88950000000000,8.45260000000000,23.22490000000000,7.56310000000000,-28.44780000000000,9.69790000000000,0.00000000000000
mpc-hc64.exe,69888,0x00000000078F7300,DXGI,0,512,0,8.04885590000000,0.08260000000000,0.20470000000000,1,Hardware: Independent Flip,0.74930000000000,15.36630000000000,7.11840000000000,14.61700000000000,0.68480000000000,0.06030000000000,0.00000000000000
mpc-hc64.exe,69888,0x00000000078F7300,DXGI,0,512,0,8.07434850000000,0.14090000000000,25.49260000000000,1,Hardware: Independent Flip,1.25620000000000,5.66440000000000,15.79070000000000,4.40820000000000,-24.74330000000000,11.20250000000000,0.00000000000000
mpc-hc64.exe,69888,0x00000000078F7300,DXGI,0,512,0,8.07455510000000,0.09160000000000,0.20660000000000,1,Hardware: Independent Flip,1.10600000000000,14.05930000000000,8.60150000000000,12.95330000000000,1.04960000000000,0.05640000000000,0.00000000000000
mpc-hc64.exe,69888,0x00000000078F7300,DXGI,0,512,0,8.10322530000000,0.16500000000000,28.67020000000000,1,Hardware: Independent Flip,1.21210000000000,9.13170000000000,23.74260000000000,7.91960000000000,-27.56420000000000,9.49870000000000,0.00000000000000
mpc-hc64.exe,69888,0x00000000078F7300,DXGI,0,512,0,8.10344650000000,0.08120000000000,0.22120000000000,1,Hardware: Independent Flip,1.04710000000000,15.38810000000000,6.47760000000000,14.34100000000000,0.99090000000000,0.05620000000000,0.00000000000000
mpc-hc64.exe,69888,0x00000000078F7300,DXGI,0,512,0,8.13034220000000,0.14850000000000,26.89570000000000,1,Hardware: Independent Flip,1.20040000000000,1.20040000000000,12.70800000000000,0.00000000000000,-25.84860000000000,10.65480000000000,0.00000000000000
mpc-hc64.exe,69888,0x00000000078F7300,DXGI,0,512,0,8.13054670000000,0.08220000000000,0.20450000000000,1,Hardware: Independent Flip,1.05910000000000,14.52890000000000,13.53300000000000,13.46980000000000,0.99590000000000,0.06320000000000,0.00000000000000
mpc-hc64.exe,69888,0x00000000078F7300,DXGI,0,512,0,8.15961730000000,0.15500000000000,29.07060000000000,1,Hardware: Independent Flip,1.22500000000000,1.22500000000000,15.76670000000000,0.00000000000000,-28.01150000000000,9.79160000000000,0.00000000000000
mpc-hc64.exe,69888,0x00000000078F7300,DXGI,0,512,0,8.15982990000000,0.08690000000000,0.21260000000000,1,Hardware: Independent Flip,1.06980000000000,15.64260000000000,14.63020000000000,14.57280000000000,1.01240000000000,0.05740000000000,0.00000000000000
mpc-hc64.exe,69888,0x00000000078F7300,DXGI,0,512,0,8.18630730000000,0.13900000000000,26.47740000000000,1,Hardware: Independent Flip,1.21620000000000,12.56300000000000,23.39780000000000,11.34680000000000,-25.40760000000000,9.82550000000000,0.00000000000000
mpc-hc64.exe,69888,0x00000000078F7300,DXGI,0,512,0,8.18650550000000,0.08710000000000,0.19820000000000,1,Hardware: Independent Flip,1.07670000000000,14.33750000000000,1.97270000000000,13.26080000000000,1.01800000000000,0.05870000000000,0.00000000000000
mpc-hc64.exe,69888,0x00000000078F7300,DXGI,0,512,0,8.21406700000000,0.13620000000000,27.56150000000000,1,Hardware: Independent Flip,1.20920000000000,3.11500000000000,16.33900000000000,1.90580000000000,-26.48480000000000,9.57110000000000,0.00000000000000
mpc-hc64.exe,69888,0x00000000078F7300,DXGI,0,512,0,8.21425940000000,0.08340000000000,0.19240000000000,1,Hardware: Independent Flip,1.07340000000000,14.87210000000000,11.94950000000000,13.79870000000000,1.01680000000000,0.05660000000000,0.00000000000000
mpc-hc64.exe,69888,0x00000000078F7300,DXGI,0,512,0,8.24211640000000,0.16840000000000,27.85700000000000,1,Hardware: Independent Flip,1.18230000000000,10.53470000000000,23.51960000000000,9.35240000000000,-26.78360000000000,10.11380000000000,0.00000000000000
mpc-hc64.exe,69888,0x00000000078F7300,DXGI,0,512,0,8.24234420000000,0.13050000000000,0.22780000000000,1,Hardware: Independent Flip,1.01350000000000,14.94520000000000,4.63830000000000,13.93170000000000,0.95450000000000,0.05900000000000,0.00000000000000
mpc-hc64.exe,69888,0x00000000078F7300,DXGI,0,512,0,8.26952420000000,0.15320000000000,27.18000000000000,1,Hardware: Independent Flip,1.22340000000000,9.99240000000000,22.22720000000000,8.76900000000000,-26.16650000000000,9.68520000000000,0.00000000000000
mpc-hc64.exe,69888,0x00000000078F7300,DXGI,0,512,0,8.26973610000000,0.08590000000000,0.21190000000000,1,Hardware: Independent Flip,1.07090000000000,14.71450000000000,4.93400000000000,13.64360000000000,1.01150000000000,0.05940000000000,0.00000000000000
mpc-hc64.exe,69888,0x00000000078F7300,DXGI,0,512,0,8.29824600000000,0.15530000000000,28.50990000000000,1,Hardware: Independent Flip,1.24170000000000,1.24170000000000,15.03710000000000,0.00000000000000,-27.43900000000000,9.82310000000000,0.00000000000000
mpc-hc64.exe,69888,0x00000000078F7300,DXGI,0,512,0,8.29845930000000,0.08800000000000,0.21330000000000,1,Hardware: Independent Flip,1.08340000000000,15.37740000000000,14.34900000000000,14.29400000000000,1.02840000000000,0.05500000000000,0.00000000000000
mpc-hc64.exe,69888,0x00000000078F7300,DXGI,0,512,0,8.32421160000000,0.16340000000000,25.75230000000000,1,Hardware: Independent Flip,1.16360000000000,11.94900000000000,22.32390000000000,10.78540000000000,-24.66890000000000,10.11880000000000,0.00000000000000
mpc-hc64.exe,69888,0x00000000078F7300,DXGI,0,512,0,8.32444080000000,0.09150000000000,0.22920000000000,1,Hardware: Independent Flip,0.99020000000000,13.85180000000000,2.13200000000000,12.86160000000000,0.93440000000000,0.05580000000000,0.00000000000000
mpc-hc64.exe,69888,0x00000000078F7300,DXGI,0,512,0,8.35178680000000,0.13450000000000,27.34600000000000,1,Hardware: Independent Flip,1.38480000000000,2.12730000000000,15.62150000000000,0.74250000000000,-26.35580000000000,10.11880000000000,0.00000000000000
mpc-hc64.exe,69888,0x00000000078F7300,DXGI,0,512,0,8.35197400000000,0.09080000000000,0.18720000000000,1,Hardware: Independent Flip,1.27210000000000,15.10100000000000,13.16090000000000,13.82890000000000,1.19760000000000,0.07450000000000,0.00000000000000
mpc-hc64.exe,69888,0x00000000078F7300,DXGI,0,512,0,8.38003600000000,0.15090000000000,28.06200000000000,1,Hardware: Independent Flip,1.18670000000000,1.18670000000000,14.14770000000000,0.00000000000000,-26.78990000000000,9.99810000000000,0.00000000000000
mpc-hc64.exe,69888,0x00000000078F7300,DXGI,0,512,0,8.38024290000000,0.08490000000000,0.20690000000000,1,Hardware: Independent Flip,1.03440000000000,14.96920000000000,13.98940000000000,13.93480000000000,0.97980000000000,0.05460000000000,0.00000000000000
mpc-hc64.exe,69888,0x00000000078F7300,DXGI,0,512,0,8.40861830000000,0.17330000000000,28.37540000000000,1,Hardware: Independent Flip,1.27040000000000,10.16920000000000,23.57540000000000,8.89880000000000,-27.34100000000000,9.87630000000000,0.00000000000000
mpc-hc64.exe,69888,0x00000000078F7300,DXGI,0,512,0,8.40885520000000,0.09170000000000,0.23690000000000,1,Hardware: Independent Flip,1.08840000000000,15.34780000000000,5.41550000000000,14.25940000000000,1.03350000000000,0.05490000000000,0.00000000000000
mpc-hc64.exe,69888,0x00000000078F7300,DXGI,0,512,0,8.43623980000000,0.17340000000000,27.38460000000000,1,Hardware: Independent Flip,1.16980000000000,1.16980000000000,13.20660000000000,0.00000000000000,-26.29620000000000,9.59570000000000,0.00000000000000
mpc-hc64.exe,69888,0x00000000078F7300,DXGI,0,512,0,8.43647630000000,0.08750000000000,0.23650000000000,1,Hardware: Independent Flip,0.98790000000000,14.67520000000000,13.74190000000000,13.68730000000000,0.93330000000000,0.05460000000000,0.00000000000000
mpc-hc64.exe,69888,0x00000000078F7300,DXGI,0,512,0,8.46340440000000,0.14550000000000,26.92810000000000,1,Hardware: Independent Flip,1.21970000000000,1.21970000000000,13.47260000000000,0.00000000000000,-25.94020000000000,10.40660000000000,0.00000000000000
mpc-hc64.exe,69888,0x00000000078F7300,DXGI,0,512,0,8.46360250000000,0.07770000000000,0.19810000000000,1,Hardware: Independent Flip,1.07500000000000,14.60950000000000,13.58790000000000,13.53450000000000,1.02160000000000,0.05340000000000,0.00000000000000
mpc-hc64.exe,69888,0x00000000078F7300,DXGI,0,512,0,8.49240410000000,0.17510000000000,28.80160000000000,1,Hardware: Independent Flip,1.25220000000000,2.30120000000000,16.49330000000000,1.04900000000000,-27.72660000000000,9.80130000000000,0.00000000000000
mpc-hc64.exe,69888,0x00000000078F7300,DXGI,0,512,0,8.49265290000000,0.08380000000000,0.24880000000000,1,Hardware: Independent Flip,1.05710000000000,15.50240000000000,13.45000000000000,14.44530000000000,1.00340000000000,0.05370000000000,0.00000000000000
mpc-hc64.exe,69888,0x00000000078F7300,DXGI,0,512,0,8.51961620000000,0.16780000000000,26.96330000000000,1,Hardware: Independent Flip,1.31920000000000,12.14130000000000,23.60220000000000,10.82210000000000,-25.90620000000000,9.91950000000000,0.00000000000000
mpc-hc64.exe,69888,0x00000000078F7300,DXGI,0,512,0,8.51983990000000,0.08660000000000,0.22370000000000,1,Hardware: Independent Flip,1.15070000000000,14.71690000000000,2.79930000000000,13.56620000000000,1.09550000000000,0.05520000000000,0.00000000000000
mpc-hc64.exe,69888,0x00000000078F7300,DXGI,0,512,0,8.54724420000000,0.12620000000000,27.40430000000000,1,Hardware: Independent Flip,1.29030000000000,10.73380000000000,23.42120000000000,9.44350000000000,-26.25360000000000,9.55970000000000,0.00000000000000
mpc-hc64.exe,69888,0x00000000078F7300,DXGI,0,512,0,8.54742310000000,0.07750000000000,0.17890000000000,1,Hardware: Independent Flip,1.16750000000000,14.88580000000000,4.33090000000000,13.71830000000000,1.11140000000000,0.05610000000000,0.00000000000000
mpc-hc64.exe,69888,0x00000000078F7300,DXGI,0,512,0,8.57443100000000,0.13250000000000,27.00790000000000,1,Hardware: Independent Flip,1.19430000000000,10.52960000000000,22.65170000000000,9.33530000000000,-25.84040000000000,10.05650000000000,0.00000000000000
mpc-hc64.exe,69888,0x00000000078F7300,DXGI,0,512,0,8.57461790000000,0.08030000000000,0.18690000000000,1,Hardware: Independent Flip,1.07050000000000,14.53430000000000,4.19160000000000,13.46380000000000,1.00740000000000,0.06310000000000,0.00000000000000
mpc-hc64.exe,69888,0x00000000078F7300,DXGI,0,512,0,8.60266720000000,0.16370000000000,28.04930000000000,1,Hardware: Independent Flip,1.24950000000000,8.53030000000000,22.04530000000000,7.28080000000000,-26.97880000000000,9.65230000000000,0.00000000000000
mpc-hc64.exe,69888,0x00000000078F7300,DXGI,0,512,0,8.60288540000000,0.08300000000000,0.21820000000000,1,Hardware: Independent Flip,1.09340000000000,15.16050000000000,6.84840000000000,14.06710000000000,1.03130000000000,0.06210000000000,0.00000000000000
mpc-hc64.exe,69888,0x00000000078F7300,DXGI,0,512,0,8.63039280000000,0.13250000000000,27.50740000000000,1,Hardware: Independent Flip,1.29330000000000,10.61210000000000,22.95900000000000,9.31880000000000,-26.41400000000000,9.62510000000000,0.00000000000000
mpc-hc64.exe,69888,0x00000000078F7300,DXGI,0,512,0,8.63057740000000,0.08000000000000,0.18460000000000,1,Hardware: Independent Flip,1.17050000000000,14.97360000000000,4.54610000000000,13.80310000000000,1.10870000000000,0.06180000000000,0.00000000000000
mpc-hc64.exe,69888,0x00000000078F7300,DXGI,0,512,0,8.65845870000000,0.14860000000000,27.88130000000000,1,Hardware: Independent Flip,1.26640000000000,10.59420000000000,23.50190000000000,9.32780000000000,-26.71080000000000,9.59720000000000,0.00000000000000
mpc-hc64.exe,69888,0x00000000078F7300,DXGI,0,512,0,8.65866440000000,0.08300000000000,0.20570000000000,1,Hardware: Independent Flip,1.12000000000000,15.06350000000000,4.67500000000000,13.94350000000000,1.06070000000000,0.05930000000000,0.00000000000000
mpc-hc64.exe,69888,0x00000000078F7300,DXGI,0,512,0,8.68645080000000,0.21450000000000,27.78640000000000,1,Hardware: Independent Flip,1.30180000000000,10.98860000000000,23.71150000000000,9.68680000000000,-26.66640000000000,9.58380000000000,0.00000000000000
mpc-hc64.exe,69888,0x00000000078F7300,DXGI,0,512,0,8.68673210000000,0.09740000000000,0.28130000000000,1,Hardware: Independent Flip,1.07620000000000,15.01230000000000,4.30500000000000,13.93610000000000,1.02050000000000,0.05570000000000,0.00000000000000
mpc-hc64.exe,69888,0x00000000078F7300,DXGI,0,512,0,8.71317270000000,0.12640000000000,26.44060000000000,1,Hardware: Independent Flip,1.18330000000000,10.04990000000000,21.47820000000000,8.86660000000000,-25.36440000000000,10.15490000000000,0.00000000000000
mpc-hc64.exe,69888,0x00000000078F7300,DXGI,0,512,0,8.71335300000000,0.08160000000000,0.18030000000000,1,Hardware: Independent Flip,1.05850000000000,14.27980000000000,4.41020000000000,13.22130000000000,1.00300000000000,0.05550000000000,0.00000000000000
mpc-hc64.exe,69888,0x00000000078F7300,DXGI,0,512,0,8.74092220000000,0.14490000000000,27.56920000000000,1,Hardware: Independent Flip,1.18460000000000,1.18460000000000,14.47400000000000,0.00000000000000,-26.51070000000000,10.07830000000000,0.00000000000000
mpc-hc64.exe,69888,0x00000000078F7300,DXGI,0,512,0,8.74112050000000,0.08050000000000,0.19830000000000,1,Hardware: Independent Flip,1.04410000000000,14.83650000000000,13.85020000000000,13.79240000000000,0.98630000000000,0.05780000000000,0.00000000000000
mpc-hc64.exe,69888,0x00000000078F7300,DXGI,0,512,0,8.76922140000000,0.12960000000000,28.10090000000000,1,Hardware: Independent Flip,1.17460000000000,9.53290000000000,22.79730000000000,8.35830000000000,-27.05680000000000,9.50380000000000,0.00000000000000
mpc-hc64.exe,69888,0x00000000078F7300,DXGI,0,512,0,8.76940340000000,0.07960000000000,0.18200000000000,1,Hardware: Independent Flip,1.05540000000000,15.12480000000000,5.77390000000000,14.06940000000000,0.99260000000000,0.06280000000000,0.00000000000000
mpc-hc64.exe,69888,0x00000000078F7300,DXGI,0,512,0,8.79794280000000,0.14730000000000,28.53940000000000,1,Hardware: Independent Flip,1.23820000000000,1.23820000000000,14.65280000000000,0.00000000000000,-27.48400000000000,9.99370000000000,0.00000000000000
mpc-hc64.exe,69888,0x00000000078F7300,DXGI,0,512,0,8.79814420000000,0.08260000000000,0.20140000000000,1,Hardware: Independent Flip,1.09100000000000,15.39980000000000,14.36300000000000,14.30880000000000,1.03680000000000,0.05420000000000,0.00000000000000
mpc-hc64.exe,69888,0x00000000078F7300,DXGI,0,512,0,8.82427750000000,0.13160000000000,26.13330000000000,1,Hardware: Independent Flip,1.17950000000000,10.79380000000000,21.52730000000000,9.61430000000000,-25.04230000000000,10.10040000000000,0.00000000000000
mpc-hc64.exe,69888,0x00000000078F7300,DXGI,0,512,0,8.82446220000000,0.07810000000000,0.18470000000000,1,Hardware: Independent Flip,1.05090000000000,14.11420000000000,3.50510000000000,13.06330000000000,0.99480000000000,0.05610000000000,0.00000000000000
mpc-hc64.exe,69888,0x00000000078F7300,DXGI,0,512,0,8.85205890000000,0.12960000000000,27.59670000000000,1,Hardware: Independent Flip,1.19040000000000,8.96770000000000,22.45020000000000,7.77730000000000,-26.54580000000000,10.07270000000000,0.00000000000000
mpc-hc64.exe,69888,0x00000000078F7300,DXGI,0,512,0,8.85224180000000,0.09450000000000,0.18290000000000,1,Hardware: Independent Flip,1.06360000000000,14.88490000000000,6.10010000000000,13.82130000000000,1.00750000000000,0.05610000000000,0.00000000000000
mpc-hc64.exe,69888,0x00000000078F7300,DXGI,0,512,0,8.87995660000000,0.15540000000000,27.71480000000000,1,Hardware: Independent Flip,1.20950000000000,2.99450000000000,15.82440000000000,1.78500000000000,-26.65120000000000,10.12910000000000,0.00000000000000
mpc-hc64.exe,69888,0x00000000078F7300,DXGI,0,512,0,8.88017130000000,0.08870000000000,0.21470000000000,1,Hardware: Independent Flip,1.04960000000000,14.92850000000000,12.14870000000000,13.87890000000000,0.99480000000000,0.05480000000000,0.00000000000000
mpc-hc64.exe,69888,0x00000000078F7300,DXGI,0,512,0,8.90908990000000,0.13650000000000,28.91860000000000,1,Hardware: Independent Flip,1.22870000000000,3.04980000000000,17.03990000000000,1.82110000000000,-27.86900000000000,10.24910000000000,0.00000000000000
mpc-hc64.exe,69888,0x00000000078F7300,DXGI,0,512,0,8.90927940000000,0.08060000000000,0.18950000000000,1,Hardware: Independent Flip,1.09470000000000,15.59670000000000,12.73640000000000,14.50200000000000,1.03920000000000,0.05550000000000,0.00000000000000
mpc-hc64.exe,69888,0x00000000078F7300,DXGI,0,512,0,8.93627880000000,0.12550000000000,26.99940000000000,1,Hardware: Independent Flip,1.20450000000000,11.27740000000000,22.68010000000000,10.07290000000000,-25.90470000000000,9.56910000000000,0.00000000000000
mpc-hc64.exe,69888,0x00000000078F7300,DXGI,0,512,0,8.93645990000000,0.07990000000000,0.18110000000000,1,Hardware: Independent Flip,1.08030000000000,14.58840000000000,3.49210000000000,13.50810000000000,1.02340000000000,0.05690000000000,0.00000000000000
mpc-hc64.exe,69888,0x00000000078F7300,DXGI,0,512,0,8.96312660000000,0.14870000000000,26.66670000000000,1,Hardware: Independent Flip,1.19070000000000,1.19070000000000,13.26900000000000,0.00000000000000,-25.58640000000000,10.00940000000000,0.00000000000000
mpc-hc64.exe,69888,0x00000000078F7300,DXGI,0,512,0,8.96333130000000,0.08200000000000,0.20470000000000,1,Hardware: Independent Flip,1.05270000000000,14.38500000000000,13.39900000000000,13.33230000000000,0.98600000000000,0.06670000000000,0.00000000000000
mpc-hc64.exe,69888,0x00000000078F7300,DXGI,0,512,0,8.99150290000000,0.13150000000000,28.17160000000000,1,Hardware: Independent Flip,1.27850000000000,9.23880000000000,23.02540000000000,7.96030000000000,-27.11890000000000,9.65690000000000,0.00000000000000
mpc-hc64.exe,69888,0x00000000078F7300,DXGI,0,512,0,8.99168890000000,0.08560000000000,0.18600000000000,1,Hardware: Independent Flip,1.14690000000000,15.30070000000000,6.24790000000000,14.15380000000000,1.09250000000000,0.05440000000000,0.00000000000000
mpc-hc64.exe,69888,0x00000000078F7300,DXGI,0,512,0,9.02080990000000,0.14670000000000,29.12100000000000,1,Hardware: Independent Flip,1.31030000000000,3.82130000000000,17.64160000000000,2.51100000000000,-27.97410000000000,10.34410000000000,0.00000000000000
mpc-hc64.exe,69888,0x00000000078F7300,DXGI,0,512,0,9.02101050000000,0.08460000000000,0.20060000000000,1,Hardware: Independent Flip,1.18450000000000,15.78410000000000,12.16340000000000,14.59960000000000,1.10970000000000,0.07480000000000,0.00000000000000
mpc-hc64.exe,69888,0x00000000078F7300,DXGI,0,512,0,9.04792100000000,0.13330000000000,26.91050000000000,1,Hardware: Independent Flip,1.29640000000000,1.29640000000000,12.42280000000000,0.00000000000000,-25.72600000000000,9.94460000000000,0.00000000000000
mpc-hc64.exe,69888,0x00000000078F7300,DXGI,0,512,0,9.04810960000000,0.08850000000000,0.18860000000000,1,Hardware: Independent Flip,1.16350000000000,14.62170000000000,13.51390000000000,13.45820000000000,1.10780000000000,0.05570000000000,0.00000000000000
mpc-hc64.exe,69888,0x00000000078F7300,DXGI,0,512,0,9.07484800000000,0.13120000000000,26.73840000000000,1,Hardware: Independent Flip,1.26520000000000,1.26520000000000,13.38190000000000,0.00000000000000,-25.57490000000000,10.60950000000000,0.00000000000000
mpc-hc64.exe,69888,0x00000000078F7300,DXGI,0,512,0,9.07503290000000,0.08210000000000,0.18490000000000,1,Hardware: Independent Flip,1.13580000000000,14.51010000000000,13.42980000000000,13.37430000000000,1.08030000000000,0.05550000000000,0.00000000000000
mpc-hc64.exe,69888,0x00000000078F7300,DXGI,0,512,0,9.10308720000000,0.14940000000000,28.05430000000000,1,Hardware: Independent Flip,1.25630000000000,1.25630000000000,14.80050000000000,0.00000000000000,-26.91850000000000,9.82460000000000,0.00000000000000
mpc-hc64.exe,69888,0x00000000078F7300,DXGI,0,512,0,9.10328770000000,0.08100000000000,0.20050000000000,1,Hardware: Independent Flip,1.11390000000000,15.15130000000000,14.09550000000000,14.03740000000000,1.05580000000000,0.05810000000000,0.00000000000000
mpc-hc64.exe,69888,0x00000000078F7300,DXGI,0,512,0,9.13165650000000,0.13860000000000,28.36880000000000,1,Hardware: Independent Flip,1.24760000000000,1.24760000000000,14.46510000000000,0.00000000000000,-27.25490000000000,10.06310000000000,0.00000000000000
mpc-hc64.exe,69888,0x00000000078F7300,DXGI,0,512,0,9.13185410000000,0.08580000000000,0.19760000000000,1,Hardware: Independent Flip,1.10610000000000,15.30960000000000,14.25960000000000,14.20350000000000,1.05000000000000,0.05610000000000,0.00000000000000
mpc-hc64.exe,69888,0x00000000078F7300,DXGI,0,512,0,9.16070600000000,0.15240000000000,28.85190000000000,1,Hardware: Independent Flip,1.27060000000000,1.27060000000000,14.81290000000000,0.00000000000000,-27.74580000000000,10.69240000000000,0.00000000000000
mpc-hc64.exe,69888,0x00000000078F7300,DXGI,0,512,0,9.16091760000000,0.08610000000000,0.21160000000000,1,Hardware: Independent Flip,1.11550000000000,15.57540000000000,14.51640000000000,14.45990000000000,1.05900000000000,0.05650000000000,0.00000000000000
mpc-hc64.exe,69888,0x00000000078F7300,DXGI,0,512,0,9.18772260000000,0.13110000000000,26.80500000000000,1,Hardware: Independent Flip,1.27640000000000,13.53330000000000,24.76290000000000,12.25690000000000,-25.68950000000000,10.40760000000000,0.00000000000000
mpc-hc64.exe,69888,0x00000000078F7300,DXGI,0,512,0,9.18790990000000,0.08050000000000,0.18730000000000,1,Hardware: Independent Flip,1.15570000000000,14.60170000000000,1.25570000000000,13.44600000000000,1.08910000000000,0.06660000000000,0.00000000000000
mpc-hc64.exe,69888,0x00000000078F7300,DXGI,0,512,0,9.21342500000000,0.19510000000000,25.51510000000000,1,Hardware: Independent Flip,1.10080000000000,11.74300000000000,22.65640000000000,10.64220000000000,-24.35940000000000,10.24570000000000,0.00000000000000
mpc-hc64.exe,69888,0x00000000078F7300,DXGI,0,512,0,9.21368450000000,0.09100000000000,0.25950000000000,1,Hardware: Independent Flip,0.90120000000000,13.57980000000000,2.09630000000000,12.67860000000000,0.84130000000000,0.05990000000000,0.00000000000000
mpc-hc64.exe,69888,0x00000000078F7300,DXGI,0,512,0,9.24072940000000,0.15340000000000,27.04490000000000,1,Hardware: Independent Flip,1.44380000000000,8.88590000000000,22.35100000000000,7.44210000000000,-26.14370000000000,10.41050000000000,0.00000000000000
mpc-hc64.exe,69888,0x00000000078F7300,DXGI,0,512,0,9.24093860000000,0.09190000000000,0.20920000000000,1,Hardware: Independent Flip,1.30160000000000,15.05920000000000,6.38250000000000,13.75760000000000,1.23460000000000,0.06700000000000,0.00000000000000
mpc-hc64.exe,69888,0x00000000078F7300,DXGI,0,512,0,9.26953340000000,0.20410000000000,28.59480000000000,1,Hardware: Independent Flip,1.19220000000000,2.89360000000000,16.42920000000000,1.70140000000000,-27.29320000000000,9.28410000000000,0.00000000000000
mpc-hc64.exe,69888,0x00000000078F7300,DXGI,0,512,0,9.26980180000000,0.09150000000000,0.26840000000000,1,Hardware: Independent Flip,0.98000000000000,15.17640000000000,12.55120000000000,14.19640000000000,0.92380000000000,0.05620000000000,0.00000000000000
mpc-hc64.exe,69888,0x00000000078F7300,DXGI,0,512,0,9.29767320000000,0.22310000000000,27.87140000000000,1,Hardware: Independent Flip,1.21290000000000,10.98040000000000,23.67540000000000,9.76750000000000,-26.89140000000000,10.04310000000000,0.00000000000000
mpc-hc64.exe,69888,0x00000000078F7300,DXGI,0,512,0,9.29795990000000,0.09410000000000,0.28670000000000,1,Hardware: Independent Flip,0.98440000000000,14.99060000000000,4.29690000000000,14.00620000000000,0.92620000000000,0.05820000000000,0.00000000000000
mpc-hc64.exe,69888,0x00000000078F7300,DXGI,0,512,0,9.32440030000000,0.12540000000000,26.44040000000000,1,Hardware: Independent Flip,1.19410000000000,11.12070000000000,22.57050000000000,9.92660000000000,-25.45600000000000,10.26230000000000,0.00000000000000
mpc-hc64.exe,69888,0x00000000078F7300,DXGI,0,512,0,9.32457710000000,0.07730000000000,0.17680000000000,1,Hardware: Independent Flip,1.07530000000000,14.35460000000000,3.41070000000000,13.27930000000000,1.01730000000000,0.05800000000000,0.00000000000000
mpc-hc64.exe,69888,0x00000000078F7300,DXGI,0,512,0,9.35280610000000,0.31350000000000,28.22900000000000,1,Hardware: Independent Flip,1.33710000000000,1.33710000000000,15.21150000000000,0.00000000000000,-27.15370000000000,9.98130000000000,0.00000000000000
mpc-hc64.exe,69888,0x00000000078F7300,DXGI,0,512,0,9.35321470000000,0.17490000000000,0.40860000000000,1,Hardware: Independent Flip,0.98620000000000,15.18220000000000,14.25370000000000,14.19600000000000,0.92850000000000,0.05770000000000,0.00000000000000
mpc-hc64.exe,69888,0x00000000078F7300,DXGI,0,512,0,9.38192570000000,0.14940000000000,28.71100000000000,1,Hardware: Independent Flip,1.26090000000000,4.13480000000000,17.66360000000000,2.87390000000000,-27.72480000000000,9.91320000000000,0.00000000000000
mpc-hc64.exe,69888,0x00000000078F7300,DXGI,0,512,0,9.38213050000000,0.08150000000000,0.20480000000000,1,Hardware: Independent Flip,1.12260000000000,15.57880000000000,11.64880000000000,14.45620000000000,1.05610000000000,0.06650000000000,0.00000000000000
mpc-hc64.exe,69888,0x00000000078F7300,DXGI,0,512,0,9.40833940000000,0.13020000000000,26.20890000000000,1,Hardware: Independent Flip,1.21780000000000,1.21780000000000,11.84790000000000,0.00000000000000,-25.08630000000000,9.76500000000000,0.00000000000000
mpc-hc64.exe,69888,0x00000000078F7300,DXGI,0,512,0,9.40852820000000,0.08090000000000,0.18880000000000,1,Hardware: Independent Flip,1.08490000000000,14.19090000000000,13.16190000000000,13.10600000000000,1.02900000000000,0.05590000000000,0.00000000000000
mpc-hc64.exe,69888,0x00000000078F7300,DXGI,0,512,0,9.43623800000000,0.13060000000000,27.70980000000000,1,Hardware: Independent Flip,1.24670000000000,1.24670000000000,14.76560000000000,0.00000000000000,-26.62490000000000,9.55660000000000,0.00000000000000
mpc-hc64.exe,69888,0x00000000078F7300,DXGI,0,512,0,9.43642170000000,0.07950000000000,0.18370000000000,1,Hardware: Independent Flip,1.11960000000000,15.00910000000000,13.94610000000000,13.88950000000000,1.06300000000000,0.05660000000000,0.00000000000000
mpc-hc64.exe,69888,0x00000000078F7300,DXGI,0,512,0,9.46338350000000,0.15540000000000,26.96180000000000,1,Hardware: Independent Flip,1.18880000000000,1.18880000000000,13.14150000000000,0.00000000000000,-25.84220000000000,10.25700000000000,0.00000000000000
mpc-hc64.exe,69888,0x00000000078F7300,DXGI,0,512,0,9.46359520000000,0.08250000000000,0.21170000000000,1,Hardware: Independent Flip,1.03500000000000,14.49950000000000,13.52240000000000,13.46450000000000,0.97710000000000,0.05790000000000,0.00000000000000
mpc-hc64.exe,69888,0x00000000078F7300,DXGI,0,512,0,9.49086550000000,0.13090000000000,27.27030000000000,1,Hardware: Independent Flip,1.20900000000000,9.36950000000000,22.14030000000000,8.16050000000000,-26.23530000000000,10.11080000000000,0.00000000000000
mpc-hc64.exe,69888,0x00000000078F7300,DXGI,0,512,0,9.49105300000000,0.08630000000000,0.18750000000000,1,Hardware: Independent Flip,1.08820000000000,14.77340000000000,5.59140000000000,13.68520000000000,1.02150000000000,0.06670000000000,0.00000000000000
mpc-hc64.exe,69888,0x00000000078F7300,DXGI,0,512,0,9.51933810000000,0.15150000000000,28.28510000000000,1,Hardware: Independent Flip,1.25760000000000,9.43880000000000,22.95050000000000,8.18120000000000,-27.19690000000000,9.81220000000000,0.00000000000000
mpc-hc64.exe,69888,0x00000000078F7300,DXGI,0,512,0,9.51954610000000,0.08670000000000,0.20800000000000,1,Hardware: Independent Flip,1.10420000000000,15.28560000000000,6.05480000000000,14.18140000000000,1.04960000000000,0.05460000000000,0.00000000000000
mpc-hc64.exe,69888,0x00000000078F7300,DXGI,0,512,0,9.54800570000000,0.13180000000000,28.45960000000000,1,Hardware: Independent Flip,1.24020000000000,10.48140000000000,23.65540000000000,9.24120000000000,-27.35540000000000,9.56010000000000,0.00000000000000
mpc-hc64.exe,69888,0x00000000078F7300,DXGI,0,512,0,9.54819180000000,0.08220000000000,0.18610000000000,1,Hardware: Independent Flip,1.11080000000000,15.36060000000000,5.06530000000000,14.24980000000000,1.05410000000000,0.05670000000000,0.00000000000000
mpc-hc64.exe,69888,0x00000000078F7300,DXGI,0,512,0,9.57544190000000,0.13110000000000,27.25010000000000,1,Hardware: Independent Flip,1.23160000000000,1.23160000000000,13.12110000000000,0.00000000000000,-26.13930000000000,10.06330000000000,0.00000000000000
mpc-hc64.exe,69888,0x00000000078F7300,DXGI,0,512,0,9.57562540000000,0.08180000000000,0.18350000000000,1,Hardware: Independent Flip,1.10500000000000,14.74150000000000,13.69340000000000,13.63650000000000,1.04810000000000,0.05690000000000,0.00000000000000
mpc-hc64.exe,69888,0x00000000078F7300,DXGI,0,512,0,9.60212750000000,0.20370000000000,26.50210000000000,1,Hardware: Independent Flip,1.17610000000000,1.17610000000000,12.93670000000000,0.00000000000000,-25.39710000000000,10.00980000000000,0.00000000000000
mpc-hc64.exe,69888,0x00000000078F7300,DXGI,0,512,0,9.60241530000000,0.10710000000000,0.28780000000000,1,Hardware: Independent Flip,0.94420000000000,14.18370000000000,13.29540000000000,13.23950000000000,0.88830000000000,0.05590000000000,0.00000000000000
mpc-hc64.exe,69888,0x00000000078F7300,DXGI,0,512,0,9.63093090000000,0.12800000000000,28.51560000000000,1,Hardware: Independent Flip,1.23310000000000,2.40080000000000,16.73270000000000,1.16770000000000,-27.57140000000000,9.77090000000000,0.00000000000000
mpc-hc64.exe,69888,0x00000000078F7300,DXGI,0,512,0,9.63111170000000,0.08030000000000,0.18080000000000,1,Hardware: Independent Flip,1.10710000000000,15.45800000000000,13.23800000000000,14.35090000000000,1.05230000000000,0.05480000000000,0.00000000000000
mpc-hc64.exe,69888,0x00000000078F7300,DXGI,0,512,0,9.65858130000000,0.15260000000000,27.46960000000000,1,Hardware: Independent Flip,1.25660000000000,11.27620000000000,23.28780000000000,10.01960000000000,-26.36250000000000,9.54150000000000,0.00000000000000
mpc-hc64.exe,69888,0x00000000078F7300,DXGI,0,512,0,9.65878980000000,0.08210000000000,0.20850000000000,1,Hardware: Independent Flip,1.10330000000000,14.86750000000000,3.79980000000000,13.76420000000000,1.04810000000000,0.05520000000000,0.00000000000000
mpc-hc64.exe,69888,0x00000000078F7300,DXGI,0,512,0,9.68646430000000,0.12790000000000,27.67450000000000,1,Hardware: Independent Flip,1.19850000000000,10.85920000000000,23.66620000000000,9.66070000000000,-26.57120000000000,9.70780000000000,0.00000000000000
mpc-hc64.exe,69888,0x00000000078F7300,DXGI,0,512,0,9.68664570000000,0.07920000000000,0.18140000000000,1,Hardware: Independent Flip,1.07240000000000,14.91050000000000,4.23270000000000,13.83810000000000,1.01710000000000,0.05530000000000,0.00000000000000
mpc-hc64.exe,69888,0x00000000078F7300,DXGI,0,512,0,9.71367090000000,0.13690000000000,27.02520000000000,1,Hardware: Independent Flip,0.86550000000000,3.55170000000000,15.66640000000000,2.68620000000000,-25.95280000000000,10.17310000000000,0.00000000000000
mpc-hc64.exe,69888,0x00000000078F7300,DXGI,0,512,0,9.71386240000000,0.08100000000000,0.19150000000000,1,Hardware: Independent Flip,0.73510000000000,14.09560000000000,10.73540000000000,13.36050000000000,0.67400000000000,0.05650000000000,0.00000000000000
mpc-hc64.exe,69888,0x00000000078F7300,DXGI,0,512,0,9.74164780000000,0.16400000000000,27.78540000000000,1,Hardware: Independent Flip,1.24350000000000,9.37560000000000,23.06540000000000,8.13210000000000,-27.05030000000000,10.31960000000000,0.00000000000000
mpc-hc64.exe,69888,0x00000000078F7300,DXGI,0,512,0,9.74190940000000,0.11020000000000,0.26160000000000,1,Hardware: Independent Flip,1.03980000000000,15.11130000000000,5.99730000000000,14.07150000000000,0.98190000000000,0.05790000000000,0.00000000000000
mpc-hc64.exe,69888,0x00000000078F7300,DXGI,0,512,0,9.76922060000000,0.13930000000000,27.31120000000000,1,Hardware: Independent Flip,1.23480000000000,1.23480000000000,13.43470000000000,0.00000000000000,-26.27140000000000,9.63540000000000,0.00000000000000
mpc-hc64.exe,69888,0x00000000078F7300,DXGI,0,512,0,9.76945310000000,0.10600000000000,0.23250000000000,1,Hardware: Independent Flip,1.05710000000000,14.75690000000000,13.75460000000000,13.69980000000000,1.00230000000000,0.05480000000000,0.00000000000000
mpc-hc64.exe,69888,0x00000000078F7300,DXGI,0,512,0,9.79790730000000,0.16980000000000,28.45420000000000,1,Hardware: Independent Flip,1.30120000000000,2.27370000000000,15.97100000000000,0.97250000000000,-27.39710000000000,10.23590000000000,0.00000000000000
mpc-hc64.exe,69888,0x00000000078F7300,DXGI,0,512,0,9.79816700000000,0.10950000000000,0.25970000000000,1,Hardware: Independent Flip,1.10820000000000,15.42080000000000,13.40680000000000,14.31260000000000,1.04150000000000,0.06670000000000,0.00000000000000
mpc-hc64.exe,69888,0x00000000078F7300,DXGI,0,512,0,9.82431880000000,0.13240000000000,26.15180000000000,1,Hardware: Independent Flip,1.18810000000000,1.18810000000000,11.91910000000000,0.00000000000000,-25.04360000000000,10.03770000000000,0.00000000000000
mpc-hc64.exe,69888,0x00000000078F7300,DXGI,0,512,0,9.82450430000000,0.08120000000000,0.18550000000000,1,Hardware: Independent Flip,1.05810000000000,14.12850000000000,13.12590000000000,13.07040000000000,1.00260000000000,0.05550000000000,0.00000000000000
mpc-hc64.exe,69888,0x00000000078F7300,DXGI,0,512,0,9.85282600000000,0.12970000000000,28.32170000000000,1,Hardware: Independent Flip,1.18850000000000,1.18850000000000,15.38170000000000,0.00000000000000,-27.26360000000000,9.73740000000000,0.00000000000000
mpc-hc64.exe,69888,0x00000000078F7300,DXGI,0,512,0,9.85300860000000,0.08160000000000,0.18260000000000,1,Hardware: Independent Flip,1.06120000000000,15.23370000000000,14.22780000000000,14.17250000000000,1.00590000000000,0.05530000000000,0.00000000000000
mpc-hc64.exe,69888,0x00000000078F7300,DXGI,0,512,0,9.87977750000000,0.16590000000000,26.76890000000000,1,Hardware: Independent Flip,1.24820000000000,10.64010000000000,22.17530000000000,9.39190000000000,-25.70770000000000,10.18280000000000,0.00000000000000
mpc-hc64.exe,69888,0x00000000078F7300,DXGI,0,512,0,9.88000010000000,0.08440000000000,0.22260000000000,1,Hardware: Independent Flip,1.08300000000000,14.51310000000000,4.09560000000000,13.43010000000000,1.02560000000000,0.05740000000000,0.00000000000000
mpc-hc64.exe,69888,0x00000000078F7300,DXGI,0,512,0,9.90963310000000,0.12940000000000,29.63300000000000,1,Hardware: Independent Flip,1.27380000000000,8.34370000000000,23.46360000000000,7.06990000000000,-28.55000000000000,9.80140000000000,0.00000000000000
mpc-hc64.exe,69888,0x00000000078F7300,DXGI,0,512,0,9.90981450000000,0.08230000000000,0.18140000000000,1,Hardware: Independent Flip,1.14770000000000,16.00620000000000,7.84390000000000,14.85850000000000,1.09240000000000,0.05530000000000,0.00000000000000
mpc-hc64.exe,69888,0x00000000078F7300,DXGI,0,512,0,9.93721420000000,0.12600000000000,27.39970000000000,1,Hardware: Independent Flip,1.24720000000000,5.82100000000000,17.21450000000000,4.57380000000000,-26.25200000000000,9.79020000000000,0.00000000000000
mpc-hc64.exe,69888,0x00000000078F7300,DXGI,0,512,0,9.93739020000000,0.07900000000000,0.17600000000000,1,Hardware: Independent Flip,1.14430000000000,14.85330000000000,9.20830000000000,13.70900000000000,1.07120000000000,0.07310000000000,0.00000000000000
mpc-hc64.exe,69888,0x00000000078F7300,DXGI,0,512,0,9.96351210000000,0.19950000000000,26.12190000000000,1,Hardware: Independent Flip,1.16090000000000,11.58270000000000,22.85130000000000,10.42180000000000,-24.97760000000000,10.38010000000000,0.00000000000000
mpc-hc64.exe,69888,0x00000000078F7300,DXGI,0,512,0,9.96376880000000,0.08600000000000,0.25670000000000,1,Hardware: Independent Flip,0.95900000000000,13.98260000000000,2.65660000000000,13.02360000000000,0.90420000000000,0.05480000000000,0.00000000000000
mpc-hc64.exe,69888,0x00000000078F7300,DXGI,0,512,0,9.99220760000000,0.19420000000000,28.43880000000000,1,Hardware: Independent Flip,1.11160000000000,1.11160000000000,15.56780000000000,0.00000000000000,-27.47980000000000,9.64300000000000,0.00000000000000
mpc-hc64.exe,69888,0x00000000078F7300,DXGI,0,512,0,9.99248870000000,0.11580000000000,0.28110000000000,1,Hardware: Independent Flip,0.89010000000000,15.13500000000000,14.30450000000000,14.24490000000000,0.83050000000000,0.05960000000000,0.00000000000000
mpc-hc64.exe,69888,0x00000000078F7300,DXGI,0,512,0,10.01951640000000,0.15060000000000,27.02770000000000,1,Hardware: Independent Flip,1.25370000000000,1.25370000000000,13.14640000000000,0.00000000000000,-26.13760000000000,10.02750000000000,0.00000000000000
mpc-hc64.exe,69888,0x00000000078F7300,DXGI,0,512,0,10.01972010000000,0.08320000000000,0.20370000000000,1,Hardware: Independent Flip,1.10500000000000,14.75460000000000,13.70460000000000,13.64960000000000,1.05000000000000,0.05500000000000,0.00000000000000
mpc-hc64.exe,69888,0x00000000078F7300,DXGI,0,512,0,10.04775060000000,0.12650000000000,28.03050000000000,1,Hardware: Independent Flip,1.24290000000000,3.30570000000000,16.58160000000000,2.06280000000000,-26.92550000000000,9.62200000000000,0.00000000000000
mpc-hc64.exe,69888,0x00000000078F7300,DXGI,0,512,0,10.04793230000000,0.08000000000000,0.18170000000000,1,Hardware: Independent Flip,1.12740000000000,15.17460000000000,12.05060000000000,14.04720000000000,1.06120000000000,0.06620000000000,0.00000000000000
mpc-hc64.exe,69888,0x00000000078F7300,DXGI,0,512,0,10.07438230000000,0.12960000000000,26.45000000000000,1,Hardware: Independent Flip,1.18440000000000,1.18440000000000,12.45980000000000,0.00000000000000,-25.32260000000000,10.09540000000000,0.00000000000000
mpc-hc64.exe,69888,0x00000000078F7300,DXGI,0,512,0,10.07456550000000,0.07970000000000,0.18320000000000,1,Hardware: Independent Flip,1.06030000000000,14.26420000000000,13.26300000000000,13.20390000000000,1.00120000000000,0.05910000000000,0.00000000000000
mpc-hc64.exe,69888,0x00000000078F7300,DXGI,0,512,0,10.10297390000000,0.15900000000000,28.40840000000000,1,Hardware: Independent Flip,1.32370000000000,9.25990000000000,23.40410000000000,7.93620000000000,-27.34810000000000,9.60020000000000,0.00000000000000
mpc-hc64.exe,69888,0x00000000078F7300,DXGI,0,512,0,10.10319210000000,0.08650000000000,0.21820000000000,1,Hardware: Independent Flip,1.16500000000000,15.45130000000000,6.40960000000000,14.28630000000000,1.10550000000000,0.05950000000000,0.00000000000000
mpc-hc64.exe,69888,0x00000000078F7300,DXGI,0,512,0,10.12969500000000,0.13660000000000,26.50290000000000,1,Hardware: Independent Flip,1.43250000000000,10.41330000000000,21.46490000000000,8.98080000000000,-25.33790000000000,10.19130000000000,0.00000000000000
mpc-hc64.exe,69888,0x00000000078F7300,DXGI,0,512,0,10.12989510000000,0.08980000000000,0.20010000000000,1,Hardware: Independent Flip,1.28800000000000,14.62820000000000,4.41500000000000,13.34020000000000,1.23240000000000,0.05560000000000,0.00000000000000
mpc-hc64.exe,69888,0x00000000078F7300,DXGI,0,512,0,10.16042640000000,0.15350000000000,30.53130000000000,1,Hardware: Independent Flip,1.19470000000000,2.27940000000000,18.18250000000000,1.08470000000000,-29.24330000000000,10.01410000000000,0.00000000000000
mpc-hc64.exe,69888,0x00000000078F7300,DXGI,0,512,0,10.16063670000000,0.08430000000000,0.21030000000000,1,Hardware: Independent Flip,1.05300000000000,16.23400000000000,14.16490000000000,15.18100000000000,0.98440000000000,0.06860000000000,0.00000000000000
mpc-hc64.exe,69888,0x00000000078F7300,DXGI,0,512,0,10.18666420000000,0.14150000000000,26.02750000000000,1,Hardware: Independent Flip,1.19260000000000,1.19260000000000,10.98610000000000,0.00000000000000,-24.97450000000000,9.63520000000000,0.00000000000000
mpc-hc64.exe,69888,0x00000000078F7300,DXGI,0,512,0,10.18686280000000,0.08530000000000,0.19860000000000,1,Hardware: Independent Flip,1.04980000000000,14.08670000000000,13.09270000000000,13.03690000000000,0.99400000000000,0.05580000000000,0.00000000000000
mpc-hc64.exe,69888,0x00000000078F7300,DXGI,0,512,0,10.21413180000000,0.14040000000000,27.26900000000000,1,Hardware: Independent Flip,1.21530000000000,1.21530000000000,14.39760000000000,0.00000000000000,-26.21920000000000,9.93440000000000,0.00000000000000
mpc-hc64.exe,69888,0x00000000078F7300,DXGI,0,512,0,10.21432610000000,0.08630000000000,0.19430000000000,1,Hardware: Independent Flip,1.07760000000000,14.74760000000000,13.72660000000000,13.67000000000000,1.02100000000000,0.05660000000000,0.00000000000000
mpc-hc64.exe,69888,0x00000000078F7300,DXGI,0,512,0,10.24082690000000,0.30470000000000,26.50080000000000,1,Hardware: Independent Flip,1.57050000000000,1.57050000000000,13.32370000000000,0.00000000000000,-25.42320000000000,10.36920000000000,0.00000000000000
mpc-hc64.exe,69888,0x00000000078F7300,DXGI,0,512,0,10.24121810000000,0.13800000000000,0.39120000000000,1,Hardware: Independent Flip,1.24170000000000,14.68630000000000,13.50700000000000,13.44460000000000,1.17930000000000,0.06240000000000,0.00000000000000
mpc-hc64.exe,69888,0x00000000078F7300,DXGI,0,512,0,10.26952180000000,0.15090000000000,28.30370000000000,1,Hardware: Independent Flip,1.20950000000000,9.29380000000000,22.91120000000000,8.08430000000000,-27.06200000000000,9.50450000000000,0.00000000000000
mpc-hc64.exe,69888,0x00000000078F7300,DXGI,0,512,0,10.26972860000000,0.08180000000000,0.20680000000000,1,Hardware: Independent Flip,1.05850000000000,15.14400000000000,6.05700000000000,14.08550000000000,1.00270000000000,0.05580000000000,0.00000000000000
mpc-hc64.exe,69888,0x00000000078F7300,DXGI,0,512,0,10.29747540000000,0.17160000000000,27.74680000000000,1,Hardware: Independent Flip,1.20660000000000,1.20660000000000,13.80940000000000,0.00000000000000,-26.68830000000000,9.66550000000000,0.00000000000000
mpc-hc64.exe,69888,0x00000000078F7300,DXGI,0,512,0,10.29770300000000,0.08500000000000,0.22760000000000,1,Hardware: Independent Flip,1.03630000000000,14.93430000000000,13.95530000000000,13.89800000000000,0.97900000000000,0.05730000000000,0.00000000000000
mpc-hc64.exe,69888,0x00000000078F7300,DXGI,0,512,0,10.32453900000000,0.13920000000000,26.83600000000000,1,Hardware: Independent Flip,1.44110000000000,1.44110000000000,13.34280000000000,0.00000000000000,-25.79970000000000,10.47050000000000,0.00000000000000
mpc-hc64.exe,69888,0x00000000078F7300,DXGI,0,512,0,10.32473760000000,0.08910000000000,0.19860000000000,1,Hardware: Independent Flip,1.30970000000000,14.89470000000000,13.65220000000000,13.58500000000000,1.24250000000000,0.06720000000000,0.00000000000000
mpc-hc64.exe,69888,0x00000000078F7300,DXGI,0,512,0,10.35222750000000,0.13430000000000,27.48990000000000,1,Hardware: Independent Flip,1.35600000000000,9.35590000000000,21.95110000000000,7.99990000000000,-26.18020000000000,10.11210000000000,0.00000000000000
mpc-hc64.exe,69888,0x00000000078F7300,DXGI,0,512,0,10.35245110000000,0.08820000000000,0.22360000000000,1,Hardware: Independent Flip,1.18970000000000,14.90860000000000,5.77630000000000,13.71890000000000,1.13240000000000,0.05730000000000,0.00000000000000
mpc-hc64.exe,69888,0x00000000078F7300,DXGI,0,512,0,10.38140400000000,0.16220000000000,28.95290000000000,1,Hardware: Independent Flip,1.22110000000000,1.22110000000000,15.26540000000000,0.00000000000000,-27.76320000000000,9.46710000000000,0.00000000000000
mpc-hc64.exe,69888,0x00000000078F7300,DXGI,0,512,0,10.38162370000000,0.08310000000000,0.21970000000000,1,Hardware: Independent Flip,1.06750000000000,15.50020000000000,14.49880000000000,14.43270000000000,1.00140000000000,0.06610000000000,0.00000000000000
mpc-hc64.exe,69888,0x00000000078F7300,DXGI,0,512,0,10.40839970000000,0.19150000000000,26.77600000000000,1,Hardware: Independent Flip,1.23360000000000,1.23360000000000,12.50940000000000,0.00000000000000,-25.70850000000000,9.75320000000000,0.00000000000000
mpc-hc64.exe,69888,0x00000000078F7300,DXGI,0,512,0,10.40864880000000,0.08830000000000,0.24910000000000,1,Hardware: Independent Flip,1.04280000000000,14.46440000000000,13.47990000000000,13.42160000000000,0.98450000000000,0.05830000000000,0.00000000000000
mpc-hc64.exe,69888,0x00000000078F7300,DXGI,0,512,0,10.43680670000000,0.14700000000000,28.15790000000000,1,Hardware: Independent Flip,1.16380000000000,2.78700000000000,16.48050000000000,1.62320000000000,-27.11510000000000,9.87560000000000,0.00000000000000
mpc-hc64.exe,69888,0x00000000078F7300,DXGI,0,512,0,10.43700920000000,0.08200000000000,0.20250000000000,1,Hardware: Independent Flip,1.01780000000000,15.10470000000000,12.52020000000000,14.08690000000000,0.96130000000000,0.05650000000000,0.00000000000000
mpc-hc64.exe,69888,0x00000000078F7300,DXGI,0,512,0,10.46313010000000,0.15670000000000,26.12090000000000,1,Hardware: Independent Flip,1.41880000000000,1.41880000000000,12.43500000000000,0.00000000000000,-25.10310000000000,10.35010000000000,0.00000000000000
mpc-hc64.exe,69888,0x00000000078F7300,DXGI,0,512,0,10.46335880000000,0.08220000000000,0.22870000000000,1,Hardware: Independent Flip,1.24560000000000,14.45210000000000,13.26200000000000,13.20650000000000,1.19010000000000,0.05550000000000,0.00000000000000
mpc-hc64.exe,69888,0x00000000078F7300,DXGI,0,512,0,10.49176880000000,0.14220000000000,28.41000000000000,1,Hardware: Independent Flip,1.21810000000000,9.36990000000000,23.32780000000000,8.15180000000000,-27.16440000000000,9.35390000000000,0.00000000000000
mpc-hc64.exe,69888,0x00000000078F7300,DXGI,0,512,0,10.49196830000000,0.08500000000000,0.19950000000000,1,Hardware: Independent Flip,1.07750000000000,15.21960000000000,6.04920000000000,14.14210000000000,1.01860000000000,0.05890000000000,0.00000000000000
mpc-hc64.exe,69888,0x00000000078F7300,DXGI,0,512,0,10.52005780000000,0.15810000000000,28.08950000000000,1,Hardware: Independent Flip,1.20870000000000,10.85150000000000,23.72140000000000,9.64280000000000,-27.01200000000000,9.62470000000000,0.00000000000000
mpc-hc64.exe,69888,0x00000000078F7300,DXGI,0,512,0,10.52027250000000,0.08860000000000,0.21470000000000,1,Hardware: Independent Flip,1.05350000000000,15.11100000000000,4.47420000000000,14.05750000000000,0.99400000000000,0.05950000000000,0.00000000000000
mpc-hc64.exe,69888,0x00000000078F7300,DXGI,0,512,0,10.54736990000000,0.18980000000000,27.09740000000000,1,Hardware: Independent Flip,1.55510000000000,4.49580000000000,16.48220000000000,2.94070000000000,-26.04390000000000,10.07720000000000,0.00000000000000
mpc-hc64.exe,69888,0x00000000078F7300,DXGI,0,512,0,10.54765410000000,0.10790000000000,0.28420000000000,1,Hardware: Independent Flip,1.32690000000000,15.07410000000000,10.86250000000000,13.74720000000000,1.27090000000000,0.05600000000000,0.00000000000000
mpc-hc64.exe,69888,0x00000000078F7300,DXGI,0,512,0,10.57494380000000,0.14110000000000,27.28970000000000,1,Hardware: Independent Flip,1.18650000000000,9.40390000000000,21.61950000000000,8.21740000000000,-25.96280000000000,9.39640000000000,0.00000000000000
mpc-hc64.exe,69888,0x00000000078F7300,DXGI,0,512,0,10.57514300000000,0.08680000000000,0.19920000000000,1,Hardware: Independent Flip,1.04530000000000,14.57080000000000,5.36610000000000,13.52550000000000,0.98730000000000,0.05800000000000,0.00000000000000
mpc-hc64.exe,69888,0x00000000078F7300,DXGI,0,512,0,10.60217370000000,0.18060000000000,27.03070000000000,1,Hardware: Independent Flip,1.34000000000000,1.34000000000000,13.79990000000000,0.00000000000000,-25.98540000000000,10.07590000000000,0.00000000000000
mpc-hc64.exe,69888,0x00000000078F7300,DXGI,0,512,0,10.60241230000000,0.08870000000000,0.23860000000000,1,Hardware: Independent Flip,1.16290000000000,14.77440000000000,13.67300000000000,13.61150000000000,1.10140000000000,0.06150000000000,0.00000000000000
mpc-hc64.exe,69888,0x00000000078F7300,DXGI,0,512,0,10.62989060000000,0.29680000000000,27.47830000000000,1,Hardware: Independent Flip,1.21120000000000,9.41050000000000,22.11440000000000,8.19930000000000,-26.31540000000000,10.10080000000000,0.00000000000000
mpc-hc64.exe,69888,0x00000000078F7300,DXGI,0,512,0,10.63029490000000,0.12640000000000,0.40430000000000,1,Hardware: Independent Flip,0.99420000000000,14.64320000000000,5.63700000000000,13.64900000000000,0.80690000000000,0.18730000000000,0.00000000000000
mpc-hc64.exe,69888,0x00000000078F7300,DXGI,0,512,0,10.65861040000000,0.16090000000000,28.31550000000000,1,Hardware: Independent Flip,1.16540000000000,9.47400000000000,23.14630000000000,8.30860000000000,-27.32130000000000,9.96410000000000,0.00000000000000
mpc-hc64.exe,69888,0x00000000078F7300,DXGI,0,512,0,10.65883020000000,0.08580000000000,0.21980000000000,1,Hardware: Independent Flip,1.02070000000000,15.22400000000000,5.96980000000000,14.20330000000000,0.94560000000000,0.07510000000000,0.00000000000000
mpc-hc64.exe,69888,0x00000000078F7300,DXGI,0,512,0,10.68639000000000,0.13020000000000,27.55980000000000,1,Hardware: Independent Flip,1.28480000000000,10.93610000000000,23.27190000000000,9.65130000000000,-26.53910000000000,9.73660000000000,0.00000000000000
mpc-hc64.exe,69888,0x00000000078F7300,DXGI,0,512,0,10.68658000000000,0.08500000000000,0.19000000000000,1,Hardware: Independent Flip,1.14990000000000,15.01590000000000,4.26980000000000,13.86600000000000,1.09480000000000,0.05510000000000,0.00000000000000
mpc-hc64.exe,69888,0x00000000078F7300,DXGI,0,512,0,10.71319820000000,0.19550000000000,26.61820000000000,1,Hardware: Independent Flip,1.17430000000000,1.17430000000000,12.77660000000000,0.00000000000000,-25.46830000000000,9.97010000000000,0.00000000000000
mpc-hc64.exe,69888,0x00000000078F7300,DXGI,0,512,0,10.71345700000000,0.09400000000000,0.25880000000000,1,Hardware: Independent Flip,0.97150000000000,14.24600000000000,13.33050000000000,13.27450000000000,0.91550000000000,0.05600000000000,0.00000000000000
mpc-hc64.exe,69888,0x00000000078F7300,DXGI,0,512,0,10.74095550000000,0.15070000000000,27.49850000000000,1,Hardware: Independent Flip,1.17570000000000,9.24620000000000,22.49870000000000,8.07050000000000,-26.52700000000000,10.28140000000000,0.00000000000000
mpc-hc64.exe,69888,0x00000000078F7300,DXGI,0,512,0,10.74116470000000,0.08120000000000,0.20920000000000,1,Hardware: Independent Flip,1.02810000000000,14.83130000000000,5.79430000000000,13.80320000000000,0.96650000000000,0.06160000000000,0.00000000000000
mpc-hc64.exe,69888,0x00000000078F7300,DXGI,0,512,0,10.77268900000000,0.13910000000000,31.52430000000000,1,Hardware: Independent Flip,1.22160000000000,9.83070000000000,26.52370000000000,8.60910000000000,-30.49620000000000,9.82500000000000,0.00000000000000
mpc-hc64.exe,69888,0x00000000078F7300,DXGI,0,512,0,10.77288180000000,0.07940000000000,0.19280000000000,1,Hardware: Independent Flip,1.08570000000000,16.89810000000000,7.26020000000000,15.81240000000000,1.02880000000000,0.05690000000000,0.00000000000000
mpc-hc64.exe,69888,0x00000000078F7300,DXGI,0,512,0,10.79741450000000,0.14850000000000,24.53270000000000,1,Hardware: Independent Flip,1.26920000000000,15.77370000000000,23.40830000000000,14.50450000000000,-23.44700000000000,9.76430000000000,0.00000000000000
mpc-hc64.exe,69888,0x00000000078F7300,DXGI,0,512,0,10.79761700000000,0.09900000000000,0.20250000000000,1,Hardware: Independent Flip,1.12280000000000,15.57120000000000,0.00000000000000,14.44840000000000,1.06670000000000,0.05610000000000,0.00000000000000
mpc-hc64.exe,69888,0x00000000078F7300,DXGI,0,512,0,10.82507240000000,0.12870000000000,27.45540000000000,1,Hardware: Independent Flip,1.23990000000000,9.23050000000000,21.11470000000000,7.99060000000000,-26.33260000000000,9.50040000000000,0.00000000000000
mpc-hc64.exe,69888,0x00000000078F7300,DXGI,0,512,0,10.82525320000000,0.08580000000000,0.18080000000000,1,Hardware: Independent Flip,1.11380000000000,14.84630000000000,5.79660000000000,13.73250000000000,1.05910000000000,0.05470000000000,0.00000000000000
mpc-hc64.exe,69888,0x00000000078F7300,DXGI,0,512,0,10.85294140000000,0.13350000000000,27.68820000000000,1,Hardware: Independent Flip,1.18810000000000,10.55450000000000,23.39640000000000,9.36640000000000,-26.57440000000000,9.57050000000000,0.00000000000000
mpc-hc64.exe,69888,0x00000000078F7300,DXGI,0,512,0,10.85313080000000,0.08400000000000,0.18940000000000,1,Hardware: Independent Flip,1.06590000000000,14.90860000000000,4.54350000000000,13.84270000000000,0.99870000000000,0.06720000000000,0.00000000000000
mpc-hc64.exe,69888,0x00000000078F7300,DXGI,0,512,0,10.87988550000000,0.16670000000000,26.75470000000000,1,Hardware: Independent Flip,1.42670000000000,10.90740000000000,22.75350000000000,9.48070000000000,-25.68880000000000,10.25310000000000,0.00000000000000
mpc-hc64.exe,69888,0x00000000078F7300,DXGI,0,512,0,10.88011190000000,0.09010000000000,0.22640000000000,1,Hardware: Independent Flip,1.26870000000000,14.79030000000000,4.10930000000000,13.52160000000000,1.20030000000000,0.06840000000000,0.00000000000000
mpc-hc64.exe,69888,0x00000000078F7300,DXGI,0,512,0,10.90766850000000,0.13170000000000,27.55660000000000,1,Hardware: Independent Flip,1.19780000000000,9.74120000000000,22.50750000000000,8.54340000000000,-26.28790000000000,9.87070000000000,0.00000000000000
mpc-hc64.exe,69888,0x00000000078F7300,DXGI,0,512,0,10.90785630000000,0.08210000000000,0.18780000000000,1,Hardware: Independent Flip,1.06510000000000,14.75440000000000,5.20100000000000,13.68930000000000,1.01000000000000,0.05510000000000,0.00000000000000
mpc-hc64.exe,69888,0x00000000078F7300,DXGI,0,512,0,10.93657480000000,0.12790000000000,28.71850000000000,1,Hardware: Independent Flip,1.27180000000000,9.68350000000000,23.64760000000000,8.41170000000000,-27.65340000000000,9.55400000000000,0.00000000000000
mpc-hc64.exe,69888,0x00000000078F7300,DXGI,0,512,0,10.93675360000000,0.10120000000000,0.17880000000000,1,Hardware: Independent Flip,1.14880000000000,15.56560000000000,6.06090000000000,14.41680000000000,1.09300000000000,0.05580000000000,0.00000000000000
mpc-hc64.exe,69888,0x00000000078F7300,DXGI,0,512,0,10.96319100000000,0.14980000000000,26.43740000000000,1,Hardware: Independent Flip,1.16990000000000,4.55480000000000,15.42660000000000,3.38490000000000,-25.28860000000000,10.02520000000000,0.00000000000000
mpc-hc64.exe,69888,0x00000000078F7300,DXGI,0,512,0,10.96343480000000,0.08900000000000,0.24380000000000,1,Hardware: Independent Flip,0.99980000000000,14.18800000000000,9.87700000000000,13.18820000000000,0.92610000000000,0.07370000000000,0.00000000000000
mpc-hc64.exe,69888,0x00000000078F7300,DXGI,0,512,0,10.99107750000000,0.13140000000000,27.64270000000000,1,Hardware: Independent Flip,1.18580000000000,9.14750000000000,22.60220000000000,7.96170000000000,-26.64290000000000,10.09040000000000,0.00000000000000
mpc-hc64.exe,69888,0x00000000078F7300,DXGI,0,512,0,10.99126500000000,0.08280000000000,0.18750000000000,1,Hardware: Independent Flip,1.05360000000000,14.91420000000000,5.95420000000000,13.86060000000000,0.99830000000000,0.05530000000000,0.00000000000000
mpc-hc64.exe,69888,0x00000000078F7300,DXGI,0,512,0,11.01943680000000,0.15410000000000,28.17180000000000,1,Hardware: Independent Flip,1.31940000000000,9.98440000000000,23.24200000000000,8.66500000000000,-27.11820000000000,9.85350000000000,0.00000000000000
mpc-hc64.exe,69888,0x00000000078F7300,DXGI,0,512,0,11.01964670000000,0.08070000000000,0.20990000000000,1,Hardware: Independent Flip,1.16360000000000,15.33790000000000,5.56340000000000,14.17430000000000,1.10950000000000,0.05410000000000,0.00000000000000
mpc-hc64.exe,69888,0x00000000078F7300,DXGI,0,512,0,11.04742010000000,0.13270000000000,27.77340000000000,1,Hardware: Independent Flip,1.27180000000000,10.89850000000000,23.33400000000000,9.62670000000000,-26.60980000000000,9.74060000000000,0.00000000000000
mpc-hc64.exe,69888,0x00000000078F7300,DXGI,0,512,0,11.04760360000000,0.08010000000000,0.18350000000000,1,Hardware: Independent Flip,1.14910000000000,15.03280000000000,4.31780000000000,13.88370000000000,1.08830000000000,0.06080000000000,0.00000000000000
mpc-hc64.exe,69888,0x00000000078F7300,DXGI,0,512,0,11.07469470000000,0.14270000000000,27.09110000000000,1,Hardware: Independent Flip,1.28980000000000,3.68350000000000,15.74180000000000,2.39370000000000,-25.94200000000000,10.37510000000000,0.00000000000000
mpc-hc64.exe,69888,0x00000000078F7300,DXGI,0,512,0,11.07491190000000,0.08560000000000,0.21720000000000,1,Hardware: Independent Flip,1.12810000000000,14.69730000000000,11.23100000000000,13.56920000000000,1.07260000000000,0.05550000000000,0.00000000000000
mpc-hc64.exe,69888,0x00000000078F7300,DXGI,0,512,0,11.10265220000000,0.14790000000000,27.74030000000000,1,Hardware: Independent Flip,1.27570000000000,10.16290000000000,23.20590000000000,8.88720000000000,-26.61220000000000,10.44930000000000,0.00000000000000
mpc-hc64.exe,69888,0x00000000078F7300,DXGI,0,512,0,11.10285280000000,0.08140000000000,0.20060000000000,1,Hardware: Independent Flip,1.13090000000000,15.01930000000000,5.05700000000000,13.88840000000000,1.07510000000000,0.05580000000000,0.00000000000000
mpc-hc64.exe,69888,0x00000000078F7300,DXGI,0,512,0,11.13030310000000,0.15540000000000,27.45030000000000,1,Hardware: Independent Flip,1.21370000000000,10.50000000000000,22.93100000000000,9.28630000000000,-26.31940000000000,10.35560000000000,0.00000000000000
mpc-hc64.exe,69888,0x00000000078F7300,DXGI,0,512,0,11.13051740000000,0.08960000000000,0.21430000000000,1,Hardware: Independent Flip,1.07080000000000,14.78650000000000,4.50080000000000,13.71570000000000,0.99940000000000,0.07140000000000,0.00000000000000
mpc-hc64.exe,69888,0x00000000078F7300,DXGI,0,512,0,11.15939900000000,0.16970000000000,28.88160000000000,1,Hardware: Independent Flip,1.23780000000000,1.23780000000000,15.33290000000000,0.00000000000000,-27.81080000000000,10.61220000000000,0.00000000000000
mpc-hc64.exe,69888,0x00000000078F7300,DXGI,0,512,0,11.15963000000000,0.09180000000000,0.23100000000000,1,Hardware: Independent Flip,1.06760000000000,15.54930000000000,14.54250000000000,14.48170000000000,1.00680000000000,0.06080000000000,0.00000000000000
mpc-hc64.exe,69888,0x00000000078F7300,DXGI,0,512,0,11.18733700000000,0.15730000000000,27.70700000000000,1,Hardware: Independent Flip,1.23800000000000,1.23800000000000,13.39570000000000,0.00000000000000,-26.63940000000000,10.12450000000000,0.00000000000000
mpc-hc64.exe,69888,0x00000000078F7300,DXGI,0,512,0,11.18755530000000,0.08540000000000,0.21830000000000,1,Hardware: Independent Flip,1.07750000000000,14.96610000000000,13.94640000000000,13.88860000000000,1.01970000000000,0.05780000000000,0.00000000000000
mpc-hc64.exe,69888,0x00000000078F7300,DXGI,0,512,0,11.21473490000000,0.14320000000000,27.17960000000000,1,Hardware: Independent Flip,1.23200000000000,3.38460000000000,15.59810000000000,2.15260000000000,-26.10210000000000,10.19700000000000,0.00000000000000
mpc-hc64.exe,69888,0x00000000078F7300,DXGI,0,512,0,11.21493750000000,0.09370000000000,0.20260000000000,1,Hardware: Independent Flip,1.09280000000000,14.71180000000000,11.52980000000000,13.61900000000000,1.02940000000000,0.06340000000000,0.00000000000000
mpc-hc64.exe,69888,0x00000000078F7300,DXGI,0,512,0,11.24190380000000,0.16370000000000,26.96630000000000,1,Hardware: Independent Flip,1.20230000000000,11.01860000000000,23.27310000000000,9.81630000000000,-25.87350000000000,9.85090000000000,0.00000000000000
mpc-hc64.exe,69888,0x00000000078F7300,DXGI,0,512,0,11.24212300000000,0.08560000000000,0.21920000000000,1,Hardware: Independent Flip,1.04140000000000,14.52880000000000,3.72940000000000,13.48740000000000,0.98310000000000,0.05830000000000,0.00000000000000
mpc-hc64.exe,69888,0x00000000078F7300,DXGI,0,512,0,11.26914610000000,0.15170000000000,27.02310000000000,1,Hardware: Independent Flip,1.18160000000000,10.21140000000000,22.70570000000000,9.02980000000000,-25.98170000000000,10.36790000000000,0.00000000000000
mpc-hc64.exe,69888,0x00000000078F7300,DXGI,0,512,0,11.26936260000000,0.09250000000000,0.21650000000000,1,Hardware: Independent Flip,1.02460000000000,14.55520000000000,4.56030000000000,13.53060000000000,0.96510000000000,0.05950000000000,0.00000000000000
mpc-hc64.exe,69888,0x00000000078F7300,DXGI,0,512,0,11.29759420000000,0.18720000000000,28.23160000000000,1,Hardware: Independent Flip,1.22500000000000,9.49380000000000,23.17020000000000,8.26880000000000,-27.20700000000000,9.91740000000000,0.00000000000000
mpc-hc64.exe,69888,0x00000000078F7300,DXGI,0,512,0,11.29784840000000,0.09890000000000,0.25420000000000,1,Hardware: Independent Flip,1.03840000000000,15.19770000000000,5.95810000000000,14.15930000000000,0.97080000000000,0.06760000000000,0.00000000000000
mpc-hc64.exe,69888,0x00000000078F7300,DXGI,0,512,0,11.32473170000000,0.13780000000000,26.88330000000000,1,Hardware: Independent Flip,1.21380000000000,1.21380000000000,12.89940000000000,0.00000000000000,-25.84490000000000,10.48420000000000,0.00000000000000
mpc-hc64.exe,69888,0x00000000078F7300,DXGI,0,512,0,11.32492880000000,0.08820000000000,0.19710000000000,1,Hardware: Independent Flip,1.07650000000000,14.55020000000000,13.53350000000000,13.47370000000000,1.01670000000000,0.05980000000000,0.00000000000000
mpc-hc64.exe,69888,0x00000000078F7300,DXGI,0,512,0,11.35240120000000,0.13280000000000,27.47240000000000,1,Hardware: Independent Flip,1.19160000000000,1.19160000000000,14.11380000000000,0.00000000000000,-26.39590000000000,10.42530000000000,0.00000000000000
mpc-hc64.exe,69888,0x00000000078F7300,DXGI,0,512,0,11.35259510000000,0.09170000000000,0.19390000000000,1,Hardware: Independent Flip,1.06380000000000,14.80130000000000,13.80360000000000,13.73750000000000,0.99770000000000,0.06610000000000,0.00000000000000
mpc-hc64.exe,69888,0x00000000078F7300,DXGI,0,512,0,11.38072670000000,0.21790000000000,28.13160000000000,1,Hardware: Independent Flip,0.87780000000000,0.87780000000000,14.20810000000000,0.00000000000000,-27.06780000000000,10.34470000000000,0.00000000000000
mpc-hc64.exe,69888,0x00000000078F7300,DXGI,0,512,0,11.38101660000000,0.09890000000000,0.28990000000000,1,Hardware: Independent Flip,0.64840000000000,14.57030000000000,13.98240000000000,13.92190000000000,0.58790000000000,0.05770000000000,0.00000000000000
mpc-hc64.exe,69888,0x00000000078F7300,DXGI,0,512,0,11.40892580000000,0.15320000000000,27.90920000000000,1,Hardware: Independent Flip,1.22890000000000,3.33860000000000,16.67750000000000,2.10970000000000,-27.26080000000000,10.84990000000000,0.00000000000000
mpc-hc64.exe,69888,0x00000000078F7300,DXGI,0,512,0,11.40914010000000,0.09890000000000,0.21430000000000,1,Hardware: Independent Flip,1.07590000000000,15.26830000000000,12.14400000000000,14.19240000000000,1.01460000000000,0.06130000000000,0.00000000000000
mpc-hc64.exe,69888,0x00000000078F7300,DXGI,0,512,0,11.43769660000000,0.18720000000000,28.55650000000000,1,Hardware: Independent Flip,1.26610000000000,1.26610000000000,14.55430000000000,0.00000000000000,-27.48060000000000,9.97410000000000,0.00000000000000
mpc-hc64.exe,69888,0x00000000078F7300,DXGI,0,512,0,11.43794150000000,0.10090000000000,0.24490000000000,1,Hardware: Independent Flip,1.08090000000000,15.40100000000000,14.37980000000000,14.32010000000000,1.02120000000000,0.05970000000000,0.00000000000000
mpc-hc64.exe,69888,0x00000000078F7300,DXGI,0,512,0,11.46460170000000,0.14610000000000,26.66020000000000,1,Hardware: Independent Flip,1.21910000000000,1.21910000000000,12.47830000000000,0.00000000000000,-25.57930000000000,9.93060000000000,0.00000000000000
mpc-hc64.exe,69888,0x00000000078F7300,DXGI,0,512,0,11.46481130000000,0.08650000000000,0.20960000000000,1,Hardware: Independent Flip,1.06890000000000,14.41630000000000,13.40680000000000,13.34740000000000,1.00950000000000,0.05940000000000,0.00000000000000
mpc-hc64.exe,69888,0x00000000078F7300,DXGI,0,512,0,11.49217410000000,0.17810000000000,27.36280000000000,1,Hardware: Independent Flip,1.18980000000000,10.17100000000000,23.11750000000000,8.98120000000000,-26.29390000000000,9.60870000000000,0.00000000000000
mpc-hc64.exe,69888,0x00000000078F7300,DXGI,0,512,0,11.49242200000000,0.09460000000000,0.24790000000000,1,Hardware: Independent Flip,1.00540000000000,14.69020000000000,4.76710000000000,13.68480000000000,0.94190000000000,0.06350000000000,0.00000000000000
mpc-hc64.exe,69888,0x00000000078F7300,DXGI,0,512,0,11.52044300000000,0.17660000000000,28.02100000000000,1,Hardware: Independent Flip,1.21680000000000,1.21680000000000,14.54760000000000,0.00000000000000,-27.01560000000000,9.99810000000000,0.00000000000000
mpc-hc64.exe,69888,0x00000000078F7300,DXGI,0,512,0,11.52069580000000,0.09560000000000,0.25280000000000,1,Hardware: Independent Flip,1.02550000000000,15.08460000000000,14.12060000000000,14.05910000000000,0.96400000000000,0.06150000000000,0.00000000000000
mpc-hc64.exe,69888,0x00000000078F7300,DXGI,0,512,0,11.54775900000000,0.15410000000000,27.06320000000000,1,Hardware: Independent Flip,1.25180000000000,1.25180000000000,13.23040000000000,0.00000000000000,-26.03770000000000,9.83530000000000,0.00000000000000
mpc-hc64.exe,69888,0x00000000078F7300,DXGI,0,512,0,11.54797160000000,0.08610000000000,0.21260000000000,1,Hardware: Independent Flip,1.10320000000000,14.69120000000000,13.65200000000000,13.58800000000000,1.03920000000000,0.06400000000000,0.00000000000000
mpc-hc64.exe,69888,0x00000000078F7300,DXGI,0,512,0,11.57460690000000,0.14000000000000,26.63530000000000,1,Hardware: Independent Flip,1.20910000000000,1.20910000000000,13.15320000000000,0.00000000000000,-25.53210000000000,10.29280000000000,0.00000000000000
mpc-hc64.exe,69888,0x00000000078F7300,DXGI,0,512,0,11.57480760000000,0.08640000000000,0.20070000000000,1,Hardware: Independent Flip,1.06720000000000,14.39070000000000,13.38230000000000,13.32350000000000,1.00840000000000,0.05880000000000,0.00000000000000
mpc-hc64.exe,69888,0x00000000078F7300,DXGI,0,512,0,11.60275050000000,0.15580000000000,27.94290000000000,1,Hardware: Independent Flip,1.24810000000000,9.19470000000000,22.74690000000000,7.94660000000000,-26.87570000000000,9.69320000000000,0.00000000000000
mpc-hc64.exe,69888,0x00000000078F7300,DXGI,0,512,0,11.60296050000000,0.09070000000000,0.21000000000000,1,Hardware: Independent Flip,1.09690000000000,15.11160000000000,6.12690000000000,14.01470000000000,1.03810000000000,0.05880000000000,0.00000000000000
mpc-hc64.exe,69888,0x00000000078F7300,DXGI,0,512,0,11.63110250000000,0.13550000000000,28.14200000000000,1,Hardware: Independent Flip,1.20490000000000,3.48880000000000,16.51920000000000,2.28390000000000,-27.04510000000000,10.19560000000000,0.00000000000000
mpc-hc64.exe,69888,0x00000000078F7300,DXGI,0,512,0,11.63129520000000,0.08540000000000,0.19270000000000,1,Hardware: Independent Flip,1.08010000000000,15.16810000000000,11.87200000000000,14.08800000000000,1.01220000000000,0.06790000000000,0.00000000000000
mpc-hc64.exe,69888,0x00000000078F7300,DXGI,0,512,0,11.65861690000000,0.15640000000000,27.32170000000000,1,Hardware: Independent Flip,1.23460000000000,1.23460000000000,13.38820000000000,0.00000000000000,-26.24160000000000,9.77900000000000,0.00000000000000
mpc-hc64.exe,69888,0x00000000078F7300,DXGI,0,512,0,11.65882790000000,0.13310000000000,0.21100000000000,1,Hardware: Independent Flip,1.08020000000000,14.77150000000000,13.74790000000000,13.69130000000000,1.02360000000000,0.05660000000000,0.00000000000000
mpc-hc64.exe,69888,0x00000000078F7300,DXGI,0,512,0,11.68653420000000,0.13600000000000,27.70630000000000,1,Hardware: Independent Flip,1.29210000000000,10.62040000000000,23.55520000000000,9.32830000000000,-26.62610000000000,10.04810000000000,0.00000000000000
mpc-hc64.exe,69888,0x00000000078F7300,DXGI,0,512,0,11.68672710000000,0.09950000000000,0.19290000000000,1,Hardware: Independent Flip,1.17110000000000,15.06530000000000,4.63780000000000,13.89420000000000,1.09920000000000,0.07190000000000,0.00000000000000
mpc-hc64.exe,69888,0x00000000078F7300,DXGI,0,512,0,11.71339540000000,0.13200000000000,26.66830000000000,1,Hardware: Independent Flip,1.21700000000000,10.82550000000000,22.42850000000000,9.60850000000000,-25.49720000000000,10.12770000000000,0.00000000000000
mpc-hc64.exe,69888,0x00000000078F7300,DXGI,0,512,0,11.71358110000000,0.08210000000000,0.18570000000000,1,Hardware: Independent Flip,1.08770000000000,14.39230000000000,3.75250000000000,13.30460000000000,1.03130000000000,0.05640000000000,0.00000000000000
mpc-hc64.exe,69888,0x00000000078F7300,DXGI,0,512,0,11.74124480000000,0.15840000000000,27.66370000000000,1,Hardware: Independent Flip,1.45790000000000,9.63710000000000,22.90850000000000,8.17920000000000,-26.57600000000000,10.73250000000000,0.00000000000000
mpc-hc64.exe,69888,0x00000000078F7300,DXGI,0,512,0,11.74146140000000,0.08770000000000,0.21660000000000,1,Hardware: Independent Flip,1.31620000000000,15.29420000000000,5.87370000000000,13.97800000000000,1.24130000000000,0.07490000000000,0.00000000000000
mpc-hc64.exe,69888,0x00000000078F7300,DXGI,0,512,0,11.76949580000000,0.13850000000000,28.03440000000000,1,Hardware: Independent Flip,1.21000000000000,3.32380000000000,16.06400000000000,2.11380000000000,-26.71820000000000,9.41470000000000,0.00000000000000
mpc-hc64.exe,69888,0x00000000078F7300,DXGI,0,512,0,11.76969030000000,0.08460000000000,0.19450000000000,1,Hardware: Independent Flip,1.07920000000000,14.99440000000000,11.86510000000000,13.91520000000000,1.01550000000000,0.06370000000000,0.00000000000000
mpc-hc64.exe,69888,0x00000000078F7300,DXGI,0,512,0,11.79821380000000,0.15730000000000,28.52350000000000,1,Hardware: Independent Flip,1.25740000000000,10.73310000000000,24.26220000000000,9.47570000000000,-27.44430000000000,9.86890000000000,0.00000000000000
mpc-hc64.exe,69888,0x00000000078F7300,DXGI,0,512,0,11.79842940000000,0.08470000000000,0.21560000000000,1,Hardware: Independent Flip,1.09620000000000,15.39300000000000,4.87550000000000,14.29680000000000,1.04180000000000,0.05440000000000,0.00000000000000
mpc-hc64.exe,69888,0x00000000078F7300,DXGI,0,512,0,11.82442910000000,0.12770000000000,25.99970000000000,1,Hardware: Independent Flip,1.28670000000000,5.29390000000000,15.90060000000000,4.00720000000000,-24.90350000000000,10.24920000000000,0.00000000000000
mpc-hc64.exe,69888,0x00000000078F7300,DXGI,0,512,0,11.82460980000000,0.08180000000000,0.18070000000000,1,Hardware: Independent Flip,1.16280000000000,14.21080000000000,9.09760000000000,13.04800000000000,1.10600000000000,0.05680000000000,0.00000000000000
mpc-hc64.exe,69888,0x00000000078F7300,DXGI,0,512,0,11.85239630000000,0.15190000000000,27.78650000000000,1,Hardware: Independent Flip,1.59010000000000,9.57170000000000,23.14740000000000,7.98160000000000,-26.62370000000000,10.70370000000000,0.00000000000000
mpc-hc64.exe,69888,0x00000000078F7300,DXGI,0,512,0,11.85260450000000,0.15380000000000,0.20820000000000,1,Hardware: Independent Flip,1.43780000000000,15.49060000000000,6.12710000000000,14.05280000000000,1.38190000000000,0.05590000000000,0.00000000000000
mpc-hc64.exe,69888,0x00000000078F7300,DXGI,0,512,0,11.88015430000000,0.14970000000000,27.54980000000000,1,Hardware: Independent Flip,1.23160000000000,10.05470000000000,22.11390000000000,8.82310000000000,-26.11200000000000,9.88500000000000,0.00000000000000
mpc-hc64.exe,69888,0x00000000078F7300,DXGI,0,512,0,11.88036170000000,0.08790000000000,0.20740000000000,1,Hardware: Independent Flip,1.07900000000000,14.69660000000000,4.84930000000000,13.61760000000000,1.02420000000000,0.05480000000000,0.00000000000000
mpc-hc64.exe,69888,0x00000000078F7300,DXGI,0,512,0,11.90921460000000,0.13120000000000,28.85290000000000,1,Hardware: Independent Flip,1.28780000000000,10.03180000000000,24.18810000000000,8.74400000000000,-27.77390000000000,9.98570000000000,0.00000000000000
mpc-hc64.exe,69888,0x00000000078F7300,DXGI,0,512,0,11.90939830000000,0.07980000000000,0.18370000000000,1,Hardware: Independent Flip,1.17840000000000,15.66790000000000,5.81980000000000,14.48950000000000,1.10410000000000,0.07430000000000,0.00000000000000
mpc-hc64.exe,69888,0x00000000078F7300,DXGI,0,512,0,11.93625950000000,0.13200000000000,26.86120000000000,1,Hardware: Independent Flip,1.24970000000000,1.24970000000000,12.44300000000000,0.00000000000000,-25.68280000000000,9.66690000000000,0.00000000000000
mpc-hc64.exe,69888,0x00000000078F7300,DXGI,0,512,0,11.93644360000000,0.08060000000000,0.18410000000000,1,Hardware: Independent Flip,1.12560000000000,14.54390000000000,13.47830000000000,13.41830000000000,1.06560000000000,0.06000000000000,0.00000000000000
mpc-hc64.exe,69888,0x00000000078F7300,DXGI,0,512,0,11.96352420000000,0.16260000000000,27.08060000000000,1,Hardware: Independent Flip,1.50310000000000,10.33350000000000,22.87020000000000,8.83040000000000,-25.95500000000000,10.50450000000000,0.00000000000000
mpc-hc64.exe,69888,0x00000000078F7300,DXGI,0,512,0,11.96378820000000,0.14100000000000,0.26400000000000,1,Hardware: Independent Flip,1.29470000000000,14.97790000000000,4.90840000000000,13.68320000000000,1.23910000000000,0.05560000000000,0.00000000000000
mpc-hc64.exe,69888,0x00000000078F7300,DXGI,0,512,0,11.99115350000000,0.13180000000000,27.36530000000000,1,Hardware: Independent Flip,1.20800000000000,10.14680000000000,22.53420000000000,8.93880000000000,-26.07060000000000,10.10490000000000,0.00000000000000
mpc-hc64.exe,69888,0x00000000078F7300,DXGI,0,512,0,11.99134410000000,0.09250000000000,0.19060000000000,1,Hardware: Independent Flip,1.09060000000000,14.68940000000000,4.73320000000000,13.59880000000000,1.01740000000000,0.07320000000000,0.00000000000000
mpc-hc64.exe,69888,0x00000000078F7300,DXGI,0,512,0,12.01955210000000,0.15490000000000,28.20800000000000,1,Hardware: Independent Flip,1.31930000000000,9.85800000000000,23.37660000000000,8.53870000000000,-27.11740000000000,9.86540000000000,0.00000000000000
mpc-hc64.exe,69888,0x00000000078F7300,DXGI,0,512,0,12.01976570000000,0.08450000000000,0.21360000000000,1,Hardware: Independent Flip,1.16170000000000,15.33310000000000,5.68870000000000,14.17140000000000,1.10570000000000,0.05600000000000,0.00000000000000
mpc-hc64.exe,69888,0x00000000078F7300,DXGI,0,512,0,12.04818000000000,0.13440000000000,28.41430000000000,1,Hardware: Independent Flip,1.30940000000000,1.30940000000000,14.39060000000000,0.00000000000000,-27.25260000000000,9.81010000000000,0.00000000000000
mpc-hc64.exe,69888,0x00000000078F7300,DXGI,0,512,0,12.04836700000000,0.08090000000000,0.18700000000000,1,Hardware: Independent Flip,1.17850000000000,15.41280000000000,14.29040000000000,14.23430000000000,1.12240000000000,0.05610000000000,0.00000000000000
mpc-hc64.exe,69888,0x00000000078F7300,DXGI,0,512,0,12.07515890000000,0.13790000000000,26.79190000000000,1,Hardware: Independent Flip,1.28950000000000,1.28950000000000,12.66860000000000,0.00000000000000,-25.61340000000000,9.71180000000000,0.00000000000000
mpc-hc64.exe,69888,0x00000000078F7300,DXGI,0,512,0,12.07535560000000,0.08460000000000,0.19670000000000,1,Hardware: Independent Flip,1.14770000000000,14.54540000000000,13.45260000000000,13.39770000000000,1.09280000000000,0.05490000000000,0.00000000000000
mpc-hc64.exe,69888,0x00000000078F7300,DXGI,0,512,0,12.10237210000000,0.15930000000000,27.01650000000000,1,Hardware: Independent Flip,1.46030000000000,2.71210000000000,15.18320000000000,1.25180000000000,-25.86880000000000,10.33890000000000,0.00000000000000
mpc-hc64.exe,69888,0x00000000078F7300,DXGI,0,512,0,12.10265510000000,0.18980000000000,0.28300000000000,1,Hardware: Independent Flip,1.23390000000000,14.84410000000000,12.41500000000000,13.61020000000000,1.17730000000000,0.05660000000000,0.00000000000000
mpc-hc64.exe,69888,0x00000000078F7300,DXGI,0,512,0,12.13019300000000,0.13530000000000,27.53790000000000,1,Hardware: Independent Flip,1.18640000000000,9.68460000000000,22.37840000000000,8.49820000000000,-26.30400000000000,10.30230000000000,0.00000000000000
mpc-hc64.exe,69888,0x00000000078F7300,DXGI,0,512,0,12.13038530000000,0.08200000000000,0.19230000000000,1,Hardware: Independent Flip,1.07260000000000,14.77370000000000,5.28140000000000,13.70110000000000,0.99410000000000,0.07850000000000,0.00000000000000
mpc-hc64.exe,69888,0x00000000078F7300,DXGI,0,512,0,12.15989770000000,0.15120000000000,29.51240000000000,1,Hardware: Independent Flip,1.25960000000000,9.10370000000000,23.84240000000000,7.84410000000000,-28.43980000000000,10.07930000000000,3.20250000000000
mpc-hc64.exe,69888,0x00000000078F7300,DXGI,0,512,0,12.16010300000000,0.08240000000000,0.20530000000000,1,Hardware: Independent Flip,1.11330000000000,15.91330000000000,7.01490000000000,14.80000000000000,1.05430000000000,0.05900000000000,0.00000000000000
mpc-hc64.exe,69888,0x00000000078F7300,DXGI,0,512,0,12.18666720000000,0.16060000000000,26.56420000000000,1,Hardware: Independent Flip,1.21860000000000,1.21860000000000,11.86950000000000,0.00000000000000,-25.45090000000000,9.72370000000000,1.99100000000000
mpc-hc64.exe,69888,0x00000000078F7300,DXGI,0,512,0,12.18688540000000,0.08570000000000,0.21820000000000,1,Hardware: Independent Flip,1.17430000000000,14.40110000000000,13.40070000000000,13.22680000000000,1.00040000000000,0.17390000000000,0.00000000000000
mpc-hc64.exe,69888,0x00000000078F7300,DXGI,0,512,0,12.21412800000000,0.14710000000000,27.24260000000000,1,Hardware: Independent Flip,1.29610000000000,3.02550000000000,15.86700000000000,1.72940000000000,-26.06830000000000,9.76750000000000,1.43620000000000
mpc-hc64.exe,69888,0x00000000078F7300,DXGI,0,512,0,12.21432930000000,0.08290000000000,0.20130000000000,1,Hardware: Independent Flip,1.14960000000000,14.78660000000000,11.96240000000000,13.63700000000000,1.09480000000000,0.05480000000000,0.00000000000000
mpc-hc64.exe,69888,0x00000000078F7300,DXGI,0,512,0,12.24132090000000,0.14560000000000,26.99160000000000,1,Hardware: Independent Flip,1.25670000000000,1.25670000000000,13.46170000000000,0.00000000000000,-25.84200000000000,10.01270000000000,0.63690000000000
mpc-hc64.exe,69888,0x00000000078F7300,DXGI,0,512,0,12.24151880000000,0.07820000000000,0.19790000000000,1,Hardware: Independent Flip,1.11350000000000,14.61630000000000,13.55750000000000,13.50280000000000,1.05880000000000,0.05470000000000,0.00000000000000
mpc-hc64.exe,69888,0x00000000078F7300,DXGI,0,512,0,12.26934740000000,0.13270000000000,27.82860000000000,1,Hardware: Independent Flip,1.25530000000000,2.96660000000000,16.17890000000000,1.71130000000000,-26.71510000000000,10.51160000000000,0.65850000000000
mpc-hc64.exe,69888,0x00000000078F7300,DXGI,0,512,0,12.26953450000000,0.08320000000000,0.18710000000000,1,Hardware: Independent Flip,1.12400000000000,15.06240000000000,12.28290000000000,13.93840000000000,1.06820000000000,0.05580000000000,0.00000000000000
mpc-hc64.exe,69888,0x00000000078F7300,DXGI,0,512,0,12.29849250000000,0.15060000000000,28.95800000000000,1,Hardware: Independent Flip,1.22430000000000,1.22430000000000,15.11990000000000,0.00000000000000,-27.83400000000000,9.91960000000000,1.77980000000000
mpc-hc64.exe,69888,0x00000000078F7300,DXGI,0,512,0,12.29877240000000,0.09510000000000,0.27990000000000,1,Hardware: Independent Flip,0.99830000000000,15.47400000000000,14.52960000000000,14.47570000000000,0.94440000000000,0.05390000000000,0.00000000000000
mpc-hc64.exe,69888,0x00000000078F7300,DXGI,0,512,0,12.32442190000000,0.12810000000000,25.64950000000000,1,Hardware: Independent Flip,1.20010000000000,1.20010000000000,11.37560000000000,0.00000000000000,-24.65120000000000,10.28260000000000,3.66560000000000
mpc-hc64.exe,69888,0x00000000078F7300,DXGI,0,512,0,12.32460910000000,0.13620000000000,0.18720000000000,1,Hardware: Independent Flip,1.07100000000000,13.94720000000000,12.93430000000000,12.87620000000000,1.01290000000000,0.05810000000000,0.00000000000000
mpc-hc64.exe,69888,0x00000000078F7300,DXGI,0,512,0,12.35222800000000,0.13050000000000,27.61890000000000,1,Hardware: Independent Flip,1.19730000000000,8.92150000000000,22.59320000000000,7.72420000000000,-26.54790000000000,10.23450000000000,3.47130000000000
mpc-hc64.exe,69888,0x00000000078F7300,DXGI,0,512,0,12.35241540000000,0.08530000000000,0.18740000000000,1,Hardware: Independent Flip,1.06440000000000,14.88400000000000,6.14990000000000,13.81960000000000,1.00990000000000,0.05450000000000,0.00000000000000
mpc-hc64.exe,69888,0x00000000078F7300,DXGI,0,512,0,12.38007970000000,0.14850000000000,27.66430000000000,1,Hardware: Independent Flip,1.18440000000000,2.96730000000000,15.74760000000000,1.78290000000000,-26.59990000000000,10.37840000000000,3.40040000000000
mpc-hc64.exe,69888,0x00000000078F7300,DXGI,0,512,0,12.38028430000000,0.09030000000000,0.20460000000000,1,Hardware: Independent Flip,1.03590000000000,14.88130000000000,12.11860000000000,13.84540000000000,0.97980000000000,0.05610000000000,0.00000000000000
mpc-hc64.exe,69888,0x00000000078F7300,DXGI,0,512,0,12.41005360000000,0.15110000000000,29.76930000000000,1,Hardware: Independent Flip,1.25370000000000,10.03670000000000,24.92470000000000,8.78300000000000,-28.73340000000000,10.22780000000000,1.37280000000000
mpc-hc64.exe,69888,0x00000000078F7300,DXGI,0,512,0,12.41025980000000,0.08180000000000,0.20620000000000,1,Hardware: Independent Flip,1.10280000000000,16.04820000000000,6.21770000000000,14.94540000000000,1.04750000000000,0.05530000000000,0.00000000000000
mpc-hc64.exe,69888,0x00000000078F7300,DXGI,0,512,0,12.43659680000000,0.15820000000000,26.33700000000000,1,Hardware: Independent Flip,1.21660000000000,12.43290000000000,22.72170000000000,11.21630000000000,-25.23420000000000,9.90940000000000,3.83770000000000
mpc-hc64.exe,69888,0x00000000078F7300,DXGI,0,512,0,12.43683840000000,0.11030000000000,0.24160000000000,1,Hardware: Independent Flip,1.03150000000000,14.20340000000000,2.01210000000000,13.17190000000000,0.97500000000000,0.05650000000000,0.00000000000000
mpc-hc64.exe,69888,0x00000000078F7300,DXGI,0,512,0,12.46340980000000,0.15090000000000,26.57140000000000,1,Hardware: Independent Flip,1.17030000000000,1.17030000000000,13.53830000000000,0.00000000000000,-25.53990000000000,10.11580000000000,2.71850000000000
mpc-hc64.exe,69888,0x00000000078F7300,DXGI,0,512,0,12.46361660000000,0.08610000000000,0.20680000000000,1,Hardware: Independent Flip,1.02110000000000,14.32630000000000,13.36280000000000,13.30520000000000,0.96350000000000,0.05760000000000,0.00000000000000
mpc-hc64.exe,69888,0x00000000078F7300,DXGI,0,512,0,12.49121010000000,0.12630000000000,27.59350000000000,1,Hardware: Independent Flip,1.19510000000000,2.55010000000000,15.81730000000000,1.35500000000000,-26.57240000000000,10.32340000000000,2.51790000000000
mpc-hc64.exe,69888,0x00000000078F7300,DXGI,0,512,0,12.49139040000000,0.09780000000000,0.18030000000000,1,Hardware: Independent Flip,1.07150000000000,14.90810000000000,12.53830000000000,13.83660000000000,1.01480000000000,0.05670000000000,0.00000000000000
mpc-hc64.exe,69888,0x00000000078F7300,DXGI,0,512,0,12.52055040000000,0.22560000000000,29.16000000000000,1,Hardware: Independent Flip,1.20370000000000,2.91730000000000,17.16920000000000,1.71360000000000,-28.08850000000000,10.04070000000000,3.77540000000000
mpc-hc64.exe,69888,0x00000000078F7300,DXGI,0,512,0,12.52086340000000,0.15190000000000,0.31300000000000,1,Hardware: Independent Flip,0.94680000000000,15.54580000000000,12.94150000000000,14.59900000000000,0.89070000000000,0.05610000000000,0.00000000000000
mpc-hc64.exe,69888,0x00000000078F7300,DXGI,0,512,0,12.54779730000000,0.13050000000000,26.93390000000000,1,Hardware: Independent Flip,1.22170000000000,11.50440000000000,22.89250000000000,10.28270000000000,-25.98710000000000,10.13730000000000,3.08150000000000
mpc-hc64.exe,69888,0x00000000078F7300,DXGI,0,512,0,12.54798230000000,0.08180000000000,0.18500000000000,1,Hardware: Independent Flip,1.09220000000000,14.64260000000000,3.32320000000000,13.55040000000000,1.03670000000000,0.05550000000000,0.00000000000000
mpc-hc64.exe,69888,0x00000000078F7300,DXGI,0,512,0,12.57453190000000,0.13480000000000,26.54960000000000,1,Hardware: Independent Flip,1.16850000000000,3.85900000000000,15.76600000000000,2.69050000000000,-25.45740000000000,10.12210000000000,13.83030000000000
mpc-hc64.exe,69888,0x00000000078F7300,DXGI,0,512,0,12.57472320000000,0.08380000000000,0.19130000000000,1,Hardware: Independent Flip,1.04400000000000,14.31960000000000,10.65190000000000,13.27560000000000,0.97720000000000,0.06680000000000,0.00000000000000
mpc-hc64.exe,69888,0x00000000078F7300,DXGI,0,512,0,12.60301970000000,0.15090000000000,28.29650000000000,1,Hardware: Independent Flip,1.18450000000000,2.47680000000000,16.45370000000000,1.29230000000000,-27.25250000000000,9.72730000000000,0.00000000000000
mpc-hc64.exe,69888,0x00000000078F7300,DXGI,0,512,0,12.60322510000000,0.08210000000000,0.20540000000000,1,Hardware: Independent Flip,1.05320000000000,15.22990000000000,12.95850000000000,14.17670000000000,0.97910000000000,0.07410000000000,0.00000000000000
mpc-hc64.exe,69888,0x00000000078F7300,DXGI,0,512,0,12.63019280000000,0.22750000000000,26.96770000000000,1,Hardware: Independent Flip,1.44060000000000,4.25510000000000,15.99290000000000,2.81450000000000,-25.91450000000000,10.36860000000000,0.00000000000000
mpc-hc64.exe,69888,0x00000000078F7300,DXGI,0,512,0,12.63051770000000,0.11050000000000,0.32490000000000,1,Hardware: Independent Flip,1.18430000000000,14.82530000000000,10.89510000000000,13.64100000000000,1.11570000000000,0.06860000000000,0.00000000000000
mpc-hc64.exe,69888,0x00000000078F7300,DXGI,0,512,0,12.65868760000000,0.16400000000000,28.16990000000000,1,Hardware: Independent Flip,1.19270000000000,8.97970000000000,22.32430000000000,7.78700000000000,-26.98560000000000,9.78610000000000,0.00000000000000
mpc-hc64.exe,69888,0x00000000078F7300,DXGI,0,512,0,12.65890750000000,0.08510000000000,0.21990000000000,1,Hardware: Independent Flip,1.03590000000000,15.07670000000000,6.31690000000000,14.04080000000000,0.97280000000000,0.06310000000000,0.00000000000000
mpc-hc64.exe,69888,0x00000000078F7300,DXGI,0,512,0,12.68648800000000,0.20370000000000,27.58050000000000,1,Hardware: Independent Flip,1.19600000000000,10.91840000000000,23.42220000000000,9.72240000000000,-26.54460000000000,9.82350000000000,0.00000000000000
mpc-hc64.exe,69888,0x00000000078F7300,DXGI,0,512,0,12.68675570000000,0.09440000000000,0.26770000000000,1,Hardware: Independent Flip,0.98450000000000,14.80840000000000,4.15770000000000,13.82390000000000,0.92830000000000,0.05620000000000,0.00000000000000
mpc-hc64.exe,69888,0x00000000078F7300,DXGI,0,512,0,12.71332970000000,0.13110000000000,26.57400000000000,1,Hardware: Independent Flip,1.18810000000000,10.68350000000000,22.44910000000000,9.49540000000000,-25.58950000000000,10.31640000000000,0.00000000000000
mpc-hc64.exe,69888,0x00000000078F7300,DXGI,0,512,0,12.71351530000000,0.08680000000000,0.18560000000000,1,Hardware: Independent Flip,1.05700000000000,14.39290000000000,3.89500000000000,13.33590000000000,1.00250000000000,0.05450000000000,0.00000000000000
mpc-hc64.exe,69888,0x00000000078F7300,DXGI,0,512,0,12.74095380000000,0.20850000000000,27.43850000000000,1,Hardware: Independent Flip,1.40630000000000,9.42050000000000,22.46610000000000,8.01420000000000,-26.38150000000000,10.11800000000000,0.00000000000000
mpc-hc64.exe,69888,0x00000000078F7300,DXGI,0,512,0,12.74122430000000,0.09610000000000,0.27050000000000,1,Hardware: Independent Flip,1.20270000000000,15.06150000000000,5.91150000000000,13.85880000000000,1.13580000000000,0.06690000000000,0.00000000000000
mpc-hc64.exe,69888,0x00000000078F7300,DXGI,0,512,0,12.76982630000000,0.13160000000000,28.60200000000000,1,Hardware: Independent Flip,1.19440000000000,9.79090000000000,23.33140000000000,8.59650000000000,-27.39930000000000,9.81030000000000,0.00000000000000
mpc-hc64.exe,69888,0x00000000078F7300,DXGI,0,512,0,12.77000990000000,0.08200000000000,0.18360000000000,1,Hardware: Independent Flip,1.07290000000000,15.32160000000000,5.71430000000000,14.24870000000000,1.01080000000000,0.06210000000000,0.00000000000000
mpc-hc64.exe,69888,0x00000000078F7300,DXGI,0,512,0,12.79775410000000,0.15200000000000,27.74420000000000,1,Hardware: Independent Flip,1.26420000000000,11.31570000000000,23.73830000000000,10.05150000000000,-26.67130000000000,9.54210000000000,0.00000000000000
mpc-hc64.exe,69888,0x00000000078F7300,DXGI,0,512,0,12.79796710000000,0.08570000000000,0.21300000000000,1,Hardware: Independent Flip,1.11290000000000,15.03170000000000,3.92900000000000,13.91880000000000,1.05120000000000,0.06170000000000,0.00000000000000
mpc-hc64.exe,69888,0x00000000078F7300,DXGI,0,512,0,12.82438620000000,0.15250000000000,26.41910000000000,1,Hardware: Independent Flip,1.30740000000000,1.30740000000000,12.69480000000000,0.00000000000000,-25.30620000000000,10.13270000000000,0.00000000000000
mpc-hc64.exe,69888,0x00000000078F7300,DXGI,0,512,0,12.82459700000000,0.08900000000000,0.21080000000000,1,Hardware: Independent Flip,1.15340000000000,14.41280000000000,13.31620000000000,13.25940000000000,1.09660000000000,0.05680000000000,0.00000000000000
mpc-hc64.exe,69888,0x00000000078F7300,DXGI,0,512,0,12.85193240000000,0.13480000000000,27.33540000000000,1,Hardware: Independent Flip,1.44280000000000,3.00290000000000,15.92550000000000,1.56010000000000,-26.18200000000000,9.99510000000000,0.00000000000000
mpc-hc64.exe,69888,0x00000000078F7300,DXGI,0,512,0,12.85212650000000,0.08390000000000,0.19410000000000,1,Hardware: Independent Flip,1.32240000000000,15.09410000000000,12.28530000000000,13.77170000000000,1.24870000000000,0.07370000000000,0.00000000000000
mpc-hc64.exe,69888,0x00000000078F7300,DXGI,0,512,0,12.88002980000000,0.14600000000000,27.90330000000000,1,Hardware: Independent Flip,1.18930000000000,1.18930000000000,13.99850000000000,0.00000000000000,-26.58090000000000,9.92000000000000,0.00000000000000
mpc-hc64.exe,69888,0x00000000078F7300,DXGI,0,512,0,12.88023270000000,0.08300000000000,0.20290000000000,1,Hardware: Independent Flip,1.04020000000000,14.87250000000000,13.88610000000000,13.83230000000000,0.98640000000000,0.05380000000000,0.00000000000000
mpc-hc64.exe,69888,0x00000000078F7300,DXGI,0,512,0,12.90914160000000,0.13020000000000,28.90890000000000,1,Hardware: Independent Flip,1.28280000000000,1.28280000000000,15.31920000000000,0.00000000000000,-27.86870000000000,9.77470000000000,0.00000000000000
mpc-hc64.exe,69888,0x00000000078F7300,DXGI,0,512,0,12.90932520000000,0.08080000000000,0.18360000000000,1,Hardware: Independent Flip,1.15520000000000,15.68390000000000,14.58470000000000,14.52870000000000,1.09920000000000,0.05600000000000,0.00000000000000
mpc-hc64.exe,69888,0x00000000078F7300,DXGI,0,512,0,12.93656580000000,0.16590000000000,27.24060000000000,1,Hardware: Independent Flip,1.24970000000000,12.16870000000000,23.72540000000000,10.91900000000000,-26.08540000000000,9.74850000000000,0.00000000000000
mpc-hc64.exe,69888,0x00000000078F7300,DXGI,0,512,0,12.93679070000000,0.08710000000000,0.22490000000000,1,Hardware: Independent Flip,1.09850000000000,14.72400000000000,2.78020000000000,13.62550000000000,1.02480000000000,0.07370000000000,0.00000000000000
mpc-hc64.exe,69888,0x00000000078F7300,DXGI,0,512,0,12.96306190000000,0.24940000000000,26.27120000000000,1,Hardware: Independent Flip,1.35830000000000,1.35830000000000,12.90550000000000,0.00000000000000,-25.17270000000000,9.91380000000000,0.00000000000000
mpc-hc64.exe,69888,0x00000000078F7300,DXGI,0,512,0,12.96337170000000,0.08860000000000,0.30980000000000,1,Hardware: Independent Flip,1.11500000000000,14.34510000000000,13.29660000000000,13.23010000000000,1.04850000000000,0.06650000000000,0.00000000000000
mpc-hc64.exe,69888,0x00000000078F7300,DXGI,0,512,0,12.99091580000000,0.12890000000000,27.54410000000000,1,Hardware: Independent Flip,1.20650000000000,1.20650000000000,14.40550000000000,0.00000000000000,-26.42910000000000,9.93830000000000,0.00000000000000
mpc-hc64.exe,69888,0x00000000078F7300,DXGI,0,512,0,12.99109900000000,0.08160000000000,0.18320000000000,1,Hardware: Independent Flip,1.08700000000000,14.85660000000000,13.83330000000000,13.76960000000000,1.02330000000000,0.06370000000000,0.00000000000000
mpc-hc64.exe,69888,0x00000000078F7300,DXGI,0,512,0,13.02080410000000,0.19020000000000,29.70510000000000,1,Hardware: Independent Flip,1.19430000000000,2.90370000000000,17.75220000000000,1.70940000000000,-28.61810000000000,9.54540000000000,0.00000000000000
mpc-hc64.exe,69888,0x00000000078F7300,DXGI,0,512,0,13.02105280000000,0.08020000000000,0.24870000000000,1,Hardware: Independent Flip,1.00080000000000,15.86160000000000,13.20660000000000,14.86080000000000,0.94560000000000,0.05520000000000,0.00000000000000
mpc-hc64.exe,69888,0x00000000078F7300,DXGI,0,512,0,13.04809320000000,0.15210000000000,27.04040000000000,1,Hardware: Independent Flip,0.90250000000000,0.90250000000000,12.08130000000000,0.00000000000000,-26.03960000000000,9.86770000000000,3.41710000000000
mpc-hc64.exe,69888,0x00000000078F7300,DXGI,0,512,0,13.04832500000000,0.16190000000000,0.23180000000000,1,Hardware: Independent Flip,0.72980000000000,14.15010000000000,13.47940000000000,13.42030000000000,0.67070000000000,0.05630000000000,0.00000000000000
mpc-hc64.exe,69888,0x00000000078F7300,DXGI,0,512,0,13.07472420000000,0.13570000000000,26.39920000000000,1,Hardware: Independent Flip,1.25170000000000,9.66640000000000,21.91550000000000,8.41470000000000,-25.66940000000000,10.34090000000000,10.05240000000000
mpc-hc64.exe,69888,0x00000000078F7300,DXGI,0,512,0,13.07491760000000,0.08360000000000,0.19340000000000,1,Hardware: Independent Flip,1.11340000000000,14.52850000000000,5.05550000000000,13.41510000000000,1.05830000000000,0.05510000000000,0.00000000000000
mpc-hc64.exe,69888,0x00000000078F7300,DXGI,0,512,0,13.10204400000000,0.14890000000000,27.12640000000000,1,Hardware: Independent Flip,1.19180000000000,1.19180000000000,13.78970000000000,0.00000000000000,-26.01300000000000,9.96210000000000,1.36890000000000
mpc-hc64.exe,69888,0x00000000078F7300,DXGI,0,512,0,13.10225010000000,0.08380000000000,0.20610000000000,1,Hardware: Independent Flip,1.04130000000000,14.59800000000000,13.61230000000000,13.55670000000000,0.98570000000000,0.05560000000000,0.00000000000000
mpc-hc64.exe,69888,0x00000000078F7300,DXGI,0,512,0,13.12981420000000,0.13990000000000,27.56410000000000,1,Hardware: Independent Flip,1.38720000000000,2.65260000000000,15.61870000000000,1.26540000000000,-26.52280000000000,10.05110000000000,5.11540000000000
mpc-hc64.exe,69888,0x00000000078F7300,DXGI,0,512,0,13.13001540000000,0.08790000000000,0.20120000000000,1,Hardware: Independent Flip,1.25420000000000,15.17300000000000,12.72160000000000,13.91880000000000,1.18600000000000,0.06820000000000,0.00000000000000
mpc-hc64.exe,69888,0x00000000078F7300,DXGI,0,512,0,13.15931870000000,0.14470000000000,29.30330000000000,1,Hardware: Independent Flip,1.24630000000000,1.24630000000000,15.37660000000000,0.00000000000000,-28.04910000000000,10.24710000000000,0.00000000000000
mpc-hc64.exe,69888,0x00000000078F7300,DXGI,0,512,0,13.15952230000000,0.08430000000000,0.20360000000000,1,Hardware: Independent Flip,1.11780000000000,15.72380000000000,14.68110000000000,14.60600000000000,1.04270000000000,0.07510000000000,0.00000000000000
mpc-hc64.exe,69888,0x00000000078F7300,DXGI,0,512,0,13.18631220000000,0.12790000000000,26.78990000000000,1,Hardware: Independent Flip,1.25080000000000,12.28010000000000,23.34620000000000,11.02930000000000,-25.67210000000000,9.88270000000000,0.00000000000000
mpc-hc64.exe,69888,0x00000000078F7300,DXGI,0,512,0,13.18649570000000,0.08010000000000,0.18350000000000,1,Hardware: Independent Flip,1.12880000000000,14.54340000000000,2.44680000000000,13.41460000000000,1.06730000000000,0.06150000000000,0.00000000000000
mpc-hc64.exe,69888,0x00000000078F7300,DXGI,0,512,0,13.21337490000000,0.19110000000000,26.87920000000000,1,Hardware: Independent Flip,1.27920000000000,1.27920000000000,13.61500000000000,0.00000000000000,-25.75040000000000,10.18100000000000,0.00000000000000
mpc-hc64.exe,69888,0x00000000078F7300,DXGI,0,512,0,13.21365370000000,0.13600000000000,0.27880000000000,1,Hardware: Independent Flip,1.05830000000000,14.52520000000000,13.52480000000000,13.46690000000000,1.00040000000000,0.05790000000000,0.00000000000000
mpc-hc64.exe,69888,0x00000000078F7300,DXGI,0,512,0,13.24093630000000,0.15510000000000,27.28260000000000,1,Hardware: Independent Flip,1.18880000000000,9.57590000000000,22.33330000000000,8.38710000000000,-26.22430000000000,10.00350000000000,0.00000000000000
mpc-hc64.exe,69888,0x00000000078F7300,DXGI,0,512,0,13.24114770000000,0.09060000000000,0.21140000000000,1,Hardware: Independent Flip,1.03150000000000,14.68440000000000,5.31990000000000,13.65290000000000,0.97740000000000,0.05410000000000,0.00000000000000
mpc-hc64.exe,69888,0x00000000078F7300,DXGI,0,512,0,13.27015210000000,0.13110000000000,29.00440000000000,1,Hardware: Independent Flip,1.22310000000000,1.22310000000000,15.54310000000000,0.00000000000000,-27.97290000000000,9.80960000000000,0.00000000000000
mpc-hc64.exe,69888,0x00000000078F7300,DXGI,0,512,0,13.27033850000000,0.08300000000000,0.18640000000000,1,Hardware: Independent Flip,1.10300000000000,15.66430000000000,14.62760000000000,14.56130000000000,1.03670000000000,0.06630000000000,0.00000000000000
mpc-hc64.exe,69888,0x00000000078F7300,DXGI,0,512,0,13.29781320000000,0.15350000000000,27.47470000000000,1,Hardware: Independent Flip,1.29480000000000,12.15460000000000,23.96500000000000,10.85980000000000,-26.37170000000000,9.97760000000000,0.00000000000000
mpc-hc64.exe,69888,0x00000000078F7300,DXGI,0,512,0,13.29802130000000,0.08680000000000,0.20810000000000,1,Hardware: Independent Flip,1.14220000000000,14.92120000000000,2.97470000000000,13.77900000000000,1.08670000000000,0.05550000000000,0.00000000000000
mpc-hc64.exe,69888,0x00000000078F7300,DXGI,0,512,0,13.32458100000000,0.13420000000000,26.55970000000000,1,Hardware: Independent Flip,1.18400000000000,4.18370000000000,15.82220000000000,2.99970000000000,-25.41750000000000,10.32850000000000,0.00000000000000
mpc-hc64.exe,69888,0x00000000078F7300,DXGI,0,512,0,13.32477100000000,0.08440000000000,0.19000000000000,1,Hardware: Independent Flip,1.05830000000000,14.31090000000000,10.31720000000000,13.25260000000000,0.99400000000000,0.06430000000000,0.00000000000000
mpc-hc64.exe,69888,0x00000000078F7300,DXGI,0,512,0,13.35327600000000,0.17310000000000,28.50500000000000,1,Hardware: Independent Flip,1.13420000000000,9.37150000000000,23.56560000000000,8.23730000000000,-27.44670000000000,9.76720000000000,0.00000000000000
mpc-hc64.exe,69888,0x00000000078F7300,DXGI,0,512,0,13.35350790000000,0.08760000000000,0.23190000000000,1,Hardware: Independent Flip,0.95870000000000,15.20140000000000,6.06180000000000,14.24270000000000,0.90230000000000,0.05640000000000,0.00000000000000
mpc-hc64.exe,69888,0x00000000078F7300,DXGI,0,512,0,13.38012740000000,0.14850000000000,26.61950000000000,1,Hardware: Independent Flip,1.18500000000000,11.05740000000000,22.47550000000000,9.87240000000000,-25.66080000000000,10.49430000000000,7.44590000000000
mpc-hc64.exe,69888,0x00000000078F7300,DXGI,0,512,0,13.38033100000000,0.08180000000000,0.20360000000000,1,Hardware: Independent Flip,1.03720000000000,14.41340000000000,3.55960000000000,13.37620000000000,0.98140000000000,0.05580000000000,0.00000000000000
mpc-hc64.exe,69888,0x00000000078F7300,DXGI,0,512,0,13.40790450000000,0.12900000000000,27.57350000000000,1,Hardware: Independent Flip,1.20010000000000,1.67920000000000,14.83930000000000,0.47910000000000,-26.53630000000000,10.20560000000000,0.00000000000000
mpc-hc64.exe,69888,0x00000000078F7300,DXGI,0,512,0,13.40808900000000,0.08420000000000,0.18450000000000,1,Hardware: Independent Flip,1.07300000000000,14.89340000000000,13.39870000000000,13.82040000000000,1.01560000000000,0.05740000000000,0.00000000000000
mpc-hc64.exe,69888,0x00000000078F7300,DXGI,0,512,0,13.43633820000000,0.13270000000000,28.24920000000000,1,Hardware: Independent Flip,1.33200000000000,10.15340000000000,23.50920000000000,8.82140000000000,-27.17620000000000,10.05730000000000,0.00000000000000
mpc-hc64.exe,69888,0x00000000078F7300,DXGI,0,512,0,13.43653540000000,0.09800000000000,0.19720000000000,1,Hardware: Independent Flip,1.18890000000000,15.39770000000000,5.44150000000000,14.20880000000000,1.13480000000000,0.05410000000000,0.00000000000000
mpc-hc64.exe,69888,0x00000000078F7300,DXGI,0,512,0,13.46314310000000,0.16130000000000,26.60770000000000,1,Hardware: Independent Flip,1.40640000000000,11.30910000000000,22.51910000000000,9.90270000000000,-25.41880000000000,9.94990000000000,6.46060000000000
mpc-hc64.exe,69888,0x00000000078F7300,DXGI,0,512,0,13.46336970000000,0.09110000000000,0.22660000000000,1,Hardware: Independent Flip,1.25410000000000,14.62750000000000,3.54500000000000,13.37340000000000,1.17980000000000,0.07430000000000,0.00000000000000
mpc-hc64.exe,69888,0x00000000078F7300,DXGI,0,512,0,13.49081600000000,0.13850000000000,27.44630000000000,1,Hardware: Independent Flip,1.42300000000000,8.87360000000000,21.69240000000000,7.45060000000000,-26.19220000000000,10.03980000000000,2.12270000000000
mpc-hc64.exe,69888,0x00000000078F7300,DXGI,0,512,0,13.49101210000000,0.08610000000000,0.19610000000000,1,Hardware: Independent Flip,1.30190000000000,15.07010000000000,6.39260000000000,13.76820000000000,1.22690000000000,0.07500000000000,0.00000000000000
mpc-hc64.exe,69888,0x00000000078F7300,DXGI,0,512,1,13.51999100000000,0.08160000000000,28.97890000000000,0,Composed: Flip,1.37080000000000,0.00000000000000,0.00000000000000,0.00000000000000,1.29630000000000,0.07450000000000,0.00000000000000
mpc-hc64.exe,69888,0x00000000078F7300,DXGI,0,512,1,13.66625440000000,0.38620000000000,146.26340000000002,0,Composed: Flip,0.38660000000000,0.00000000000000,0.00000000000000,0.00000000000000,-0.02150000000000,0.15950000000000,0.00000000000000
mpc-hc64.exe,69888,0x00000000078F7300,DXGI,0,512,1,13.68046250000000,0.13710000000000,14.20810000000000,0,Composed: Flip,0.14010000000000,0.00000000000000,0.00000000000000,0.00000000000000,0.05010000000000,0.07670000000000,0.00000000000000
mpc-hc64.exe,69888,0x00000000078F7300,DXGI,0,512,1,13.83403120000000,0.28490000000000,153.56870000000001,0,Composed: Flip,0.28680000000000,0.00000000000000,0.00000000000000,0.00000000000000,-0.01870000000000,0.15080000000000,0.00000000000000
mpc-hc64.exe,69888,0x00000000078F7300,DXGI,0,512,1,13.84737270000000,0.71080000000000,13.34150000000000,0,Composed: Flip,0.71240000000000,0.00000000000000,0.00000000000000,0.00000000000000,0.37900000000000,0.06780000000000,0.00000000000000
mpc-hc64.exe,69888,0x00000000078F7300,DXGI,0,512,1,13.51976300000000,0.15960000000000,0.00000000000000,0,Composed: Flip,1.52430000000000,0.00000000000000,0.00000000000000,0.00000000000000,-27.44900000000000,10.03520000000000,11.07890000000000
mpc-hc64.exe,69888,0x00000000078F7300,DXGI,0,512,1,13.66495970000000,1.18440000000000,145.19669999999999,0,Composed: Flip,1.18300000000000,0.00000000000000,0.00000000000000,0.00000000000000,-143.59790000000001,12.61000000000000,0.00000000000000
mpc-hc64.exe,69888,0x00000000078F7300,DXGI,0,512,1,13.67963660000000,0.14300000000000,14.67690000000000,0,Composed: Flip,0.87600000000000,0.00000000000000,0.00000000000000,0.00000000000000,-9.11070000000000,9.67310000000000,30.95690000000000
mpc-hc64.exe,69888,0x00000000078F7300,DXGI,0,512,1,13.83294950000000,0.97570000000000,153.31290000000001,0,Composed: Flip,0.97630000000000,0.00000000000000,0.00000000000000,0.00000000000000,-152.18500000000000,12.79120000000000,0.00000000000000
mpc-hc64.exe,69888,0x00000000078F7300,DXGI,0,512,1,13.84619390000000,0.15990000000000,13.24440000000000,0,Composed: Flip,1.55780000000000,0.00000000000000,0.00000000000000,0.00000000000000,-9.24780000000000,10.61570000000000,0.00000000000000
mpc-hc64.exe,69888,0x00000000078F7300,DXGI,0,512,1,13.85953430000000,0.12910000000000,13.34040000000000,0,Composed: Flip,1.11870000000000,0.00000000000000,0.00000000000000,0.00000000000000,-11.30360000000000,11.20570000000000,0.00000000000000
mpc-hc64.exe,69888,0x00000000078F7300,DXGI,0,512,0,13.85974310000000,0.10390000000000,0.20880000000000,1,Hardware: Independent Flip,0.97760000000000,18.19190000000000,371.85280000000000,0.00000000000000,0.90990000000000,0.06770000000000,0.00000000000000
mpc-hc64.exe,69888,0x00000000078F7300,DXGI,0,512,0,13.88368920000000,0.20010000000000,23.94610000000000,1,Hardware: Independent Flip,1.20830000000000,1.20830000000000,6.96250000000000,0.00000000000000,-22.96850000000000,23.73760000000000,0.00000000000000
mpc-hc64.exe,69888,0x00000000078F7300,DXGI,0,512,0,13.88395660000000,0.09750000000000,0.26740000000000,1,Hardware: Independent Flip,1.01420000000000,7.87030000000000,6.92940000000000,6.85610000000000,0.94090000000000,0.07330000000000,0.00000000000000
mpc-hc64.exe,69888,0x00000000078F7300,DXGI,0,512,0,13.90922430000000,0.15430000000000,25.26770000000000,1,Hardware: Independent Flip,1.25390000000000,6.24430000000000,23.64170000000000,4.99040000000000,-24.25350000000000,9.67490000000000,0.00000000000000
mpc-hc64.exe,69888,0x00000000078F7300,DXGI,0,512,0,13.90943460000000,0.08830000000000,0.21030000000000,1,Hardware: Independent Flip,1.09860000000000,13.81070000000000,7.77670000000000,12.71210000000000,1.04360000000000,0.05500000000000,0.00000000000000
mpc-hc64.exe,69888,0x00000000078F7300,DXGI,0,512,0,13.93704300000000,0.13960000000000,27.60840000000000,1,Hardware: Independent Flip,1.17380000000000,1.17380000000000,14.97150000000000,0.00000000000000,-26.50980000000000,9.64830000000000,4.26900000000000
mpc-hc64.exe,69888,0x00000000078F7300,DXGI,0,512,0,13.93724100000000,0.08980000000000,0.19800000000000,1,Hardware: Independent Flip,1.05110000000000,14.85140000000000,13.87560000000000,13.80030000000000,0.97580000000000,0.07530000000000,0.00000000000000
mpc-hc64.exe,69888,0x00000000078F7300,DXGI,0,512,0,13.96339070000000,0.13900000000000,26.14970000000000,1,Hardware: Independent Flip,1.17930000000000,10.36630000000000,21.66460000000000,9.18700000000000,-25.09860000000000,9.73500000000000,0.00000000000000
mpc-hc64.exe,69888,0x00000000078F7300,DXGI,0,512,0,13.96358960000000,0.17750000000000,0.19890000000000,1,Hardware: Independent Flip,1.03620000000000,14.12270000000000,3.95530000000000,13.08650000000000,0.98040000000000,0.05580000000000,0.00000000000000
mpc-hc64.exe,69888,0x00000000078F7300,DXGI,0,512,0,13.99131670000000,0.15500000000000,27.72710000000000,1,Hardware: Independent Flip,1.23920000000000,2.42110000000000,16.02550000000000,1.18190000000000,-26.69090000000000,9.66810000000000,0.00000000000000
mpc-hc64.exe,69888,0x00000000078F7300,DXGI,0,512,0,13.99153060000000,0.08910000000000,0.21390000000000,1,Hardware: Independent Flip,1.08100000000000,14.99990000000000,12.79270000000000,13.91890000000000,1.02530000000000,0.05570000000000,0.00000000000000
mpc-hc64.exe,69888,0x00000000078F7300,DXGI,0,512,0,14.01872580000000,0.13200000000000,27.19520000000000,1,Hardware: Independent Flip,1.23600000000000,1.23600000000000,13.43130000000000,0.00000000000000,-26.11420000000000,10.09480000000000,0.00000000000000
mpc-hc64.exe,69888,0x00000000078F7300,DXGI,0,512,0,14.01892080000000,0.08610000000000,0.19500000000000,1,Hardware: Independent Flip,1.09850000000000,14.71820000000000,13.67720000000000,13.61970000000000,1.04100000000000,0.05750000000000,0.00000000000000
mpc-hc64.exe,69888,0x00000000078F7300,DXGI,0,512,0,14.04791430000000,0.16000000000000,28.99350000000000,1,Hardware: Independent Flip,1.17940000000000,1.17940000000000,15.45470000000000,0.00000000000000,-27.89500000000000,10.21640000000000,0.00000000000000
mpc-hc64.exe,69888,0x00000000078F7300,DXGI,0,512,0,14.04813240000000,0.08600000000000,0.21810000000000,1,Hardware: Independent Flip,1.02850000000000,15.52910000000000,14.56780000000000,14.50060000000000,0.96130000000000,0.06720000000000,0.00000000000000
mpc-hc64.exe,69888,0x00000000078F7300,DXGI,0,512,0,14.07429560000000,0.13920000000000,26.16320000000000,1,Hardware: Independent Flip,1.21540000000000,11.73610000000000,22.37020000000000,10.52070000000000,-25.13470000000000,10.04700000000000,0.00000000000000
mpc-hc64.exe,69888,0x00000000078F7300,DXGI,0,512,0,14.07449370000000,0.08850000000000,0.19810000000000,1,Hardware: Independent Flip,1.08460000000000,14.22250000000000,2.68450000000000,13.13790000000000,1.01730000000000,0.06730000000000,0.00000000000000
mpc-hc64.exe,69888,0x00000000078F7300,DXGI,0,512,0,14.10206780000000,0.13590000000000,27.57410000000000,1,Hardware: Independent Flip,1.18720000000000,9.20820000000000,22.55980000000000,8.02100000000000,-26.48950000000000,9.89180000000000,0.00000000000000
mpc-hc64.exe,69888,0x00000000078F7300,DXGI,0,512,0,14.10225860000000,0.08550000000000,0.19080000000000,1,Hardware: Independent Flip,1.05320000000000,14.83650000000000,5.81910000000000,13.78330000000000,0.99640000000000,0.05680000000000,0.00000000000000
mpc-hc64.exe,69888,0x00000000078F7300,DXGI,0,512,0,14.13000540000000,0.21360000000000,27.74680000000000,1,Hardware: Independent Flip,1.18100000000000,1.18100000000000,14.09130000000000,0.00000000000000,-26.69360000000000,10.01820000000000,9.30950000000000
mpc-hc64.exe,69888,0x00000000078F7300,DXGI,0,512,0,14.13028100000000,0.09170000000000,0.27560000000000,1,Hardware: Independent Flip,0.96140000000000,14.85260000000000,13.94720000000000,13.89120000000000,0.90540000000000,0.05600000000000,0.00000000000000
mpc-hc64.exe,69888,0x00000000078F7300,DXGI,0,512,0,14.15800940000000,0.13450000000000,27.72840000000000,1,Hardware: Independent Flip,1.23950000000000,1.23950000000000,14.11530000000000,0.00000000000000,-26.76700000000000,10.41410000000000,0.00000000000000
mpc-hc64.exe,69888,0x00000000078F7300,DXGI,0,512,0,14.15820130000000,0.12500000000000,0.19190000000000,1,Hardware: Independent Flip,1.10320000000000,15.06000000000000,14.01240000000000,13.95680000000000,1.04760000000000,0.05560000000000,0.00000000000000
mpc-hc64.exe,69888,0x00000000078F7300,DXGI,0,512,0,14.18599920000000,0.13190000000000,27.79790000000000,1,Hardware: Independent Flip,1.25920000000000,10.07070000000000,22.80860000000000,8.81150000000000,-26.69470000000000,9.66060000000000,21.31230000000000
mpc-hc64.exe,69888,0x00000000078F7300,DXGI,0,512,0,14.18618900000000,0.08790000000000,0.18980000000000,1,Hardware: Independent Flip,1.12500000000000,15.05620000000000,5.17530000000000,13.93120000000000,1.06940000000000,0.05560000000000,0.00000000000000
mpc-hc64.exe,69888,0x00000000078F7300,DXGI,0,512,0,14.21329180000000,0.17670000000000,27.10280000000000,1,Hardware: Independent Flip,1.16400000000000,10.44020000000000,22.48680000000000,9.27620000000000,-25.97780000000000,9.80140000000000,4.57770000000000
mpc-hc64.exe,69888,0x00000000078F7300,DXGI,0,512,0,14.21355840000000,0.11330000000000,0.26660000000000,1,Hardware: Independent Flip,0.95250000000000,14.47530000000000,4.30170000000000,13.52280000000000,0.89740000000000,0.05510000000000,0.88340000000000
mpc-hc64.exe,69888,0x00000000078F7300,DXGI,0,512,0,14.24126280000000,0.20160000000000,27.70440000000000,1,Hardware: Independent Flip,1.08980000000000,1.08980000000000,14.31890000000000,0.00000000000000,-26.75190000000000,10.20010000000000,4.57800000000000
mpc-hc64.exe,69888,0x00000000078F7300,DXGI,0,512,0,14.24155290000000,0.11540000000000,0.29010000000000,1,Hardware: Independent Flip,0.85670000000000,14.72770000000000,13.92800000000000,13.87100000000000,0.79970000000000,0.05700000000000,0.87420000000000
mpc-hc64.exe,69888,0x00000000078F7300,DXGI,0,512,0,14.26992660000000,0.16780000000000,28.37370000000000,1,Hardware: Independent Flip,1.21540000000000,1.21540000000000,14.86140000000000,0.00000000000000,-27.51700000000000,10.24230000000000,1.24960000000000
mpc-hc64.exe,69888,0x00000000078F7300,DXGI,0,512,0,14.27016280000000,0.10220000000000,0.23620000000000,1,Hardware: Independent Flip,1.03340000000000,15.34660000000000,14.36740000000000,14.31320000000000,0.97920000000000,0.05420000000000,0.00000000000000
mpc-hc64.exe,69888,0x00000000078F7300,DXGI,0,512,0,14.29744630000000,0.14070000000000,27.28350000000000,1,Hardware: Independent Flip,1.21590000000000,11.47910000000000,23.41600000000000,10.26320000000000,-26.25010000000000,9.65350000000000,4.75870000000000
mpc-hc64.exe,69888,0x00000000078F7300,DXGI,0,512,0,14.29764420000000,0.08990000000000,0.19790000000000,1,Hardware: Independent Flip,1.07570000000000,14.75820000000000,3.47700000000000,13.68250000000000,1.01800000000000,0.05770000000000,0.00000000000000
mpc-hc64.exe,69888,0x00000000078F7300,DXGI,0,512,0,14.32436210000000,0.14190000000000,26.71790000000000,1,Hardware: Independent Flip,1.20680000000000,10.56360000000000,22.52330000000000,9.35680000000000,-25.64220000000000,10.02310000000000,3.59160000000000
mpc-hc64.exe,69888,0x00000000078F7300,DXGI,0,512,0,14.32456330000000,0.09160000000000,0.20120000000000,1,Hardware: Independent Flip,1.06210000000000,14.43990000000000,4.07750000000000,13.37780000000000,1.00560000000000,0.05650000000000,0.00000000000000
mpc-hc64.exe,69888,0x00000000078F7300,DXGI,0,512,0,14.35206730000000,0.15850000000000,27.50400000000000,1,Hardware: Independent Flip,1.19200000000000,9.13740000000000,22.20150000000000,7.94540000000000,-26.44190000000000,10.01130000000000,0.00000000000000
mpc-hc64.exe,69888,0x00000000078F7300,DXGI,0,512,0,14.35228710000000,0.08410000000000,0.21980000000000,1,Hardware: Independent Flip,1.02710000000000,14.79160000000000,5.87400000000000,13.76450000000000,0.97220000000000,0.05490000000000,0.00000000000000
mpc-hc64.exe,69888,0x00000000078F7300,DXGI,0,512,0,14.38002060000000,0.14130000000000,27.73350000000000,1,Hardware: Independent Flip,1.17460000000000,9.79110000000000,22.73300000000000,8.61650000000000,-26.70640000000000,9.92860000000000,0.00000000000000
mpc-hc64.exe,69888,0x00000000078F7300,DXGI,0,512,0,14.38022250000000,0.08950000000000,0.20190000000000,1,Hardware: Independent Flip,1.02720000000000,14.92260000000000,5.33340000000000,13.89540000000000,0.97270000000000,0.05450000000000,0.00000000000000
mpc-hc64.exe,69888,0x00000000078F7300,DXGI,0,512,0,14.40951590000000,0.15820000000000,29.29340000000000,1,Hardware: Independent Flip,1.22060000000000,1.22060000000000,15.59140000000000,0.00000000000000,-28.26620000000000,9.77300000000000,0.00000000000000
mpc-hc64.exe,69888,0x00000000078F7300,DXGI,0,512,0,14.40973200000000,0.08960000000000,0.21610000000000,1,Hardware: Independent Flip,1.05980000000000,15.75650000000000,14.75200000000000,14.69670000000000,1.00450000000000,0.05530000000000,0.00000000000000
mpc-hc64.exe,69888,0x00000000078F7300,DXGI,0,512,0,14.43662990000000,0.13560000000000,26.89790000000000,1,Hardware: Independent Flip,1.24750000000000,12.45510000000000,23.59650000000000,11.20760000000000,-25.83810000000000,9.68580000000000,0.00000000000000
mpc-hc64.exe,69888,0x00000000078F7300,DXGI,0,512,0,14.43682310000000,0.09220000000000,0.19320000000000,1,Hardware: Independent Flip,1.13010000000000,14.63040000000000,2.36850000000000,13.50030000000000,1.05430000000000,0.07580000000000,0.00000000000000
mpc-hc64.exe,69888,0x00000000078F7300,DXGI,0,512,0,14.46331750000000,0.13990000000000,26.49440000000000,1,Hardware: Independent Flip,1.18390000000000,3.55150000000000,15.41550000000000,2.36760000000000,-25.36430000000000,10.01750000000000,0.00000000000000
mpc-hc64.exe,69888,0x00000000078F7300,DXGI,0,512,0,14.46351880000000,0.09220000000000,0.20130000000000,1,Hardware: Independent Flip,1.03960000000000,14.26590000000000,10.91570000000000,13.22630000000000,0.98260000000000,0.05700000000000,0.00000000000000
mpc-hc64.exe,69888,0x00000000078F7300,DXGI,0,512,0,14.49194200000000,0.15030000000000,28.42320000000000,1,Hardware: Independent Flip,1.20880000000000,9.26790000000000,23.42520000000000,8.05910000000000,-27.38360000000000,9.49050000000000,0.00000000000000
mpc-hc64.exe,69888,0x00000000078F7300,DXGI,0,512,0,14.49214860000000,0.08440000000000,0.20660000000000,1,Hardware: Independent Flip,1.05810000000000,15.30110000000000,6.23980000000000,14.24300000000000,1.00220000000000,0.05590000000000,0.00000000000000
mpc-hc64.exe,69888,0x00000000078F7300,DXGI,0,512,0,14.52017340000000,0.13290000000000,28.02480000000000,1,Hardware: Independent Flip,1.21190000000000,11.33250000000000,24.05620000000000,10.12060000000000,-26.96670000000000,9.67670000000000,0.00000000000000
mpc-hc64.exe,69888,0x00000000078F7300,DXGI,0,512,0,14.52036420000000,0.08480000000000,0.19080000000000,1,Hardware: Independent Flip,1.07530000000000,15.11880000000000,3.97710000000000,14.04350000000000,1.02110000000000,0.05420000000000,0.00000000000000
mpc-hc64.exe,69888,0x00000000078F7300,DXGI,0,512,0,14.54817610000000,0.18270000000000,27.81190000000000,1,Hardware: Independent Flip,1.15230000000000,1.15230000000000,13.84540000000000,0.00000000000000,-26.73660000000000,9.56870000000000,0.00000000000000
mpc-hc64.exe,69888,0x00000000078F7300,DXGI,0,512,0,14.54842130000000,0.09330000000000,0.24520000000000,1,Hardware: Independent Flip,0.97740000000000,14.87130000000000,13.96420000000000,13.89390000000000,0.90710000000000,0.07030000000000,0.00000000000000
mpc-hc64.exe,69888,0x00000000078F7300,DXGI,0,512,0,14.57431330000000,0.13110000000000,25.89200000000000,1,Hardware: Independent Flip,1.20920000000000,1.20920000000000,12.22990000000000,0.00000000000000,-24.91460000000000,10.17670000000000,17.55770000000000
mpc-hc64.exe,69888,0x00000000078F7300,DXGI,0,512,0,14.57450140000000,0.08400000000000,0.18810000000000,1,Hardware: Independent Flip,1.07800000000000,14.09310000000000,13.07200000000000,13.01510000000000,1.02110000000000,0.05690000000000,0.00000000000000
mpc-hc64.exe,69888,0x00000000078F7300,DXGI,0,512,0,14.60212950000000,0.13090000000000,27.62810000000000,1,Hardware: Independent Flip,1.23520000000000,1.34560000000000,14.88060000000000,0.11040000000000,-26.55010000000000,10.07970000000000,0.00000000000000
mpc-hc64.exe,69888,0x00000000078F7300,DXGI,0,512,0,14.60231630000000,0.08640000000000,0.18680000000000,1,Hardware: Independent Flip,1.11030000000000,14.95390000000000,13.79510000000000,13.84360000000000,1.04840000000000,0.06190000000000,0.00000000000000
mpc-hc64.exe,69888,0x00000000078F7300,DXGI,0,512,0,14.62948950000000,0.22710000000000,27.17320000000000,1,Hardware: Independent Flip,1.49570000000000,3.18330000000000,15.40260000000000,1.68760000000000,-26.06290000000000,10.00280000000000,0.00000000000000
mpc-hc64.exe,69888,0x00000000078F7300,DXGI,0,512,0,14.62981380000000,0.11090000000000,0.32430000000000,1,Hardware: Independent Flip,1.22520000000000,14.95180000000000,12.09280000000000,13.72660000000000,1.17140000000000,0.05380000000000,0.00000000000000
mpc-hc64.exe,69888,0x00000000078F7300,DXGI,0,512,0,14.65921780000000,0.14140000000000,29.40400000000000,1,Hardware: Independent Flip,1.25730000000000,9.70360000000000,24.15580000000000,8.44630000000000,-28.17880000000000,9.56230000000000,0.00000000000000
mpc-hc64.exe,69888,0x00000000078F7300,DXGI,0,512,0,14.65941880000000,0.08570000000000,0.20100000000000,1,Hardware: Independent Flip,1.11890000000000,15.78890000000000,6.28630000000000,14.67000000000000,1.05630000000000,0.06260000000000,0.00000000000000
mpc-hc64.exe,69888,0x00000000078F7300,DXGI,0,512,0,14.68632560000000,0.13140000000000,26.90680000000000,1,Hardware: Independent Flip,1.21820000000000,12.31310000000000,23.43100000000000,11.09490000000000,-25.78790000000000,9.44220000000000,0.00000000000000
mpc-hc64.exe,69888,0x00000000078F7300,DXGI,0,512,0,14.68658010000000,0.15360000000000,0.25450000000000,1,Hardware: Independent Flip,1.01900000000000,14.47530000000000,2.41670000000000,13.45630000000000,0.96370000000000,0.05530000000000,0.00000000000000
mpc-hc64.exe,69888,0x00000000078F7300,DXGI,0,512,0,14.71299000000000,0.16680000000000,26.40990000000000,1,Hardware: Independent Flip,1.40210000000000,3.67800000000000,15.61260000000000,2.27590000000000,-25.39090000000000,10.10390000000000,0.00000000000000
mpc-hc64.exe,69888,0x00000000078F7300,DXGI,0,512,0,14.71322000000000,0.09230000000000,0.23000000000000,1,Hardware: Independent Flip,1.24560000000000,14.60350000000000,11.15550000000000,13.35790000000000,1.17210000000000,0.07350000000000,0.00000000000000
mpc-hc64.exe,69888,0x00000000078F7300,DXGI,0,512,0,14.74093200000000,0.13580000000000,27.71200000000000,1,Hardware: Independent Flip,1.16430000000000,2.50720000000000,15.61570000000000,1.34290000000000,-26.46640000000000,9.86030000000000,0.00000000000000
mpc-hc64.exe,69888,0x00000000078F7300,DXGI,0,512,0,14.74112530000000,0.08800000000000,0.19330000000000,1,Hardware: Independent Flip,1.04460000000000,14.81830000000000,12.50440000000000,13.77370000000000,0.97100000000000,0.07360000000000,0.00000000000000
mpc-hc64.exe,69888,0x00000000078F7300,DXGI,0,512,0,14.77260870000000,0.15950000000000,31.48340000000000,1,Hardware: Independent Flip,1.25400000000000,9.77570000000000,26.44080000000000,8.52170000000000,-30.43880000000000,9.62640000000000,0.00000000000000
mpc-hc64.exe,69888,0x00000000078F7300,DXGI,0,512,0,14.77282570000000,0.08810000000000,0.21700000000000,1,Hardware: Independent Flip,1.14230000000000,16.93110000000000,7.37240000000000,15.78880000000000,1.03700000000000,0.10530000000000,0.00000000000000
mpc-hc64.exe,69888,0x00000000078F7300,DXGI,0,512,0,14.79661080000000,0.13700000000000,23.78510000000000,1,Hardware: Independent Flip,1.23580000000000,8.61890000000000,15.47290000000000,7.38310000000000,-22.64280000000000,9.94900000000000,0.00000000000000
mpc-hc64.exe,69888,0x00000000078F7300,DXGI,0,512,0,14.79680390000000,0.08630000000000,0.19310000000000,1,Hardware: Independent Flip,1.10280000000000,12.99440000000000,4.56860000000000,11.89160000000000,1.04270000000000,0.06010000000000,0.00000000000000
mpc-hc64.exe,69888,0x00000000078F7300,DXGI,0,512,0,14.82413940000000,0.17440000000000,27.33550000000000,1,Hardware: Independent Flip,1.31570000000000,8.01860000000000,22.35970000000000,6.70290000000000,-26.23270000000000,9.85500000000000,0.00000000000000
mpc-hc64.exe,69888,0x00000000078F7300,DXGI,0,512,0,14.82437630000000,0.09300000000000,0.23690000000000,1,Hardware: Independent Flip,1.14490000000000,14.88440000000000,7.10270000000000,13.73950000000000,1.07880000000000,0.06610000000000,0.00000000000000
mpc-hc64.exe,69888,0x00000000078F7300,DXGI,0,512,0,14.85213600000000,0.16160000000000,27.75970000000000,1,Hardware: Independent Flip,1.18080000000000,2.83530000000000,15.71060000000000,1.65450000000000,-26.61480000000000,9.87080000000000,0.00000000000000
mpc-hc64.exe,69888,0x00000000078F7300,DXGI,0,512,0,14.85235320000000,0.08490000000000,0.21720000000000,1,Hardware: Independent Flip,1.02590000000000,14.87490000000000,12.25680000000000,13.84900000000000,0.96360000000000,0.06230000000000,0.00000000000000
mpc-hc64.exe,69888,0x00000000078F7300,DXGI,0,512,0,14.87991650000000,0.13780000000000,27.56330000000000,1,Hardware: Independent Flip,1.22870000000000,1.22870000000000,13.91710000000000,0.00000000000000,-26.53740000000000,10.06030000000000,0.00000000000000
mpc-hc64.exe,69888,0x00000000078F7300,DXGI,0,512,0,14.88011180000000,0.09180000000000,0.19530000000000,1,Hardware: Independent Flip,1.08880000000000,14.92560000000000,13.89220000000000,13.83680000000000,1.03340000000000,0.05540000000000,0.00000000000000
mpc-hc64.exe,69888,0x00000000078F7300,DXGI,0,512,0,14.90949110000000,0.16400000000000,29.37930000000000,1,Hardware: Independent Flip,0.87170000000000,0.87170000000000,15.32540000000000,0.00000000000000,-28.29050000000000,9.65220000000000,0.00000000000000
mpc-hc64.exe,69888,0x00000000078F7300,DXGI,0,512,0,14.90972020000000,0.09180000000000,0.22910000000000,1,Hardware: Independent Flip,0.70300000000000,15.23350000000000,14.59090000000000,14.53050000000000,0.64260000000000,0.05800000000000,0.00000000000000
mpc-hc64.exe,69888,0x00000000078F7300,DXGI,0,512,0,14.93674360000000,0.18220000000000,27.02340000000000,1,Hardware: Independent Flip,1.25120000000000,4.29690000000000,16.08680000000000,3.04570000000000,-26.32040000000000,10.38130000000000,0.00000000000000
mpc-hc64.exe,69888,0x00000000078F7300,DXGI,0,512,0,14.93699100000000,0.09100000000000,0.24740000000000,1,Hardware: Independent Flip,1.06220000000000,14.79800000000000,10.74850000000000,13.73580000000000,1.00380000000000,0.05840000000000,0.00000000000000
mpc-hc64.exe,69888,0x00000000078F7300,DXGI,0,512,0,14.96348830000000,0.13430000000000,26.49730000000000,1,Hardware: Independent Flip,1.18360000000000,10.72880000000000,22.42810000000000,9.54520000000000,-25.43510000000000,9.79580000000000,0.00000000000000
mpc-hc64.exe,69888,0x00000000078F7300,DXGI,0,512,0,14.96367910000000,0.08760000000000,0.19080000000000,1,Hardware: Independent Flip,1.06860000000000,14.33650000000000,3.79850000000000,13.26790000000000,0.99280000000000,0.07580000000000,0.00000000000000
mpc-hc64.exe,69888,0x00000000078F7300,DXGI,0,512,0,14.99101590000000,0.15090000000000,27.33680000000000,1,Hardware: Independent Flip,1.18640000000000,1.18640000000000,14.18670000000000,0.00000000000000,-26.26820000000000,10.00290000000000,0.00000000000000
mpc-hc64.exe,69888,0x00000000078F7300,DXGI,0,512,0,14.99122970000000,0.08860000000000,0.21380000000000,1,Hardware: Independent Flip,1.02860000000000,14.70760000000000,13.73500000000000,13.67900000000000,0.97260000000000,0.05600000000000,0.00000000000000
mpc-hc64.exe,69888,0x00000000078F7300,DXGI,0,512,0,15.01878500000000,0.13160000000000,27.55530000000000,1,Hardware: Independent Flip,1.18730000000000,9.79340000000000,22.64110000000000,8.60610000000000,-26.52670000000000,10.08360000000000,0.00000000000000
mpc-hc64.exe,69888,0x00000000078F7300,DXGI,0,512,0,15.01897280000000,0.09010000000000,0.18780000000000,1,Hardware: Independent Flip,1.05430000000000,14.86490000000000,5.25930000000000,13.81060000000000,0.99950000000000,0.05480000000000,0.00000000000000
mpc-hc64.exe,69888,0x00000000078F7300,DXGI,0,512,0,15.04754050000000,0.15070000000000,28.56770000000000,1,Hardware: Independent Flip,1.20400000000000,9.82750000000000,23.53030000000000,8.62350000000000,-27.51340000000000,9.71580000000000,0.00000000000000
mpc-hc64.exe,69888,0x00000000078F7300,DXGI,0,512,0,15.04774820000000,0.08610000000000,0.20770000000000,1,Hardware: Independent Flip,1.07530000000000,15.39010000000000,5.77030000000000,14.31480000000000,0.99630000000000,0.07900000000000,0.00000000000000
mpc-hc64.exe,69888,0x00000000078F7300,DXGI,0,512,0,15.07435290000000,0.13500000000000,26.60470000000000,1,Hardware: Independent Flip,1.21670000000000,1.21670000000000,12.43130000000000,0.00000000000000,-25.52940000000000,10.02150000000000,0.00000000000000
mpc-hc64.exe,69888,0x00000000078F7300,DXGI,0,512,0,15.07466750000000,0.20530000000000,0.31460000000000,1,Hardware: Independent Flip,0.96660000000000,14.27230000000000,13.37020000000000,13.30570000000000,0.90210000000000,0.06450000000000,0.00000000000000
mpc-hc64.exe,69888,0x00000000078F7300,DXGI,0,512,0,15.10291470000000,0.13600000000000,28.24720000000000,1,Hardware: Independent Flip,1.20750000000000,9.08540000000000,23.06030000000000,7.87790000000000,-27.28060000000000,9.89370000000000,0.00000000000000
mpc-hc64.exe,69888,0x00000000078F7300,DXGI,0,512,0,15.10310660000000,0.10090000000000,0.19190000000000,1,Hardware: Independent Flip,1.07170000000000,15.26810000000000,6.37460000000000,14.19640000000000,1.01560000000000,0.05610000000000,0.00000000000000
mpc-hc64.exe,69888,0x00000000078F7300,DXGI,0,512,0,15.13009570000000,0.16390000000000,26.98910000000000,1,Hardware: Independent Flip,1.44440000000000,1.44440000000000,13.16540000000000,0.00000000000000,-25.91740000000000,10.50560000000000,0.00000000000000
mpc-hc64.exe,69888,0x00000000078F7300,DXGI,0,512,0,15.13032990000000,0.07720000000000,0.23420000000000,1,Hardware: Independent Flip,1.27680000000000,14.91950000000000,13.70930000000000,13.64270000000000,1.21020000000000,0.06660000000000,0.00000000000000
mpc-hc64.exe,69888,0x00000000078F7300,DXGI,0,512,0,15.15937500000000,0.13320000000000,29.04510000000000,1,Hardware: Independent Flip,1.24500000000000,1.97390000000000,16.09950000000000,0.72890000000000,-27.76830000000000,9.95510000000000,0.00000000000000
mpc-hc64.exe,69888,0x00000000078F7300,DXGI,0,512,0,15.15956260000000,0.08430000000000,0.18760000000000,1,Hardware: Independent Flip,1.11320000000000,15.57300000000000,13.78670000000000,14.45980000000000,1.05740000000000,0.05580000000000,0.00000000000000
mpc-hc64.exe,69888,0x00000000078F7300,DXGI,0,512,0,15.18688460000000,0.13270000000000,27.32200000000000,1,Hardware: Independent Flip,1.24460000000000,5.02240000000000,16.77140000000000,3.77780000000000,-26.20880000000000,9.73590000000000,0.00000000000000
mpc-hc64.exe,69888,0x00000000078F7300,DXGI,0,512,0,15.18707190000000,0.08290000000000,0.18730000000000,1,Hardware: Independent Flip,1.13250000000000,14.81780000000000,9.98270000000000,13.68530000000000,1.05730000000000,0.07520000000000,0.00000000000000
mpc-hc64.exe,69888,0x00000000078F7300,DXGI,0,512,0,15.21333510000000,0.15240000000000,26.26320000000000,1,Hardware: Independent Flip,1.17550000000000,11.17030000000000,22.61570000000000,9.99480000000000,-25.13070000000000,9.90550000000000,0.00000000000000
mpc-hc64.exe,69888,0x00000000078F7300,DXGI,0,512,0,15.21354310000000,0.08480000000000,0.20800000000000,1,Hardware: Independent Flip,1.02380000000000,14.12870000000000,3.16640000000000,13.10490000000000,0.96750000000000,0.05630000000000,0.00000000000000
mpc-hc64.exe,69888,0x00000000078F7300,DXGI,0,512,0,15.24140210000000,0.13460000000000,27.85900000000000,1,Hardware: Independent Flip,1.18080000000000,1.18080000000000,14.91110000000000,0.00000000000000,-26.83520000000000,10.16370000000000,0.00000000000000
mpc-hc64.exe,69888,0x00000000078F7300,DXGI,0,512,0,15.24159290000000,0.08230000000000,0.19080000000000,1,Hardware: Independent Flip,1.05010000000000,15.00890000000000,14.01890000000000,13.95880000000000,0.99000000000000,0.06010000000000,0.00000000000000
mpc-hc64.exe,69888,0x00000000078F7300,DXGI,0,512,0,15.27032990000000,0.18490000000000,28.73700000000000,1,Hardware: Independent Flip,1.22370000000000,1.96000000000000,15.68810000000000,0.73630000000000,-27.68690000000000,9.75630000000000,0.00000000000000
mpc-hc64.exe,69888,0x00000000078F7300,DXGI,0,512,0,15.27057510000000,0.11480000000000,0.24520000000000,1,Hardware: Independent Flip,1.04070000000000,15.43830000000000,13.72350000000000,14.39760000000000,0.97850000000000,0.06220000000000,0.00000000000000
mpc-hc64.exe,69888,0x00000000078F7300,DXGI,0,512,0,15.29715550000000,0.15990000000000,26.58040000000000,1,Hardware: Independent Flip,1.26190000000000,4.46640000000000,15.60850000000000,3.20450000000000,-25.53970000000000,9.68360000000000,0.00000000000000
mpc-hc64.exe,69888,0x00000000078F7300,DXGI,0,512,0,15.29738120000000,0.13130000000000,0.22570000000000,1,Hardware: Independent Flip,1.09500000000000,14.44530000000000,10.20460000000000,13.35030000000000,1.03620000000000,0.05880000000000,0.00000000000000
mpc-hc64.exe,69888,0x00000000078F7300,DXGI,0,512,0,15.32415110000000,0.20410000000000,26.76990000000000,1,Hardware: Independent Flip,1.46900000000000,1.46900000000000,13.79360000000000,0.00000000000000,-25.67490000000000,10.02530000000000,0.00000000000000
mpc-hc64.exe,69888,0x00000000078F7300,DXGI,0,512,0,15.32442660000000,0.08780000000000,0.27550000000000,1,Hardware: Independent Flip,1.25160000000000,14.77540000000000,13.58190000000000,13.52380000000000,1.19350000000000,0.05810000000000,0.00000000000000
mpc-hc64.exe,69888,0x00000000078F7300,DXGI,0,512,0,15.35285820000000,0.16780000000000,28.43160000000000,1,Hardware: Independent Flip,1.21120000000000,9.30510000000000,22.96130000000000,8.09390000000000,-27.18000000000000,9.37460000000000,0.00000000000000
mpc-hc64.exe,69888,0x00000000078F7300,DXGI,0,512,0,15.35308640000000,0.08470000000000,0.22820000000000,1,Hardware: Independent Flip,1.04050000000000,15.18900000000000,6.11210000000000,14.14850000000000,0.98300000000000,0.05750000000000,0.00000000000000
mpc-hc64.exe,69888,0x00000000078F7300,DXGI,0,512,0,15.38003580000000,0.15210000000000,26.94940000000000,1,Hardware: Independent Flip,1.20980000000000,1.20980000000000,12.97020000000000,0.00000000000000,-25.90890000000000,10.08190000000000,0.00000000000000
mpc-hc64.exe,69888,0x00000000078F7300,DXGI,0,512,0,15.38024530000000,0.08220000000000,0.20950000000000,1,Hardware: Independent Flip,1.05820000000000,14.56960000000000,13.56930000000000,13.51140000000000,1.00030000000000,0.05790000000000,0.00000000000000
mpc-hc64.exe,69888,0x00000000078F7300,DXGI,0,512,0,15.40765030000000,0.16460000000000,27.40500000000000,1,Hardware: Independent Flip,1.34670000000000,9.54100000000000,22.37640000000000,8.19430000000000,-26.34680000000000,10.04790000000000,0.00000000000000
mpc-hc64.exe,69888,0x00000000078F7300,DXGI,0,512,0,15.40791710000000,0.15770000000000,0.26680000000000,1,Hardware: Independent Flip,1.13860000000000,14.93600000000000,5.66180000000000,13.79740000000000,1.07990000000000,0.05870000000000,0.00000000000000
mpc-hc64.exe,69888,0x00000000078F7300,DXGI,0,512,0,15.43634420000000,0.18350000000000,28.42710000000000,1,Hardware: Independent Flip,1.17310000000000,1.17310000000000,14.66420000000000,0.00000000000000,-27.28850000000000,9.54690000000000,0.00000000000000
mpc-hc64.exe,69888,0x00000000078F7300,DXGI,0,512,0,15.43658630000000,0.08950000000000,0.24210000000000,1,Hardware: Independent Flip,0.99270000000000,15.16960000000000,14.23860000000000,14.17690000000000,0.93100000000000,0.06170000000000,0.00000000000000
mpc-hc64.exe,69888,0x00000000078F7300,DXGI,0,512,0,15.46366680000000,0.18140000000000,27.08050000000000,1,Hardware: Independent Flip,1.39100000000000,10.47850000000000,22.38940000000000,9.08750000000000,-26.08780000000000,10.51350000000000,0.00000000000000
mpc-hc64.exe,69888,0x00000000078F7300,DXGI,0,512,0,15.46391280000000,0.10230000000000,0.24600000000000,1,Hardware: Independent Flip,1.22400000000000,14.92190000000000,4.68940000000000,13.69790000000000,1.14500000000000,0.07900000000000,0.00000000000000
mpc-hc64.exe,69888,0x00000000078F7300,DXGI,0,512,0,15.49088500000000,0.17700000000000,26.97220000000000,1,Hardware: Independent Flip,1.48410000000000,1.48410000000000,13.53440000000000,0.00000000000000,-25.74820000000000,9.88550000000000,0.00000000000000
mpc-hc64.exe,69888,0x00000000078F7300,DXGI,0,512,0,15.49112120000000,0.08560000000000,0.23620000000000,1,Hardware: Independent Flip,1.31080000000000,14.87660000000000,13.62870000000000,13.56580000000000,1.24790000000000,0.06290000000000,0.00000000000000
mpc-hc64.exe,69888,0x00000000078F7300,DXGI,0,512,0,15.51868170000000,0.19640000000000,27.56050000000000,1,Hardware: Independent Flip,1.45510000000000,1.45510000000000,14.13900000000000,0.00000000000000,-26.24970000000000,9.79060000000000,0.00000000000000
mpc-hc64.exe,69888,0x00000000078F7300,DXGI,0,512,0,15.51893430000000,0.10000000000000,0.25260000000000,1,Hardware: Independent Flip,1.25920000000000,15.06440000000000,13.86190000000000,13.80520000000000,1.20250000000000,0.05670000000000,0.00000000000000
mpc-hc64.exe,69888,0x00000000078F7300,DXGI,0,512,0,15.54772130000000,0.17630000000000,28.78700000000000,1,Hardware: Independent Flip,1.26130000000000,2.64300000000000,16.36560000000000,1.38170000000000,-27.52780000000000,9.33680000000000,0.00000000000000
mpc-hc64.exe,69888,0x00000000078F7300,DXGI,0,512,0,15.54795700000000,0.08780000000000,0.23570000000000,1,Hardware: Independent Flip,1.08180000000000,15.42960000000000,13.02230000000000,14.34780000000000,1.02560000000000,0.05620000000000,0.00000000000000
mpc-hc64.exe,69888,0x00000000078F7300,DXGI,0,512,0,15.57421790000000,0.13930000000000,26.26090000000000,1,Hardware: Independent Flip,1.44510000000000,11.39810000000000,22.22940000000000,9.95300000000000,-25.17910000000000,10.01210000000000,0.00000000000000
mpc-hc64.exe,69888,0x00000000078F7300,DXGI,0,512,0,15.57442370000000,0.08650000000000,0.20580000000000,1,Hardware: Independent Flip,1.29680000000000,14.56190000000000,3.36960000000000,13.26510000000000,1.23930000000000,0.05750000000000,0.00000000000000
mpc-hc64.exe,69888,0x00000000078F7300,DXGI,0,512,0,15.60244020000000,0.14190000000000,28.01650000000000,1,Hardware: Independent Flip,1.18920000000000,7.95400000000000,21.40860000000000,6.76480000000000,-26.71970000000000,9.85740000000000,0.00000000000000
mpc-hc64.exe,69888,0x00000000078F7300,DXGI,0,512,0,15.60263920000000,0.08510000000000,0.19900000000000,1,Hardware: Independent Flip,1.04930000000000,14.95450000000000,7.19950000000000,13.90520000000000,0.99020000000000,0.05910000000000,0.00000000000000
mpc-hc64.exe,69888,0x00000000078F7300,DXGI,0,512,0,15.63041310000000,0.15750000000000,27.77390000000000,1,Hardware: Independent Flip,1.18440000000000,9.70530000000000,22.52470000000000,8.52090000000000,-26.72460000000000,10.39540000000000,0.00000000000000
mpc-hc64.exe,69888,0x00000000078F7300,DXGI,0,512,0,15.63062770000000,0.08560000000000,0.21460000000000,1,Hardware: Independent Flip,1.02650000000000,14.93410000000000,5.44340000000000,13.90760000000000,0.96980000000000,0.05670000000000,0.00000000000000
mpc-hc64.exe,69888,0x00000000078F7300,DXGI,0,512,0,15.65883860000000,0.13580000000000,28.21090000000000,1,Hardware: Independent Flip,1.20800000000000,10.11740000000000,23.39420000000000,8.90940000000000,-27.18440000000000,9.61990000000000,0.00000000000000
mpc-hc64.exe,69888,0x00000000078F7300,DXGI,0,512,0,15.65904810000000,0.08650000000000,0.20950000000000,1,Hardware: Independent Flip,1.05520000000000,15.20540000000000,5.29750000000000,14.15020000000000,0.99850000000000,0.05670000000000,0.00000000000000
mpc-hc64.exe,69888,0x00000000078F7300,DXGI,0,512,0,15.68679480000000,0.14950000000000,27.74670000000000,1,Hardware: Independent Flip,1.32240000000000,11.29070000000000,23.83200000000000,9.96830000000000,-26.69150000000000,9.75640000000000,0.00000000000000
mpc-hc64.exe,69888,0x00000000078F7300,DXGI,0,512,0,15.68700440000000,0.08440000000000,0.20960000000000,1,Hardware: Independent Flip,1.17150000000000,15.12760000000000,4.04650000000000,13.95610000000000,1.11280000000000,0.05870000000000,0.00000000000000
mpc-hc64.exe,69888,0x00000000078F7300,DXGI,0,512,0,15.71337920000000,0.15380000000000,26.37480000000000,1,Hardware: Independent Flip,1.20080000000000,10.06000000000000,21.30720000000000,8.85920000000000,-25.20330000000000,9.93940000000000,0.00000000000000
mpc-hc64.exe,69888,0x00000000078F7300,DXGI,0,512,0,15.71358920000000,0.08850000000000,0.21000000000000,1,Hardware: Independent Flip,1.04650000000000,14.19510000000000,4.34510000000000,13.14860000000000,0.99080000000000,0.05570000000000,0.00000000000000
mpc-hc64.exe,69888,0x00000000078F7300,DXGI,0,512,0,15.74111510000000,0.13150000000000,27.52590000000000,1,Hardware: Independent Flip,1.17830000000000,8.93300000000000,22.26380000000000,7.75470000000000,-26.47940000000000,10.15590000000000,0.00000000000000
mpc-hc64.exe,69888,0x00000000078F7300,DXGI,0,512,0,15.74130200000000,0.08340000000000,0.18690000000000,1,Hardware: Independent Flip,1.04810000000000,14.83030000000000,6.08420000000000,13.78220000000000,0.99140000000000,0.05670000000000,0.00000000000000
mpc-hc64.exe,69888,0x00000000078F7300,DXGI,0,512,0,15.77095350000000,0.15060000000000,29.65150000000000,1,Hardware: Independent Flip,1.24880000000000,9.66060000000000,24.48180000000000,8.41180000000000,-28.60340000000000,9.85310000000000,0.00000000000000
mpc-hc64.exe,69888,0x00000000078F7300,DXGI,0,512,0,15.77115560000000,0.08090000000000,0.20210000000000,1,Hardware: Independent Flip,1.10740000000000,15.98740000000000,6.52890000000000,14.88000000000000,1.04670000000000,0.06070000000000,0.00000000000000
mpc-hc64.exe,69888,0x00000000078F7300,DXGI,0,512,0,15.79810110000000,0.13140000000000,26.94550000000000,1,Hardware: Independent Flip,1.22810000000000,12.95450000000000,23.91260000000000,11.72640000000000,-25.83810000000000,9.92760000000000,0.00000000000000
mpc-hc64.exe,69888,0x00000000078F7300,DXGI,0,512,0,15.79828920000000,0.08070000000000,0.18810000000000,1,Hardware: Independent Flip,1.11340000000000,14.60600000000000,1.83960000000000,13.49260000000000,1.04000000000000,0.07340000000000,0.00000000000000
mpc-hc64.exe,69888,0x00000000078F7300,DXGI,0,512,0,15.82488100000000,0.16530000000000,26.59180000000000,1,Hardware: Independent Flip,1.29660000000000,1.29660000000000,13.28240000000000,0.00000000000000,-25.47840000000000,10.49540000000000,0.00000000000000
mpc-hc64.exe,69888,0x00000000078F7300,DXGI,0,512,0,15.82511240000000,0.08840000000000,0.23140000000000,1,Hardware: Independent Flip,1.12190000000000,14.45450000000000,13.38930000000000,13.33260000000000,1.06520000000000,0.05670000000000,0.00000000000000
mpc-hc64.exe,69888,0x00000000078F7300,DXGI,0,512,0,15.85246460000000,0.15200000000000,27.35220000000000,1,Hardware: Independent Flip,1.23030000000000,9.85800000000000,22.75570000000000,8.62770000000000,-26.23030000000000,10.40570000000000,0.00000000000000
mpc-hc64.exe,69888,0x00000000078F7300,DXGI,0,512,0,15.85267320000000,0.08260000000000,0.20860000000000,1,Hardware: Independent Flip,1.09630000000000,14.78400000000000,5.13460000000000,13.68770000000000,1.02170000000000,0.07460000000000,0.00000000000000
mpc-hc64.exe,69888,0x00000000078F7300,DXGI,0,512,0,15.88037060000000,0.13520000000000,27.69740000000000,1,Hardware: Independent Flip,1.30410000000000,3.16130000000000,16.07470000000000,1.85720000000000,-26.60110000000000,10.53170000000000,0.00000000000000
mpc-hc64.exe,69888,0x00000000078F7300,DXGI,0,512,0,15.88056480000000,0.08400000000000,0.19420000000000,1,Hardware: Independent Flip,1.16580000000000,15.07150000000000,12.10440000000000,13.90570000000000,1.10990000000000,0.05590000000000,0.00000000000000
mpc-hc64.exe,69888,0x00000000078F7300,DXGI,0,512,0,15.91036130000000,0.14530000000000,29.79650000000000,1,Hardware: Independent Flip,1.30400000000000,10.11940000000000,24.84440000000000,8.81540000000000,-28.63070000000000,10.58570000000000,0.00000000000000
mpc-hc64.exe,69888,0x00000000078F7300,DXGI,0,512,0,15.91055880000000,0.08670000000000,0.19750000000000,1,Hardware: Independent Flip,1.18410000000000,16.10930000000000,6.18740000000000,14.92520000000000,1.10650000000000,0.07760000000000,0.00000000000000
mpc-hc64.exe,69888,0x00000000078F7300,DXGI,0,512,0,15.93666720000000,0.13130000000000,26.10840000000000,1,Hardware: Independent Flip,1.27970000000000,1.27970000000000,11.27880000000000,0.00000000000000,-24.92430000000000,9.92430000000000,0.00000000000000
mpc-hc64.exe,69888,0x00000000078F7300,DXGI,0,512,0,15.93685210000000,0.08170000000000,0.18490000000000,1,Hardware: Independent Flip,1.15020000000000,14.19760000000000,13.10280000000000,13.04740000000000,1.09480000000000,0.05540000000000,0.00000000000000
mpc-hc64.exe,69888,0x00000000078F7300,DXGI,0,512,0,15.96448590000000,0.17340000000000,27.63380000000000,1,Hardware: Independent Flip,1.24820000000000,1.24820000000000,14.68440000000000,0.00000000000000,-26.48360000000000,9.99940000000000,0.00000000000000
mpc-hc64.exe,69888,0x00000000078F7300,DXGI,0,512,0,15.96472230000000,0.08590000000000,0.23640000000000,1,Hardware: Independent Flip,1.06840000000000,14.88490000000000,13.87310000000000,13.81650000000000,1.01180000000000,0.05660000000000,0.00000000000000
mpc-hc64.exe,69888,0x00000000078F7300,DXGI,0,512,0,15.99147040000000,0.15080000000000,26.74810000000000,1,Hardware: Independent Flip,1.32850000000000,4.11840000000000,15.98160000000000,2.78990000000000,-25.67970000000000,10.57230000000000,0.00000000000000
mpc-hc64.exe,69888,0x00000000078F7300,DXGI,0,512,0,15.99167630000000,0.08310000000000,0.20590000000000,1,Hardware: Independent Flip,1.18160000000000,14.63160000000000,10.71910000000000,13.45000000000000,1.12260000000000,0.05900000000000,0.00000000000000
mpc-hc64.exe,69888,0x00000000078F7300,DXGI,0,512,0,16.02006130000000,0.13400000000000,28.38500000000000,1,Hardware: Independent Flip,1.20700000000000,9.87030000000000,23.62370000000000,8.66330000000000,-27.20340000000000,11.08420000000000,0.00000000000000
mpc-hc64.exe,69888,0x00000000078F7300,DXGI,0,512,0,16.02025100000000,0.09620000000000,0.18970000000000,1,Hardware: Independent Flip,1.09180000000000,15.25460000000000,5.57400000000000,14.16280000000000,1.01730000000000,0.07450000000000,0.00000000000000
mpc-hc64.exe,69888,0x00000000078F7300,DXGI,0,512,0,16.04790020000000,0.15830000000000,27.64920000000000,1,Hardware: Independent Flip,1.28280000000000,4.36320000000000,16.75780000000000,3.08040000000000,-26.55740000000000,10.08370000000000,0.00000000000000
mpc-hc64.exe,69888,0x00000000078F7300,DXGI,0,512,0,16.04812640000000,0.08680000000000,0.22620000000000,1,Hardware: Independent Flip,1.11170000000000,14.97770000000000,10.84070000000000,13.86600000000000,1.05660000000000,0.05510000000000,0.00000000000000
mpc-hc64.exe,69888,0x00000000078F7300,DXGI,0,512,0,16.07514920000000,0.13920000000000,27.02280000000000,1,Hardware: Independent Flip,1.31900000000000,11.12770000000000,23.17280000000000,9.80870000000000,-25.91110000000000,10.92090000000000,0.00000000000000
mpc-hc64.exe,69888,0x00000000078F7300,DXGI,0,512,0,16.07534360000000,0.08310000000000,0.19440000000000,1,Hardware: Independent Flip,1.18510000000000,14.75080000000000,3.81750000000000,13.56570000000000,1.12460000000000,0.06050000000000,0.00000000000000
mpc-hc64.exe,69888,0x00000000078F7300,DXGI,0,512,0,16.10270070000000,0.13890000000000,27.35710000000000,1,Hardware: Independent Flip,1.23240000000000,10.36290000000000,22.96920000000000,9.13050000000000,-26.17200000000000,10.36560000000000,0.00000000000000
mpc-hc64.exe,69888,0x00000000078F7300,DXGI,0,512,0,16.10289570000000,0.08940000000000,0.19500000000000,1,Hardware: Independent Flip,1.09270000000000,14.74060000000000,4.57270000000000,13.64790000000000,1.03740000000000,0.05530000000000,0.00000000000000
mpc-hc64.exe,69888,0x00000000078F7300,DXGI,0,512,0,16.13107220000000,0.15650000000000,28.17650000000000,1,Hardware: Independent Flip,1.23470000000000,10.00360000000000,23.43950000000000,8.76890000000000,-27.08380000000000,11.01360000000000,0.00000000000000
mpc-hc64.exe,69888,0x00000000078F7300,DXGI,0,512,0,16.13128620000000,0.08260000000000,0.21400000000000,1,Hardware: Independent Flip,1.08080000000000,15.19080000000000,5.40120000000000,14.11000000000000,1.02070000000000,0.06010000000000,0.00000000000000
mpc-hc64.exe,69888,0x00000000078F7300,DXGI,0,512,0,16.16042530000000,0.13430000000000,29.13910000000000,1,Hardware: Independent Flip,1.34110000000000,4.15980000000000,18.10810000000000,2.81870000000000,-28.05830000000000,10.72590000000000,0.00000000000000
mpc-hc64.exe,69888,0x00000000078F7300,DXGI,0,512,0,16.16061490000000,0.08450000000000,0.18960000000000,1,Hardware: Independent Flip,1.20910000000000,15.85240000000000,11.88220000000000,14.64330000000000,1.15150000000000,0.05760000000000,0.00000000000000
mpc-hc64.exe,69888,0x00000000078F7300,DXGI,0,512,0,16.18767210000000,0.13180000000000,27.05720000000000,1,Hardware: Independent Flip,1.31570000000000,13.54080000000000,24.74560000000000,12.22510000000000,-25.84810000000000,10.46380000000000,0.00000000000000
mpc-hc64.exe,69888,0x00000000078F7300,DXGI,0,512,0,16.18785580000000,0.08210000000000,0.18370000000000,1,Hardware: Independent Flip,1.18730000000000,14.71600000000000,1.35890000000000,13.52870000000000,1.13200000000000,0.05530000000000,0.00000000000000
mpc-hc64.exe,69888,0x00000000078F7300,DXGI,0,512,0,16.21392930000000,0.16320000000000,26.07350000000000,1,Hardware: Independent Flip,1.18790000000000,11.67430000000000,23.03180000000000,10.48640000000000,-24.88620000000000,10.52750000000000,0.00000000000000
mpc-hc64.exe,69888,0x00000000078F7300,DXGI,0,512,0,16.21414800000000,0.08620000000000,0.21870000000000,1,Hardware: Independent Flip,1.02470000000000,14.01580000000000,2.56020000000000,12.99110000000000,0.96920000000000,0.05550000000000,0.00000000000000
mpc-hc64.exe,69888,0x00000000078F7300,DXGI,0,512,0,16.24159290000000,0.13330000000000,27.44490000000000,1,Hardware: Independent Flip,1.42950000000000,2.83870000000000,16.26780000000000,1.40920000000000,-26.42020000000000,10.44190000000000,0.00000000000000
mpc-hc64.exe,69888,0x00000000078F7300,DXGI,0,512,0,16.24178020000000,0.12910000000000,0.18730000000000,1,Hardware: Independent Flip,1.29700000000000,15.16930000000000,12.51790000000000,13.87230000000000,1.24220000000000,0.05480000000000,0.00000000000000
mpc-hc64.exe,69888,0x00000000078F7300,DXGI,0,512,0,16.27009610000000,0.14970000000000,28.31590000000000,1,Hardware: Independent Flip,1.20460000000000,3.65920000000000,16.80580000000000,2.45460000000000,-27.01890000000000,9.41120000000000,0.00000000000000
mpc-hc64.exe,69888,0x00000000078F7300,DXGI,0,512,0,16.27030100000000,0.08070000000000,0.20490000000000,1,Hardware: Independent Flip,1.06520000000000,15.14100000000000,11.68670000000000,14.07580000000000,0.99970000000000,0.06550000000000,0.00000000000000
mpc-hc64.exe,69888,0x00000000078F7300,DXGI,0,512,0,16.29777230000000,0.17350000000000,27.47130000000000,1,Hardware: Independent Flip,1.19410000000000,11.24300000000000,23.57330000000000,10.04890000000000,-26.40610000000000,10.01400000000000,0.00000000000000
mpc-hc64.exe,69888,0x00000000078F7300,DXGI,0,512,0,16.29801140000000,0.09570000000000,0.23910000000000,1,Hardware: Independent Flip,1.01180000000000,14.76120000000000,3.75730000000000,13.74940000000000,0.95500000000000,0.05680000000000,0.00000000000000
mpc-hc64.exe,69888,0x00000000078F7300,DXGI,0,512,0,16.32462890000000,0.14000000000000,26.61750000000000,1,Hardware: Independent Flip,1.22080000000000,3.82440000000000,15.68070000000000,2.60360000000000,-25.60570000000000,10.22750000000000,0.00000000000000
mpc-hc64.exe,69888,0x00000000078F7300,DXGI,0,512,0,16.32482470000000,0.07650000000000,0.19580000000000,1,Hardware: Independent Flip,1.08580000000000,14.44630000000000,10.81770000000000,13.36050000000000,1.02500000000000,0.06080000000000,0.00000000000000
mpc-hc64.exe,69888,0x00000000078F7300,DXGI,0,512,0,16.35322440000000,0.15090000000000,28.39970000000000,1,Hardware: Independent Flip,1.18580000000000,9.25740000000000,23.21080000000000,8.07160000000000,-27.31390000000000,9.95720000000000,0.00000000000000
mpc-hc64.exe,69888,0x00000000078F7300,DXGI,0,512,0,16.35343230000000,0.08410000000000,0.20790000000000,1,Hardware: Independent Flip,1.05310000000000,15.26190000000000,6.21240000000000,14.20880000000000,0.97790000000000,0.07520000000000,0.00000000000000
mpc-hc64.exe,69888,0x00000000078F7300,DXGI,0,512,0,16.38083410000000,0.15740000000000,27.40180000000000,1,Hardware: Independent Flip,1.30850000000000,10.98050000000000,23.12040000000000,9.67200000000000,-26.34870000000000,9.70260000000000,0.00000000000000
mpc-hc64.exe,69888,0x00000000078F7300,DXGI,0,512,0,16.38104650000000,0.08380000000000,0.21240000000000,1,Hardware: Independent Flip,1.15380000000000,14.93490000000000,4.16680000000000,13.78110000000000,1.09610000000000,0.05770000000000,0.00000000000000
mpc-hc64.exe,69888,0x00000000078F7300,DXGI,0,512,0,16.40811560000000,0.16130000000000,27.06910000000000,1,Hardware: Independent Flip,1.19190000000000,10.59780000000000,22.73200000000000,9.40590000000000,-25.91530000000000,10.41360000000000,0.00000000000000
mpc-hc64.exe,69888,0x00000000078F7300,DXGI,0,512,0,16.40833570000000,0.08720000000000,0.22010000000000,1,Hardware: Independent Flip,1.02730000000000,14.53470000000000,4.15700000000000,13.50740000000000,0.97180000000000,0.05550000000000,0.00000000000000
mpc-hc64.exe,69888,0x00000000078F7300,DXGI,0,512,0,16.43643650000000,0.13000000000000,28.10080000000000,1,Hardware: Independent Flip,1.24280000000000,9.73430000000000,23.30040000000000,8.49150000000000,-27.07350000000000,9.79640000000000,0.00000000000000
mpc-hc64.exe,69888,0x00000000078F7300,DXGI,0,512,0,16.43661900000000,0.08090000000000,0.18250000000000,1,Hardware: Independent Flip,1.11550000000000,15.22680000000000,5.67500000000000,14.11130000000000,1.06030000000000,0.05520000000000,0.00000000000000
mpc-hc64.exe,69888,0x00000000078F7300,DXGI,0,512,0,16.46356370000000,0.18830000000000,26.94470000000000,1,Hardware: Independent Flip,1.47950000000000,11.23980000000000,22.95770000000000,9.76030000000000,-25.82920000000000,10.44950000000000,0.00000000000000
mpc-hc64.exe,69888,0x00000000078F7300,DXGI,0,512,0,16.46380830000000,0.09190000000000,0.24460000000000,1,Hardware: Independent Flip,1.29250000000000,14.89910000000000,3.90390000000000,13.60660000000000,1.23490000000000,0.05760000000000,0.00000000000000
mpc-hc64.exe,69888,0x00000000078F7300,DXGI,0,512,0,16.49120580000000,0.15000000000000,27.39750000000000,1,Hardware: Independent Flip,1.19860000000000,3.03790000000000,15.53630000000000,1.83930000000000,-26.10500000000000,9.99850000000000,0.00000000000000
mpc-hc64.exe,69888,0x00000000078F7300,DXGI,0,512,0,16.49141370000000,0.09010000000000,0.20790000000000,1,Hardware: Independent Flip,1.04700000000000,14.65190000000000,11.82190000000000,13.60490000000000,0.99070000000000,0.05630000000000,0.00000000000000
mpc-hc64.exe,69888,0x00000000078F7300,DXGI,0,512,0,16.51986080000000,0.13730000000000,28.44710000000000,1,Hardware: Independent Flip,1.26050000000000,9.54090000000000,23.33610000000000,8.28040000000000,-27.40010000000000,9.88280000000000,0.00000000000000
mpc-hc64.exe,69888,0x00000000078F7300,DXGI,0,512,0,16.52005150000000,0.08260000000000,0.19070000000000,1,Hardware: Independent Flip,1.12680000000000,15.40970000000000,6.05950000000000,14.28290000000000,1.06980000000000,0.05700000000000,0.00000000000000
mpc-hc64.exe,69888,0x00000000078F7300,DXGI,0,512,0,16.54780340000000,0.15020000000000,27.75190000000000,1,Hardware: Independent Flip,1.27400000000000,4.24100000000000,16.58320000000000,2.96700000000000,-26.62510000000000,9.78020000000000,0.00000000000000
mpc-hc64.exe,69888,0x00000000078F7300,DXGI,0,512,0,16.54800750000000,0.08180000000000,0.20410000000000,1,Hardware: Independent Flip,1.13180000000000,15.03330000000000,10.99640000000000,13.90150000000000,1.06990000000000,0.06190000000000,0.00000000000000
mpc-hc64.exe,69888,0x00000000078F7300,DXGI,0,512,0,16.57567100000000,0.14320000000000,27.66350000000000,1,Hardware: Independent Flip,0.89660000000000,0.89660000000000,13.52680000000000,0.00000000000000,-26.53170000000000,10.47720000000000,6.99010000000000
mpc-hc64.exe,69888,0x00000000078F7300,DXGI,0,512,0,16.57587130000000,0.08510000000000,0.20030000000000,1,Hardware: Independent Flip,0.75760000000000,14.42160000000000,13.72530000000000,13.66400000000000,0.69630000000000,0.05850000000000,0.00000000000000
mpc-hc64.exe,69888,0x00000000078F7300,DXGI,0,512,0,16.60236250000000,0.13850000000000,26.49120000000000,1,Hardware: Independent Flip,1.19630000000000,3.46300000000000,15.53260000000000,2.26670000000000,-25.73360000000000,10.97230000000000,0.00000000000000
mpc-hc64.exe,69888,0x00000000078F7300,DXGI,0,512,0,16.60255710000000,0.08600000000000,0.19460000000000,1,Hardware: Independent Flip,1.05940000000000,14.47690000000000,11.20850000000000,13.41750000000000,1.00170000000000,0.05770000000000,0.00000000000000
mpc-hc64.exe,69888,0x00000000078F7300,DXGI,0,512,0,16.63113680000000,0.16620000000000,28.57970000000000,1,Hardware: Independent Flip,1.22850000000000,2.51440000000000,16.61720000000000,1.28590000000000,-27.52030000000000,9.81510000000000,0.00000000000000
mpc-hc64.exe,69888,0x00000000078F7300,DXGI,0,512,0,16.63135970000000,0.08150000000000,0.22290000000000,1,Hardware: Independent Flip,1.07870000000000,15.39040000000000,13.09890000000000,14.31170000000000,1.00560000000000,0.07310000000000,0.00000000000000
mpc-hc64.exe,69888,0x00000000078F7300,DXGI,0,512,0,16.65795440000000,0.13230000000000,26.59470000000000,1,Hardware: Independent Flip,1.21580000000000,11.41380000000000,22.61810000000000,10.19800000000000,-25.51600000000000,10.24610000000000,0.00000000000000
mpc-hc64.exe,69888,0x00000000078F7300,DXGI,0,512,0,16.65814500000000,0.08820000000000,0.19060000000000,1,Hardware: Independent Flip,1.09730000000000,14.42420000000000,3.20100000000000,13.32690000000000,1.02520000000000,0.07210000000000,0.00000000000000
mpc-hc64.exe,69888,0x00000000078F7300,DXGI,0,512,0,16.68692790000000,0.14480000000000,28.78290000000000,1,Hardware: Independent Flip,1.25910000000000,2.26120000000000,16.61990000000000,1.00210000000000,-27.68560000000000,10.08230000000000,2.23880000000000
mpc-hc64.exe,69888,0x00000000078F7300,DXGI,0,512,0,16.68712970000000,0.08080000000000,0.20180000000000,1,Hardware: Independent Flip,1.13110000000000,15.56260000000000,13.50320000000000,14.43150000000000,1.05730000000000,0.07380000000000,0.00000000000000
mpc-hc64.exe,69888,0x00000000078F7300,DXGI,0,512,1,16.71405520000000,0.13010000000000,26.92550000000000,0,Composed: Flip,0.91460000000000,0.00000000000000,0.00000000000000,0.00000000000000,0.85820000000000,0.05640000000000,0.00000000000000
mpc-hc64.exe,69888,0x00000000078F7300,DXGI,0,512,1,16.74134170000000,0.65480000000000,27.28650000000000,0,Composed: Flip,1.22590000000000,0.00000000000000,0.00000000000000,0.00000000000000,0.70590000000000,0.52000000000000,0.66170000000000
mpc-hc64.exe,69888,0x00000000078F7300,DXGI,0,512,1,16.77445660000000,0.11260000000000,33.11490000000000,0,Composed: Flip,1.12750000000000,0.00000000000000,0.00000000000000,0.00000000000000,1.06150000000000,0.06600000000000,0.00000000000000
mpc-hc64.exe,69888,0x00000000078F7300,DXGI,0,512,1,16.79887160000000,0.07410000000000,24.41500000000000,0,Composed: Flip,1.10660000000000,0.00000000000000,0.00000000000000,0.00000000000000,1.03590000000000,0.07070000000000,0.00000000000000
mpc-hc64.exe,69888,0x00000000078F7300,DXGI,0,512,1,16.82491740000000,0.11670000000000,26.04580000000000,0,Composed: Flip,1.36240000000000,0.00000000000000,0.00000000000000,0.00000000000000,1.29780000000000,0.06460000000000,0.00000000000000
mpc-hc64.exe,69888,0x00000000078F7300,DXGI,0,512,1,16.85296140000000,0.11040000000000,28.04400000000000,0,Composed: Flip,1.54770000000000,0.00000000000000,0.00000000000000,0.00000000000000,1.47720000000000,0.07050000000000,0.00000000000000
mpc-hc64.exe,69888,0x00000000078F7300,DXGI,0,512,1,16.88038650000000,0.07820000000000,27.42510000000000,0,Composed: Flip,1.43800000000000,0.00000000000000,0.00000000000000,0.00000000000000,1.37040000000000,0.06760000000000,0.00000000000000
mpc-hc64.exe,69888,0x00000000078F7300,DXGI,0,512,1,16.91016840000000,0.07740000000000,29.78190000000000,0,Composed: Flip,1.03680000000000,0.00000000000000,0.00000000000000,0.00000000000000,0.96740000000000,0.06940000000000,0.00000000000000
mpc-hc64.exe,69888,0x00000000078F7300,DXGI,0,512,1,16.71374910000000,0.21810000000000,0.00000000000000,0,Composed: Flip,1.16430000000000,0.00000000000000,0.00000000000000,0.00000000000000,-25.48830000000000,10.08050000000000,1.06810000000000
mpc-hc64.exe,69888,0x00000000078F7300,DXGI,0,512,1,16.74095990000000,0.29860000000000,27.21080000000000,0,Composed: Flip,1.08770000000000,0.00000000000000,0.00000000000000,0.00000000000000,-25.99010000000000,9.82480000000000,4.25910000000000
mpc-hc64.exe,69888,0x00000000078F7300,DXGI,0,512,1,16.77416780000000,0.19460000000000,33.20790000000000,0,Composed: Flip,1.35030000000000,0.00000000000000,0.00000000000000,0.00000000000000,-31.60020000000000,10.68850000000000,1.46810000000000
mpc-hc64.exe,69888,0x00000000078F7300,DXGI,0,512,1,16.79869480000000,0.12480000000000,24.52700000000000,0,Composed: Flip,1.21270000000000,0.00000000000000,0.00000000000000,0.00000000000000,-23.11070000000000,10.43340000000000,2.00060000000000
mpc-hc64.exe,69888,0x00000000078F7300,DXGI,0,512,1,16.82468920000000,0.14040000000000,25.99440000000000,0,Composed: Flip,1.52600000000000,0.00000000000000,0.00000000000000,0.00000000000000,-24.71100000000000,10.56490000000000,3.91330000000000
mpc-hc64.exe,69888,0x00000000078F7300,DXGI,0,512,1,16.85270250000000,0.17410000000000,28.01330000000000,0,Composed: Flip,1.73610000000000,0.00000000000000,0.00000000000000,0.00000000000000,-26.42270000000000,10.76700000000000,3.93070000000000
mpc-hc64.exe,69888,0x00000000078F7300,DXGI,0,512,1,16.88021140000000,0.12500000000000,27.50890000000000,0,Composed: Flip,1.54550000000000,0.00000000000000,0.00000000000000,0.00000000000000,-25.70230000000000,10.09460000000000,3.43840000000000
mpc-hc64.exe,69888,0x00000000078F7300,DXGI,0,512,1,16.90996620000000,0.14740000000000,29.75480000000000,0,Composed: Flip,1.16960000000000,0.00000000000000,0.00000000000000,0.00000000000000,-28.14170000000000,10.26520000000000,17.28330000000000
mpc-hc64.exe,69888,0x00000000078F7300,DXGI,0,512,1,16.93653130000000,0.12810000000000,26.56510000000000,0,Composed: Flip,1.24720000000000,0.00000000000000,0.00000000000000,0.00000000000000,-25.32610000000000,9.73650000000000,0.00000000000000
mpc-hc64.exe,69888,0x00000000078F7300,DXGI,0,512,0,16.93671120000000,0.08060000000000,0.17990000000000,1,Hardware: Independent Flip,1.13710000000000,11.68540000000000,245.70430000000002,0.80300000000000,1.06730000000000,0.06980000000000,0.00000000000000
mpc-hc64.exe,69888,0x00000000078F7300,DXGI,0,512,1,16.96396890000000,0.09760000000000,27.25770000000000,0,Composed: Flip,0.99650000000000,0.00000000000000,0.00000000000000,0.00000000000000,0.92720000000000,0.06930000000000,0.00000000000000
mpc-hc64.exe,69888,0x00000000078F7300,DXGI,0,512,1,16.99098600000000,0.09260000000000,27.01710000000000,0,Composed: Flip,1.59700000000000,0.00000000000000,0.00000000000000,0.00000000000000,1.52770000000000,0.06930000000000,0.00000000000000
mpc-hc64.exe,69888,0x00000000078F7300,DXGI,0,512,1,17.01977600000000,0.25560000000000,28.79000000000000,0,Composed: Flip,1.41320000000000,0.00000000000000,0.00000000000000,0.00000000000000,1.34560000000000,0.06760000000000,0.00000000000000
mpc-hc64.exe,69888,0x00000000078F7300,DXGI,0,512,1,17.04842560000000,0.07560000000000,28.64960000000000,0,Composed: Flip,1.01110000000000,0.00000000000000,0.00000000000000,0.00000000000000,0.94050000000000,0.07060000000000,0.00000000000000
mpc-hc64.exe,69888,0x00000000078F7300,DXGI,0,512,1,17.07536200000000,0.08870000000000,26.93640000000000,0,Composed: Flip,1.35710000000000,0.00000000000000,0.00000000000000,0.00000000000000,1.29040000000000,0.06670000000000,0.00000000000000
mpc-hc64.exe,69888,0x00000000078F7300,DXGI,0,512,1,17.10303090000000,0.07730000000000,27.66890000000000,0,Composed: Flip,1.39680000000000,0.00000000000000,0.00000000000000,0.00000000000000,1.33000000000000,0.06680000000000,0.00000000000000
mpc-hc64.exe,69888,0x00000000078F7300,DXGI,0,512,1,17.13091750000000,0.13680000000000,27.88660000000000,0,Composed: Flip,1.38590000000000,0.00000000000000,0.00000000000000,0.00000000000000,1.31820000000000,0.06770000000000,0.00000000000000
mpc-hc64.exe,69888,0x00000000078F7300,DXGI,0,512,1,17.15873470000000,0.08570000000000,27.81720000000000,0,Composed: Flip,1.34800000000000,0.00000000000000,0.00000000000000,0.00000000000000,1.28760000000000,0.06040000000000,0.00000000000000
mpc-hc64.exe,69888,0x00000000078F7300,DXGI,0,512,1,17.18751490000000,0.08030000000000,28.78020000000000,0,Composed: Flip,1.00280000000000,0.00000000000000,0.00000000000000,0.00000000000000,0.93140000000000,0.07140000000000,0.00000000000000
mpc-hc64.exe,69888,0x00000000078F7300,DXGI,0,512,1,17.21401750000000,0.06870000000000,26.50260000000000,0,Composed: Flip,1.38430000000000,0.00000000000000,0.00000000000000,0.00000000000000,1.31830000000000,0.06600000000000,0.00000000000000
mpc-hc64.exe,69888,0x00000000078F7300,DXGI,0,512,1,17.24337940000000,0.08960000000000,29.36190000000000,0,Composed: Flip,0.93430000000000,0.00000000000000,0.00000000000000,0.00000000000000,0.86940000000000,0.06490000000000,0.00000000000000
mpc-hc64.exe,69888,0x00000000078F7300,DXGI,0,512,1,17.27004810000000,0.19020000000000,26.66870000000000,0,Composed: Flip,0.73290000000000,0.00000000000000,0.00000000000000,0.00000000000000,0.66560000000000,0.06730000000000,0.00000000000000
mpc-hc64.exe,69888,0x00000000078F7300,DXGI,0,512,1,17.29861240000000,0.07400000000000,28.56430000000000,0,Composed: Flip,1.09340000000000,0.00000000000000,0.00000000000000,0.00000000000000,1.02410000000000,0.06930000000000,0.00000000000000
mpc-hc64.exe,69888,0x00000000078F7300,DXGI,0,512,1,17.32552010000000,0.70770000000000,26.90770000000000,0,Composed: Flip,1.28060000000000,0.00000000000000,0.00000000000000,0.00000000000000,1.21180000000000,0.06880000000000,0.00000000000000
mpc-hc64.exe,69888,0x00000000078F7300,DXGI,0,512,1,17.35287970000000,0.11690000000000,27.35960000000000,0,Composed: Flip,1.32160000000000,0.00000000000000,0.00000000000000,0.00000000000000,1.25330000000000,0.06830000000000,0.00000000000000
mpc-hc64.exe,69888,0x00000000078F7300,DXGI,0,512,1,17.38026160000000,0.08220000000000,27.38190000000000,0,Composed: Flip,1.30580000000000,0.00000000000000,0.00000000000000,0.00000000000000,1.23780000000000,0.06800000000000,0.00000000000000
mpc-hc64.exe,69888,0x00000000078F7300,DXGI,0,512,1,17.40815820000000,0.08890000000000,27.89660000000000,0,Composed: Flip,1.35910000000000,0.00000000000000,0.00000000000000,0.00000000000000,1.29440000000000,0.06470000000000,0.00000000000000
mpc-hc64.exe,69888,0x00000000078F7300,DXGI,0,512,1,17.43794960000000,0.10090000000000,29.79140000000000,0,Composed: Flip,0.60720000000000,0.00000000000000,0.00000000000000,0.00000000000000,0.53900000000000,0.06820000000000,0.00000000000000
mpc-hc64.exe,69888,0x00000000078F7300,DXGI,0,512,1,17.46374890000000,0.07670000000000,25.79930000000000,0,Composed: Flip,1.40350000000000,0.00000000000000,0.00000000000000,0.00000000000000,1.33300000000000,0.07050000000000,0.00000000000000
mpc-hc64.exe,69888,0x00000000078F7300,DXGI,0,512,1,17.49173450000000,0.07840000000000,27.98560000000000,0,Composed: Flip,1.06170000000000,0.00000000000000,0.00000000000000,0.00000000000000,0.99620000000000,0.06550000000000,0.00000000000000
mpc-hc64.exe,69888,0x00000000078F7300,DXGI,0,512,1,17.51941110000000,0.10640000000000,27.67660000000000,0,Composed: Flip,1.35680000000000,0.00000000000000,0.00000000000000,0.00000000000000,1.28890000000000,0.06790000000000,0.00000000000000
mpc-hc64.exe,69888,0x00000000078F7300,DXGI,0,512,1,17.54863510000000,0.18510000000000,29.22400000000000,0,Composed: Flip,1.00140000000000,0.00000000000000,0.00000000000000,0.00000000000000,0.93270000000000,0.06870000000000,0.00000000000000
mpc-hc64.exe,69888,0x00000000078F7300,DXGI,0,512,1,17.57537420000000,0.07800000000000,26.73910000000000,0,Composed: Flip,1.23550000000000,0.00000000000000,0.00000000000000,0.00000000000000,1.16630000000000,0.06920000000000,0.00000000000000
mpc-hc64.exe,69888,0x00000000078F7300,DXGI,0,512,1,17.60260050000000,0.08320000000000,27.22630000000000,0,Composed: Flip,1.37660000000000,0.00000000000000,0.00000000000000,0.00000000000000,1.31180000000000,0.06480000000000,0.00000000000000
mpc-hc64.exe,69888,0x00000000078F7300,DXGI,0,512,1,17.63067780000000,0.12840000000000,28.07730000000000,0,Composed: Flip,1.28470000000000,0.00000000000000,0.00000000000000,0.00000000000000,1.21720000000000,0.06750000000000,0.00000000000000
mpc-hc64.exe,69888,0x00000000078F7300,DXGI,0,512,1,17.65939780000000,0.07530000000000,28.72000000000000,0,Composed: Flip,1.00900000000000,0.00000000000000,0.00000000000000,0.00000000000000,0.93840000000000,0.07060000000000,0.00000000000000
mpc-hc64.exe,69888,0x00000000078F7300,DXGI,0,512,1,16.96370070000000,0.19430000000000,0.00000000000000,0,Composed: Flip,1.19540000000000,0.00000000000000,0.00000000000000,0.00000000000000,-25.85240000000000,10.27390000000000,23.00880000000000
mpc-hc64.exe,69888,0x00000000078F7300,DXGI,0,512,1,16.99065980000000,0.25960000000000,26.95910000000000,0,Composed: Flip,1.85390000000000,0.00000000000000,0.00000000000000,0.00000000000000,-25.69440000000000,10.24810000000000,5.93810000000000
mpc-hc64.exe,69888,0x00000000078F7300,DXGI,0,512,1,17.01944000000000,0.22600000000000,28.78020000000000,0,Composed: Flip,1.68160000000000,0.00000000000000,0.00000000000000,0.00000000000000,-26.85700000000000,9.93920000000000,2.76700000000000
mpc-hc64.exe,69888,0x00000000078F7300,DXGI,0,512,1,17.04822960000000,0.14170000000000,28.78960000000000,0,Composed: Flip,1.13650000000000,0.00000000000000,0.00000000000000,0.00000000000000,-27.04040000000000,9.97840000000000,3.46120000000000
mpc-hc64.exe,69888,0x00000000078F7300,DXGI,0,512,1,17.07513380000000,0.15580000000000,26.90420000000000,0,Composed: Flip,1.51860000000000,0.00000000000000,0.00000000000000,0.00000000000000,-25.69710000000000,10.85810000000000,2.45790000000000
mpc-hc64.exe,69888,0x00000000078F7300,DXGI,0,512,1,17.10284210000000,0.13110000000000,27.70830000000000,0,Composed: Flip,1.51880000000000,0.00000000000000,0.00000000000000,0.00000000000000,-26.12300000000000,10.35010000000000,2.14840000000000
mpc-hc64.exe,69888,0x00000000078F7300,DXGI,0,512,1,17.13060170000000,0.22520000000000,27.75960000000000,0,Composed: Flip,1.63400000000000,0.00000000000000,0.00000000000000,0.00000000000000,-26.17400000000000,10.53390000000000,1.91960000000000
mpc-hc64.exe,69888,0x00000000078F7300,DXGI,0,512,1,17.15853580000000,0.13940000000000,27.93410000000000,0,Composed: Flip,1.48650000000000,0.00000000000000,0.00000000000000,0.00000000000000,-26.23240000000000,9.84720000000000,1.85510000000000
mpc-hc64.exe,69888,0x00000000078F7300,DXGI,0,512,1,17.18731050000000,0.14680000000000,28.77470000000000,0,Composed: Flip,1.13580000000000,0.00000000000000,0.00000000000000,0.00000000000000,-27.22780000000000,10.15680000000000,2.61830000000000
mpc-hc64.exe,69888,0x00000000078F7300,DXGI,0,512,1,17.21383550000000,0.12900000000000,26.52500000000000,0,Composed: Flip,1.50030000000000,0.00000000000000,0.00000000000000,0.00000000000000,-25.31780000000000,10.81660000000000,5.13430000000000
mpc-hc64.exe,69888,0x00000000078F7300,DXGI,0,512,1,17.24308150000000,0.23200000000000,29.24600000000000,0,Composed: Flip,1.16730000000000,0.00000000000000,0.00000000000000,0.00000000000000,-27.67970000000000,10.10630000000000,10.40250000000000
mpc-hc64.exe,69888,0x00000000078F7300,DXGI,0,512,1,17.26921640000000,0.74030000000000,26.13490000000000,0,Composed: Flip,1.49730000000000,0.00000000000000,0.00000000000000,0.00000000000000,-24.90270000000000,10.73640000000000,0.53470000000000
mpc-hc64.exe,69888,0x00000000078F7300,DXGI,0,512,1,17.29843210000000,0.12600000000000,29.21570000000000,0,Composed: Flip,1.20440000000000,0.00000000000000,0.00000000000000,0.00000000000000,-27.65110000000000,10.50820000000000,1.74120000000000
mpc-hc64.exe,69888,0x00000000078F7300,DXGI,0,512,1,17.32527410000000,0.17610000000000,26.84200000000000,0,Composed: Flip,1.45780000000000,0.00000000000000,0.00000000000000,0.00000000000000,-25.56830000000000,10.87300000000000,0.57750000000000
mpc-hc64.exe,69888,0x00000000078F7300,DXGI,0,512,1,17.35263210000000,0.16940000000000,27.35800000000000,0,Composed: Flip,1.50090000000000,0.00000000000000,0.00000000000000,0.00000000000000,-25.83140000000000,11.25060000000000,3.94060000000000
mpc-hc64.exe,69888,0x00000000078F7300,DXGI,0,512,1,17.38005290000000,0.14850000000000,27.42080000000000,0,Composed: Flip,1.44650000000000,0.00000000000000,0.00000000000000,0.00000000000000,-25.85160000000000,10.18400000000000,7.32900000000000
mpc-hc64.exe,69888,0x00000000078F7300,DXGI,0,512,1,17.40795400000000,0.14790000000000,27.90110000000000,0,Composed: Flip,1.49860000000000,0.00000000000000,0.00000000000000,0.00000000000000,-26.38660000000000,10.26670000000000,3.22390000000000
mpc-hc64.exe,69888,0x00000000078F7300,DXGI,0,512,1,17.43736460000000,0.52710000000000,29.41060000000000,0,Composed: Flip,1.12400000000000,0.00000000000000,0.00000000000000,0.00000000000000,-27.84730000000000,9.90920000000000,0.67590000000000
mpc-hc64.exe,69888,0x00000000078F7300,DXGI,0,512,1,17.46357610000000,0.12010000000000,26.21150000000000,0,Composed: Flip,1.50580000000000,0.00000000000000,0.00000000000000,0.00000000000000,-25.01930000000000,11.16630000000000,2.85080000000000
mpc-hc64.exe,69888,0x00000000078F7300,DXGI,0,512,1,17.49154340000000,0.13850000000000,27.96730000000000,0,Composed: Flip,1.18730000000000,0.00000000000000,0.00000000000000,0.00000000000000,-26.39100000000000,10.17200000000000,10.83020000000000
mpc-hc64.exe,69888,0x00000000078F7300,DXGI,0,512,1,17.51915590000000,0.17830000000000,27.61250000000000,0,Composed: Flip,1.54410000000000,0.00000000000000,0.00000000000000,0.00000000000000,-26.35970000000000,10.64640000000000,6.45910000000000
mpc-hc64.exe,69888,0x00000000078F7300,DXGI,0,512,1,17.54843550000000,0.14450000000000,29.27960000000000,0,Composed: Flip,1.13230000000000,0.00000000000000,0.00000000000000,0.00000000000000,-27.66760000000000,9.87020000000000,3.75280000000000
mpc-hc64.exe,69888,0x00000000078F7300,DXGI,0,512,1,17.57520440000000,0.11850000000000,26.76890000000000,0,Composed: Flip,1.33610000000000,0.00000000000000,0.00000000000000,0.00000000000000,-25.56790000000000,10.80310000000000,2.52110000000000
mpc-hc64.exe,69888,0x00000000078F7300,DXGI,0,512,1,17.60241100000000,0.13280000000000,27.20660000000000,0,Composed: Flip,1.50130000000000,0.00000000000000,0.00000000000000,0.00000000000000,-25.80130000000000,10.34450000000000,1.73000000000000
mpc-hc64.exe,69888,0x00000000078F7300,DXGI,0,512,1,17.63042590000000,0.18670000000000,28.01490000000000,0,Composed: Flip,1.46910000000000,0.00000000000000,0.00000000000000,0.00000000000000,-26.44880000000000,10.06550000000000,1.70580000000000
mpc-hc64.exe,69888,0x00000000078F7300,DXGI,0,512,1,17.65921340000000,0.12850000000000,28.78750000000000,0,Composed: Flip,1.12280000000000,0.00000000000000,0.00000000000000,0.00000000000000,-27.25090000000000,9.91430000000000,14.52920000000000
mpc-hc64.exe,69888,0x00000000078F7300,DXGI,0,512,1,17.68671830000000,0.13490000000000,27.50490000000000,0,Composed: Flip,1.20220000000000,0.00000000000000,0.00000000000000,0.00000000000000,-26.31150000000000,9.75570000000000,0.00000000000000
mpc-hc64.exe,69888,0x00000000078F7300,DXGI,0,512,0,17.68691070000000,0.08410000000000,0.19240000000000,1,Hardware: Independent Flip,1.07580000000000,17.51450000000000,756.02859999999998,7.53310000000000,1.00980000000000,0.06600000000000,0.00000000000000
mpc-hc64.exe,69888,0x00000000078F7300,DXGI,0,512,0,17.71326360000000,0.24820000000000,26.35290000000000,1,Hardware: Independent Flip,1.60810000000000,11.20470000000000,20.04310000000000,9.59660000000000,-25.27710000000000,10.37880000000000,0.00000000000000
mpc-hc64.exe,69888,0x00000000078F7300,DXGI,0,512,0,17.71357090000000,0.08990000000000,0.30730000000000,1,Hardware: Independent Flip,1.35720000000000,10.89740000000000,0.00000000000000,9.54020000000000,1.30080000000000,0.05640000000000,0.00000000000000
mpc-hc64.exe,69888,0x00000000078F7300,DXGI,0,512,0,17.74122540000000,0.14620000000000,27.65450000000000,1,Hardware: Independent Flip,1.18020000000000,4.66880000000000,21.42590000000000,3.48860000000000,-26.29730000000000,9.92990000000000,0.00000000000000
mpc-hc64.exe,69888,0x00000000078F7300,DXGI,0,512,0,17.74143460000000,0.08540000000000,0.20920000000000,1,Hardware: Independent Flip,1.02720000000000,14.71440000000000,10.25480000000000,13.68720000000000,0.97100000000000,0.05620000000000,0.00000000000000
mpc-hc64.exe,69888,0x00000000078F7300,DXGI,0,512,0,17.77093330000000,0.19900000000000,29.49870000000000,1,Hardware: Independent Flip,1.16900000000000,1.16900000000000,15.95330000000000,0.00000000000000,-28.47150000000000,9.54310000000000,0.00000000000000
mpc-hc64.exe,69888,0x00000000078F7300,DXGI,0,512,0,17.77119500000000,0.09540000000000,0.26170000000000,1,Hardware: Independent Flip,0.96560000000000,15.73860000000000,14.83130000000000,14.77300000000000,0.90730000000000,0.05830000000000,0.00000000000000
mpc-hc64.exe,69888,0x00000000078F7300,DXGI,0,512,1,17.79971240000000,0.10230000000000,28.51740000000000,0,Composed: Flip,1.35700000000000,0.00000000000000,0.00000000000000,0.00000000000000,1.29450000000000,0.06250000000000,0.00000000000000
mpc-hc64.exe,69888,0x00000000078F7300,DXGI,0,512,1,17.82475680000000,0.11320000000000,25.04440000000000,0,Composed: Flip,0.91580000000000,0.00000000000000,0.00000000000000,0.00000000000000,0.85020000000000,0.06560000000000,0.00000000000000
mpc-hc64.exe,69888,0x00000000078F7300,DXGI,0,512,1,17.85270130000000,0.09070000000000,27.94450000000000,0,Composed: Flip,1.36640000000000,0.00000000000000,0.00000000000000,0.00000000000000,1.30140000000000,0.06500000000000,0.00000000000000
mpc-hc64.exe,69888,0x00000000078F7300,DXGI,0,512,1,17.88040780000000,0.08060000000000,27.70650000000000,0,Composed: Flip,1.37720000000000,0.00000000000000,0.00000000000000,0.00000000000000,1.31030000000000,0.06690000000000,0.00000000000000
mpc-hc64.exe,69888,0x00000000078F7300,DXGI,0,512,1,17.90999050000000,0.17960000000000,29.58270000000000,0,Composed: Flip,0.51270000000000,0.00000000000000,0.00000000000000,0.00000000000000,0.44460000000000,0.06810000000000,0.00000000000000
mpc-hc64.exe,69888,0x00000000078F7300,DXGI,0,512,1,17.93788400000000,0.12110000000000,27.89350000000000,0,Composed: Flip,0.81940000000000,0.00000000000000,0.00000000000000,0.00000000000000,0.75180000000000,0.06760000000000,0.00000000000000
mpc-hc64.exe,69888,0x00000000078F7300,DXGI,0,512,1,17.96401470000000,0.08110000000000,26.13070000000000,0,Composed: Flip,1.40930000000000,0.00000000000000,0.00000000000000,0.00000000000000,1.33990000000000,0.06940000000000,0.00000000000000
mpc-hc64.exe,69888,0x00000000078F7300,DXGI,0,512,1,17.99143510000000,0.07740000000000,27.42040000000000,0,Composed: Flip,1.36630000000000,0.00000000000000,0.00000000000000,0.00000000000000,1.35940000000000,0.00690000000000,0.00000000000000
mpc-hc64.exe,69888,0x00000000078F7300,DXGI,0,512,1,18.01994070000000,0.17520000000000,28.50560000000000,0,Composed: Flip,1.43810000000000,0.00000000000000,0.00000000000000,0.00000000000000,1.36950000000000,0.06860000000000,0.00000000000000
mpc-hc64.exe,69888,0x00000000078F7300,DXGI,0,512,1,18.04742980000000,0.10460000000000,27.48910000000000,0,Composed: Flip,1.16990000000000,0.00000000000000,0.00000000000000,0.00000000000000,1.10140000000000,0.06850000000000,0.00000000000000
mpc-hc64.exe,69888,0x00000000078F7300,DXGI,0,512,1,18.07488110000000,0.07570000000000,27.45130000000000,0,Composed: Flip,1.39980000000000,0.00000000000000,0.00000000000000,0.00000000000000,1.39040000000000,0.00940000000000,0.00000000000000
mpc-hc64.exe,69888,0x00000000078F7300,DXGI,0,512,1,18.10317460000000,0.08820000000000,28.29350000000000,0,Composed: Flip,1.39750000000000,0.00000000000000,0.00000000000000,0.00000000000000,1.32910000000000,0.06840000000000,0.00000000000000
mpc-hc64.exe,69888,0x00000000078F7300,DXGI,0,512,1,18.13068540000000,0.12290000000000,27.51080000000000,0,Composed: Flip,1.28790000000000,0.00000000000000,0.00000000000000,0.00000000000000,1.21390000000000,0.07400000000000,0.00000000000000
mpc-hc64.exe,69888,0x00000000078F7300,DXGI,0,512,1,18.15920780000000,0.08440000000000,28.52240000000000,0,Composed: Flip,1.41480000000000,0.00000000000000,0.00000000000000,0.00000000000000,1.31400000000000,0.10080000000000,0.00000000000000
mpc-hc64.exe,69888,0x00000000078F7300,DXGI,0,512,1,18.18820060000000,0.07830000000000,28.99280000000000,0,Composed: Flip,0.99750000000000,0.00000000000000,0.00000000000000,0.00000000000000,0.92990000000000,0.06760000000000,0.00000000000000
mpc-hc64.exe,69888,0x00000000078F7300,DXGI,0,512,1,18.21395500000000,0.11120000000000,25.75440000000000,0,Composed: Flip,1.32700000000000,0.00000000000000,0.00000000000000,0.00000000000000,1.25560000000000,0.07140000000000,0.00000000000000
mpc-hc64.exe,69888,0x00000000078F7300,DXGI,0,512,1,18.24200800000000,0.12760000000000,28.05300000000000,0,Composed: Flip,0.99910000000000,0.00000000000000,0.00000000000000,0.00000000000000,0.92530000000000,0.07380000000000,0.00000000000000
mpc-hc64.exe,69888,0x00000000078F7300,DXGI,0,512,1,18.27134060000000,0.08140000000000,29.33260000000000,0,Composed: Flip,1.02210000000000,0.00000000000000,0.00000000000000,0.00000000000000,0.95390000000000,0.06820000000000,0.00000000000000
mpc-hc64.exe,69888,0x00000000078F7300,DXGI,0,512,1,18.29902380000000,0.08010000000000,27.68320000000000,0,Composed: Flip,1.01440000000000,0.00000000000000,0.00000000000000,0.00000000000000,0.94590000000000,0.06850000000000,0.00000000000000
mpc-hc64.exe,69888,0x00000000078F7300,DXGI,0,512,1,18.32501190000000,0.12740000000000,25.98810000000000,0,Composed: Flip,1.26350000000000,0.00000000000000,0.00000000000000,0.00000000000000,1.19610000000000,0.06740000000000,0.00000000000000
mpc-hc64.exe,69888,0x00000000078F7300,DXGI,0,512,1,18.35267840000000,0.08420000000000,27.66650000000000,0,Composed: Flip,1.35140000000000,0.00000000000000,0.00000000000000,0.00000000000000,1.29140000000000,0.06000000000000,0.00000000000000
mpc-hc64.exe,69888,0x00000000078F7300,DXGI,0,512,1,18.38038880000000,0.07590000000000,27.71040000000000,0,Composed: Flip,1.44070000000000,0.00000000000000,0.00000000000000,0.00000000000000,0.89310000000000,0.54760000000000,0.00000000000000
mpc-hc64.exe,69888,0x00000000078F7300,DXGI,0,512,1,18.40830210000000,0.07970000000000,27.91330000000000,0,Composed: Flip,1.34740000000000,0.00000000000000,0.00000000000000,0.00000000000000,1.27870000000000,0.06870000000000,0.00000000000000
mpc-hc64.exe,69888,0x00000000078F7300,DXGI,0,512,1,18.43716910000000,0.12150000000000,28.86700000000000,0,Composed: Flip,1.14520000000000,0.00000000000000,0.00000000000000,0.00000000000000,1.07680000000000,0.06840000000000,0.48610000000000
mpc-hc64.exe,69888,0x00000000078F7300,DXGI,0,512,1,18.46373560000000,0.07820000000000,26.56650000000000,0,Composed: Flip,1.37730000000000,0.00000000000000,0.00000000000000,0.00000000000000,1.30720000000000,0.07010000000000,0.00000000000000
mpc-hc64.exe,69888,0x00000000078F7300,DXGI,0,512,1,18.49174700000000,0.08070000000000,28.01140000000000,0,Composed: Flip,1.36090000000000,0.00000000000000,0.00000000000000,0.00000000000000,1.29210000000000,0.06880000000000,0.00000000000000
mpc-hc64.exe,69888,0x00000000078F7300,DXGI,0,512,1,18.52123120000000,0.58640000000000,29.48420000000000,0,Composed: Flip,0.97970000000000,0.00000000000000,0.00000000000000,0.00000000000000,0.91570000000000,0.06400000000000,0.54160000000000
mpc-hc64.exe,69888,0x00000000078F7300,DXGI,0,512,1,18.54839480000000,0.07880000000000,27.16360000000000,0,Composed: Flip,0.97580000000000,0.00000000000000,0.00000000000000,0.00000000000000,0.91220000000000,0.06360000000000,0.00000000000000
mpc-hc64.exe,69888,0x00000000078F7300,DXGI,0,512,1,18.57491710000000,0.07620000000000,26.52230000000000,0,Composed: Flip,1.54110000000000,0.00000000000000,0.00000000000000,0.00000000000000,1.33480000000000,0.20630000000000,0.00000000000000
mpc-hc64.exe,69888,0x00000000078F7300,DXGI,0,512,1,18.60296060000000,0.08710000000000,28.04350000000000,0,Composed: Flip,1.37760000000000,0.00000000000000,0.00000000000000,0.00000000000000,1.30450000000000,0.07310000000000,0.00000000000000
mpc-hc64.exe,69888,0x00000000078F7300,DXGI,0,512,1,18.63060650000000,0.08010000000000,27.64590000000000,0,Composed: Flip,1.36150000000000,0.00000000000000,0.00000000000000,0.00000000000000,1.29270000000000,0.06880000000000,0.00000000000000
mpc-hc64.exe,69888,0x00000000078F7300,DXGI,0,512,1,18.65825530000000,0.09600000000000,27.64880000000000,0,Composed: Flip,1.44140000000000,0.00000000000000,0.00000000000000,0.00000000000000,0.87940000000000,0.56200000000000,0.00000000000000
mpc-hc64.exe,69888,0x00000000078F7300,DXGI,0,512,1,18.68696990000000,0.07730000000000,28.71460000000000,0,Composed: Flip,1.29440000000000,0.00000000000000,0.00000000000000,0.00000000000000,1.22660000000000,0.06780000000000,0.00000000000000
mpc-hc64.exe,69888,0x00000000078F7300,DXGI,0,512,1,18.71404750000000,0.12770000000000,27.07760000000000,0,Composed: Flip,1.18270000000000,0.00000000000000,0.00000000000000,0.00000000000000,1.11030000000000,0.07240000000000,0.00000000000000
mpc-hc64.exe,69888,0x00000000078F7300,DXGI,0,512,1,18.74189960000000,0.13570000000000,27.85210000000000,0,Composed: Flip,1.02300000000000,0.00000000000000,0.00000000000000,0.00000000000000,0.95430000000000,0.06870000000000,0.00000000000000
mpc-hc64.exe,69888,0x00000000078F7300,DXGI,0,512,1,18.76935760000000,0.56120000000000,27.45800000000000,0,Composed: Flip,1.28420000000000,0.00000000000000,0.00000000000000,0.00000000000000,1.21870000000000,0.06550000000000,0.00000000000000
mpc-hc64.exe,69888,0x00000000078F7300,DXGI,0,512,1,18.79900490000000,0.07430000000000,29.64730000000000,0,Composed: Flip,1.04940000000000,0.00000000000000,0.00000000000000,0.00000000000000,0.98160000000000,0.06780000000000,0.00000000000000
mpc-hc64.exe,69888,0x00000000078F7300,DXGI,0,512,1,18.82512120000000,0.79310000000000,26.11630000000000,0,Composed: Flip,1.14170000000000,0.00000000000000,0.00000000000000,0.00000000000000,1.07760000000000,0.06410000000000,0.43740000000000
mpc-hc64.exe,69888,0x00000000078F7300,DXGI,0,512,1,18.85253880000000,0.07740000000000,27.41760000000000,0,Composed: Flip,1.38670000000000,0.00000000000000,0.00000000000000,0.00000000000000,1.32240000000000,0.06430000000000,0.00000000000000
mpc-hc64.exe,69888,0x00000000078F7300,DXGI,0,512,1,18.88039240000000,0.08640000000000,27.85360000000000,0,Composed: Flip,1.40180000000000,0.00000000000000,0.00000000000000,0.00000000000000,1.32920000000000,0.07260000000000,0.00000000000000
mpc-hc64.exe,69888,0x00000000078F7300,DXGI,0,512,1,18.90819870000000,0.07630000000000,27.80630000000000,0,Composed: Flip,1.39330000000000,0.00000000000000,0.00000000000000,0.00000000000000,1.32540000000000,0.06790000000000,0.00000000000000
mpc-hc64.exe,69888,0x00000000078F7300,DXGI,0,512,1,18.93792500000000,0.09870000000000,29.72630000000000,0,Composed: Flip,1.09130000000000,0.00000000000000,0.00000000000000,0.00000000000000,1.02130000000000,0.07000000000000,0.00000000000000
mpc-hc64.exe,69888,0x00000000078F7300,DXGI,0,512,1,18.96377980000000,0.20170000000000,25.85480000000000,0,Composed: Flip,1.34720000000000,0.00000000000000,0.00000000000000,0.00000000000000,1.27840000000000,0.06880000000000,0.00000000000000
mpc-hc64.exe,69888,0x00000000078F7300,DXGI,0,512,1,18.99147910000000,0.08380000000000,27.69930000000000,0,Composed: Flip,1.37960000000000,0.00000000000000,0.00000000000000,0.00000000000000,1.31120000000000,0.06840000000000,0.00000000000000
mpc-hc64.exe,69888,0x00000000078F7300,DXGI,0,512,1,19.01990510000000,0.07740000000000,28.42600000000000,0,Composed: Flip,1.42050000000000,0.00000000000000,0.00000000000000,0.00000000000000,1.35390000000000,0.06660000000000,0.00000000000000
mpc-hc64.exe,69888,0x00000000078F7300,DXGI,0,512,1,19.04699040000000,0.07630000000000,27.08530000000000,0,Composed: Flip,1.36960000000000,0.00000000000000,0.00000000000000,0.00000000000000,1.30080000000000,0.06880000000000,0.00000000000000
mpc-hc64.exe,69888,0x00000000078F7300,DXGI,0,512,1,19.07536760000000,0.12440000000000,28.37720000000000,0,Composed: Flip,1.14480000000000,0.00000000000000,0.00000000000000,0.00000000000000,1.07720000000000,0.06760000000000,0.00000000000000
mpc-hc64.exe,69888,0x00000000078F7300,DXGI,0,512,1,19.10370760000000,0.20550000000000,28.34000000000000,0,Composed: Flip,1.17540000000000,0.00000000000000,0.00000000000000,0.00000000000000,1.11080000000000,0.06460000000000,0.00000000000000
mpc-hc64.exe,69888,0x00000000078F7300,DXGI,0,512,1,19.13143360000000,0.15920000000000,27.72600000000000,0,Composed: Flip,1.48600000000000,0.00000000000000,0.00000000000000,0.00000000000000,1.38790000000000,0.09810000000000,0.00000000000000
mpc-hc64.exe,69888,0x00000000078F7300,DXGI,0,512,1,19.15839300000000,0.12660000000000,26.95940000000000,0,Composed: Flip,1.32760000000000,0.00000000000000,0.00000000000000,0.00000000000000,1.25990000000000,0.06770000000000,0.00000000000000
mpc-hc64.exe,69888,0x00000000078F7300,DXGI,0,512,1,17.79946420000000,0.18350000000000,0.00000000000000,0,Composed: Flip,1.54270000000000,0.00000000000000,0.00000000000000,0.00000000000000,-27.30360000000000,11.00540000000000,2.75590000000000
mpc-hc64.exe,69888,0x00000000078F7300,DXGI,0,512,1,17.82447610000000,0.22190000000000,25.01190000000000,0,Composed: Flip,1.13090000000000,0.00000000000000,0.00000000000000,0.00000000000000,-23.40670000000000,9.75590000000000,3.75330000000000
mpc-hc64.exe,69888,0x00000000078F7300,DXGI,0,512,1,17.85249950000000,0.14710000000000,28.02340000000000,0,Composed: Flip,1.50320000000000,0.00000000000000,0.00000000000000,0.00000000000000,-26.82690000000000,10.83710000000000,3.81280000000000
mpc-hc64.exe,69888,0x00000000078F7300,DXGI,0,512,1,17.88022140000000,0.13140000000000,27.72190000000000,0,Composed: Flip,1.49670000000000,0.00000000000000,0.00000000000000,0.00000000000000,-26.15370000000000,10.14620000000000,3.54570000000000
mpc-hc64.exe,69888,0x00000000078F7300,DXGI,0,512,1,17.90931040000000,0.57950000000000,29.08900000000000,0,Composed: Flip,1.12470000000000,0.00000000000000,0.00000000000000,0.00000000000000,-27.52540000000000,10.02920000000000,0.63090000000000
mpc-hc64.exe,69888,0x00000000078F7300,DXGI,0,512,1,17.93748540000000,0.30860000000000,28.17500000000000,0,Composed: Flip,1.15040000000000,0.00000000000000,0.00000000000000,0.00000000000000,-26.98220000000000,11.00010000000000,0.80030000000000
mpc-hc64.exe,69888,0x00000000078F7300,DXGI,0,512,1,17.96382670000000,0.13030000000000,26.34130000000000,0,Composed: Flip,1.52790000000000,0.00000000000000,0.00000000000000,0.00000000000000,-25.12330000000000,10.98250000000000,3.05310000000000
mpc-hc64.exe,69888,0x00000000078F7300,DXGI,0,512,1,17.99123790000000,0.14360000000000,27.41120000000000,0,Composed: Flip,1.55660000000000,0.00000000000000,0.00000000000000,0.00000000000000,-25.81390000000000,10.10920000000000,2.46730000000000
mpc-hc64.exe,69888,0x00000000078F7300,DXGI,0,512,1,18.01975660000000,0.13010000000000,28.51870000000000,0,Composed: Flip,1.55360000000000,0.00000000000000,0.00000000000000,0.00000000000000,-26.95520000000000,9.96710000000000,3.08120000000000
mpc-hc64.exe,69888,0x00000000078F7300,DXGI,0,512,1,18.04712180000000,0.22400000000000,27.36520000000000,0,Composed: Flip,1.40940000000000,0.00000000000000,0.00000000000000,0.00000000000000,-25.74300000000000,10.27020000000000,2.34150000000000
mpc-hc64.exe,69888,0x00000000078F7300,DXGI,0,512,1,18.07470400000000,0.12650000000000,27.58220000000000,0,Composed: Flip,1.56750000000000,0.00000000000000,0.00000000000000,0.00000000000000,-26.10430000000000,10.47910000000000,2.02790000000000
mpc-hc64.exe,69888,0x00000000078F7300,DXGI,0,512,1,18.10297230000000,0.14250000000000,28.26830000000000,0,Composed: Flip,1.53140000000000,0.00000000000000,0.00000000000000,0.00000000000000,-26.69140000000000,9.86800000000000,2.29160000000000
mpc-hc64.exe,69888,0x00000000078F7300,DXGI,0,512,1,18.13041410000000,0.19090000000000,27.44180000000000,0,Composed: Flip,1.48520000000000,0.00000000000000,0.00000000000000,0.00000000000000,-25.84200000000000,10.03870000000000,1.73440000000000
mpc-hc64.exe,69888,0x00000000078F7300,DXGI,0,512,1,18.15900430000000,0.14630000000000,28.59020000000000,0,Composed: Flip,1.51750000000000,0.00000000000000,0.00000000000000,0.00000000000000,-27.03100000000000,10.05800000000000,2.31890000000000
mpc-hc64.exe,69888,0x00000000078F7300,DXGI,0,512,1,18.18800050000000,0.14320000000000,28.99620000000000,0,Composed: Flip,1.13000000000000,0.00000000000000,0.00000000000000,0.00000000000000,-27.37790000000000,10.15450000000000,3.31540000000000
mpc-hc64.exe,69888,0x00000000078F7300,DXGI,0,512,1,18.21371850000000,0.16440000000000,25.71800000000000,0,Composed: Flip,1.49210000000000,0.00000000000000,0.00000000000000,0.00000000000000,-24.52040000000000,10.50010000000000,1.03570000000000
mpc-hc64.exe,69888,0x00000000078F7300,DXGI,0,512,1,18.24179790000000,0.14780000000000,28.07940000000000,0,Composed: Flip,1.13540000000000,0.00000000000000,0.00000000000000,0.00000000000000,-26.51590000000000,10.30340000000000,1.11150000000000
mpc-hc64.exe,69888,0x00000000078F7300,DXGI,0,512,1,18.27113580000000,0.14950000000000,29.33790000000000,0,Composed: Flip,1.15870000000000,0.00000000000000,0.00000000000000,0.00000000000000,-28.12870000000000,10.97080000000000,2.43350000000000
mpc-hc64.exe,69888,0x00000000078F7300,DXGI,0,512,1,18.29883680000000,0.13310000000000,27.70100000000000,0,Composed: Flip,1.13290000000000,0.00000000000000,0.00000000000000,0.00000000000000,-26.47410000000000,10.44200000000000,2.15490000000000
mpc-hc64.exe,69888,0x00000000078F7300,DXGI,0,512,1,18.32472630000000,0.14640000000000,25.88950000000000,0,Composed: Flip,1.48170000000000,0.00000000000000,0.00000000000000,0.00000000000000,-24.68810000000000,10.48180000000000,4.03880000000000
mpc-hc64.exe,69888,0x00000000078F7300,DXGI,0,512,1,18.35246140000000,0.15530000000000,27.73510000000000,0,Composed: Flip,1.50840000000000,0.00000000000000,0.00000000000000,0.00000000000000,-26.18600000000000,10.44490000000000,3.73700000000000
mpc-hc64.exe,69888,0x00000000078F7300,DXGI,0,512,1,18.38018730000000,0.14570000000000,27.72590000000000,0,Composed: Flip,1.09460000000000,0.00000000000000,0.00000000000000,0.00000000000000,-26.15750000000000,9.83300000000000,3.49690000000000
mpc-hc64.exe,69888,0x00000000078F7300,DXGI,0,512,1,18.40809160000000,0.15350000000000,27.90430000000000,0,Composed: Flip,1.48920000000000,0.00000000000000,0.00000000000000,0.00000000000000,-26.26210000000000,10.14470000000000,3.38260000000000
mpc-hc64.exe,69888,0x00000000078F7300,DXGI,0,512,1,18.43675940000000,0.21260000000000,28.66780000000000,0,Composed: Flip,1.48650000000000,0.00000000000000,0.00000000000000,0.00000000000000,-27.10990000000000,9.83290000000000,3.05730000000000
mpc-hc64.exe,69888,0x00000000078F7300,DXGI,0,512,1,18.46354230000000,0.13870000000000,26.78290000000000,0,Composed: Flip,1.50050000000000,0.00000000000000,0.00000000000000,0.00000000000000,-25.22800000000000,10.47870000000000,2.82260000000000
mpc-hc64.exe,69888,0x00000000078F7300,DXGI,0,512,1,18.49153900000000,0.15110000000000,27.99670000000000,0,Composed: Flip,1.50010000000000,0.00000000000000,0.00000000000000,0.00000000000000,-26.42610000000000,10.23320000000000,2.84940000000000
mpc-hc64.exe,69888,0x00000000078F7300,DXGI,0,512,1,18.52100130000000,0.14460000000000,29.46230000000000,0,Composed: Flip,1.14560000000000,0.00000000000000,0.00000000000000,0.00000000000000,-27.89340000000000,9.96510000000000,4.22710000000000
mpc-hc64.exe,69888,0x00000000078F7300,DXGI,0,512,1,18.54819160000000,0.15010000000000,27.19030000000000,0,Composed: Flip,1.11540000000000,0.00000000000000,0.00000000000000,0.00000000000000,-25.98070000000000,10.68660000000000,3.50320000000000
mpc-hc64.exe,69888,0x00000000078F7300,DXGI,0,512,1,18.57473780000000,0.12750000000000,26.54620000000000,0,Composed: Flip,1.51410000000000,0.00000000000000,0.00000000000000,0.00000000000000,-25.36720000000000,10.56010000000000,2.05220000000000
mpc-hc64.exe,69888,0x00000000078F7300,DXGI,0,512,1,18.60276700000000,0.13150000000000,28.02920000000000,0,Composed: Flip,1.49810000000000,0.00000000000000,0.00000000000000,0.00000000000000,-26.30880000000000,9.85740000000000,2.08900000000000
mpc-hc64.exe,69888,0x00000000078F7300,DXGI,0,512,1,18.63040300000000,0.14840000000000,27.63600000000000,0,Composed: Flip,1.49620000000000,0.00000000000000,0.00000000000000,0.00000000000000,-26.06480000000000,10.07870000000000,1.72180000000000
mpc-hc64.exe,69888,0x00000000078F7300,DXGI,0,512,1,18.65800650000000,0.18920000000000,27.60350000000000,0,Composed: Flip,1.12820000000000,0.00000000000000,0.00000000000000,0.00000000000000,-26.03850000000000,9.67400000000000,1.29410000000000
mpc-hc64.exe,69888,0x00000000078F7300,DXGI,0,512,1,18.68669340000000,0.12860000000000,28.68690000000000,0,Composed: Flip,1.50310000000000,0.00000000000000,0.00000000000000,0.00000000000000,-26.99670000000000,9.76790000000000,2.01040000000000
mpc-hc64.exe,69888,0x00000000078F7300,DXGI,0,512,1,18.71364570000000,0.31020000000000,26.95230000000000,0,Composed: Flip,1.51210000000000,0.00000000000000,0.00000000000000,0.00000000000000,-25.38140000000000,10.20300000000000,0.96440000000000
mpc-hc64.exe,69888,0x00000000078F7300,DXGI,0,512,1,18.74136910000000,0.45740000000000,27.72340000000000,0,Composed: Flip,1.48480000000000,0.00000000000000,0.00000000000000,0.00000000000000,-26.13890000000000,10.58460000000000,0.68550000000000
mpc-hc64.exe,69888,0x00000000078F7300,DXGI,0,512,1,18.76910830000000,0.16560000000000,27.73920000000000,0,Composed: Flip,1.46800000000000,0.00000000000000,0.00000000000000,0.00000000000000,-26.18570000000000,10.49370000000000,0.43210000000000
mpc-hc64.exe,69888,0x00000000078F7300,DXGI,0,512,1,18.79882550000000,0.12450000000000,29.71720000000000,0,Composed: Flip,1.16100000000000,0.00000000000000,0.00000000000000,0.00000000000000,-28.18370000000000,10.60410000000000,2.14320000000000
mpc-hc64.exe,69888,0x00000000078F7300,DXGI,0,512,1,18.82473850000000,0.31040000000000,25.91300000000000,0,Composed: Flip,1.46030000000000,0.00000000000000,0.00000000000000,0.00000000000000,-24.68420000000000,10.43790000000000,3.95970000000000
mpc-hc64.exe,69888,0x00000000078F7300,DXGI,0,512,1,18.85234070000000,0.14400000000000,27.60220000000000,0,Composed: Flip,1.52050000000000,0.00000000000000,0.00000000000000,0.00000000000000,-26.07780000000000,11.18600000000000,3.56290000000000
mpc-hc64.exe,69888,0x00000000078F7300,DXGI,0,512,1,18.88021050000000,0.12600000000000,27.86980000000000,0,Composed: Flip,1.51110000000000,0.00000000000000,0.00000000000000,0.00000000000000,-26.28500000000000,10.04940000000000,3.44980000000000
mpc-hc64.exe,69888,0x00000000078F7300,DXGI,0,512,1,18.90800610000000,0.14090000000000,27.79560000000000,0,Composed: Flip,1.51800000000000,0.00000000000000,0.00000000000000,0.00000000000000,-26.21190000000000,10.19970000000000,3.32940000000000
mpc-hc64.exe,69888,0x00000000078F7300,DXGI,0,512,1,18.93772880000000,0.14050000000000,29.72270000000000,0,Composed: Flip,1.21750000000000,0.00000000000000,0.00000000000000,0.00000000000000,-28.13680000000000,10.02340000000000,1.03550000000000
mpc-hc64.exe,69888,0x00000000078F7300,DXGI,0,512,1,18.96354310000000,0.16330000000000,25.81430000000000,0,Composed: Flip,1.51510000000000,0.00000000000000,0.00000000000000,0.00000000000000,-24.52680000000000,10.52630000000000,2.76690000000000
mpc-hc64.exe,69888,0x00000000078F7300,DXGI,0,512,1,18.99127780000000,0.14510000000000,27.73470000000000,0,Composed: Flip,1.51250000000000,0.00000000000000,0.00000000000000,0.00000000000000,-26.15080000000000,10.33150000000000,2.50420000000000
mpc-hc64.exe,69888,0x00000000078F7300,DXGI,0,512,1,19.01970910000000,0.13880000000000,28.43130000000000,0,Composed: Flip,1.54990000000000,0.00000000000000,0.00000000000000,0.00000000000000,-26.85040000000000,10.01020000000000,2.93270000000000
mpc-hc64.exe,69888,0x00000000078F7300,DXGI,0,512,1,19.04681020000000,0.12780000000000,27.10110000000000,0,Composed: Flip,1.48100000000000,0.00000000000000,0.00000000000000,0.00000000000000,-25.48460000000000,9.84680000000000,2.09340000000000
mpc-hc64.exe,69888,0x00000000078F7300,DXGI,0,512,1,19.07497660000000,0.29110000000000,28.16640000000000,0,Composed: Flip,1.46820000000000,0.00000000000000,0.00000000000000,0.00000000000000,-26.61660000000000,10.42300000000000,2.28470000000000
mpc-hc64.exe,69888,0x00000000078F7300,DXGI,0,512,1,19.10341680000000,0.20080000000000,28.44020000000000,0,Composed: Flip,1.40160000000000,0.00000000000000,0.00000000000000,0.00000000000000,-26.90440000000000,10.41310000000000,2.73680000000000
mpc-hc64.exe,69888,0x00000000078F7300,DXGI,0,512,1,19.13123460000000,0.14570000000000,27.81780000000000,0,Composed: Flip,1.58690000000000,0.00000000000000,0.00000000000000,0.00000000000000,-26.35160000000000,10.49520000000000,2.55450000000000
mpc-hc64.exe,69888,0x00000000078F7300,DXGI,0,512,1,19.15814210000000,0.15820000000000,26.90750000000000,0,Composed: Flip,1.51080000000000,0.00000000000000,0.00000000000000,0.00000000000000,-25.22250000000000,10.23790000000000,1.45050000000000
mpc-hc64.exe,69888,0x00000000078F7300,DXGI,0,512,1,19.18652810000000,0.13010000000000,28.38600000000000,0,Composed: Flip,1.12830000000000,0.00000000000000,0.00000000000000,0.00000000000000,-26.80750000000000,9.09290000000000,1.83380000000000
mpc-hc64.exe,69888,0x00000000078F7300,DXGI,0,512,0,19.18671120000000,0.08400000000000,0.18310000000000,0,Composed: Flip,1.01540000000000,10.82900000000000,1410.60660000000007,0.00000000000000,0.94520000000000,0.07020000000000,0.00000000000000
mpc-hc64.exe,69888,0x00000000078F7300,DXGI,0,512,1,19.21425710000000,0.19800000000000,27.54590000000000,0,Composed: Flip,2.10440000000000,0.00000000000000,0.00000000000000,0.00000000000000,-26.53050000000000,11.52610000000000,1.56840000000000
mpc-hc64.exe,69888,0x00000000078F7300,DXGI,0,512,0,19.21454470000000,0.18470000000000,0.28760000000000,0,Composed: Flip,1.88630000000000,10.75610000000000,27.76060000000000,0.00000000000000,1.81680000000000,0.06560000000000,0.00000000000000
mpc-hc64.exe,69888,0x00000000078F7300,DXGI,0,512,1,19.24167270000000,0.20230000000000,27.12800000000000,0,Composed: Flip,2.09990000000000,0.00000000000000,0.00000000000000,0.00000000000000,-8.77850000000000,10.69650000000000,0.99460000000000
mpc-hc64.exe,69888,0x00000000078F7300,DXGI,0,512,0,19.24195840000000,0.13380000000000,0.28570000000000,0,Composed: Flip,1.87720000000000,11.12550000000000,27.78310000000000,0.00000000000000,1.81420000000000,0.06020000000000,0.00000000000000
mpc-hc64.exe,69888,0x00000000078F7300,DXGI,0,512,1,19.27179570000000,0.15020000000000,29.83730000000000,0,Composed: Flip,1.16230000000000,0.00000000000000,0.00000000000000,0.00000000000000,-9.51710000000000,10.46680000000000,3.07830000000000
mpc-hc64.exe,69888,0x00000000078F7300,DXGI,0,512,0,19.27200480000000,0.07860000000000,0.20910000000000,0,Composed: Flip,1.02100000000000,8.88300000000000,27.80390000000000,0.00000000000000,0.95320000000000,0.06780000000000,0.00000000000000
mpc-hc64.exe,69888,0x00000000078F7300,DXGI,0,512,1,19.29991470000000,0.12380000000000,27.90990000000000,0,Composed: Flip,1.16560000000000,0.00000000000000,0.00000000000000,0.00000000000000,-26.88890000000000,11.67430000000000,3.21420000000000
mpc-hc64.exe,69888,0x00000000078F7300,DXGI,0,512,0,19.30008960000000,0.07830000000000,0.17490000000000,0,Composed: Flip,1.04730000000000,8.63700000000000,27.83880000000000,0.00000000000000,0.99070000000000,0.05660000000000,0.00000000000000
mpc-hc64.exe,69888,0x00000000078F7300,DXGI,0,512,1,19.32537250000000,0.88240000000000,25.28290000000000,0,Composed: Flip,1.96480000000000,0.00000000000000,0.00000000000000,0.00000000000000,-24.23560000000000,11.46030000000000,0.69180000000000
mpc-hc64.exe,69888,0x00000000078F7300,DXGI,0,512,0,19.32635050000000,0.16170000000000,0.97800000000000,0,Composed: Flip,1.04890000000000,10.15070000000000,27.77460000000000,0.00000000000000,0.98680000000000,0.06210000000000,0.00000000000000
mpc-hc64.exe,69888,0x00000000078F7300,DXGI,0,512,1,19.35279080000000,0.18080000000000,26.44030000000000,0,Composed: Flip,2.01540000000000,0.00000000000000,0.00000000000000,0.00000000000000,-25.39140000000000,11.46320000000000,4.01420000000000
mpc-hc64.exe,69888,0x00000000078F7300,DXGI,0,512,0,19.35303840000000,0.10730000000000,0.24760000000000,0,Composed: Flip,1.83070000000000,11.19190000000000,27.72910000000000,0.00000000000000,1.76780000000000,0.06030000000000,0.00000000000000
mpc-hc64.exe,69888,0x00000000078F7300,DXGI,0,512,1,19.38047880000000,0.13270000000000,27.44040000000000,0,Composed: Flip,1.92400000000000,0.00000000000000,0.00000000000000,0.00000000000000,-8.75320000000000,10.44290000000000,3.70350000000000
mpc-hc64.exe,69888,0x00000000078F7300,DXGI,0,512,0,19.38070350000000,0.11840000000000,0.22470000000000,0,Composed: Flip,1.76420000000000,11.30250000000000,27.77570000000000,0.00000000000000,1.69930000000000,0.06490000000000,0.00000000000000
mpc-hc64.exe,69888,0x00000000078F7300,DXGI,0,512,1,19.41080890000000,0.14560000000000,30.10540000000000,0,Composed: Flip,1.17920000000000,0.00000000000000,0.00000000000000,0.00000000000000,-28.34120000000000,10.36710000000000,2.10490000000000
mpc-hc64.exe,69888,0x00000000078F7300,DXGI,0,512,0,19.41101170000000,0.07610000000000,0.20280000000000,0,Composed: Flip,1.04350000000000,8.75310000000000,27.75880000000000,0.00000000000000,0.97640000000000,0.06710000000000,0.00000000000000
mpc-hc64.exe,69888,0x00000000078F7300,DXGI,0,512,1,19.43692890000000,0.16950000000000,25.91720000000000,0,Composed: Flip,1.89970000000000,0.00000000000000,0.00000000000000,0.00000000000000,-24.87370000000000,10.84420000000000,4.24730000000000
mpc-hc64.exe,69888,0x00000000078F7300,DXGI,0,512,0,19.43719270000000,0.10920000000000,0.26380000000000,0,Composed: Flip,1.70030000000000,10.36160000000000,27.78950000000000,0.00000000000000,1.63590000000000,0.06440000000000,0.50470000000000
mpc-hc64.exe,69888,0x00000000078F7300,DXGI,0,512,1,19.46386420000000,0.13970000000000,26.67150000000000,0,Composed: Flip,1.92350000000000,0.00000000000000,0.00000000000000,0.00000000000000,-24.97120000000000,10.56790000000000,3.17830000000000
mpc-hc64.exe,69888,0x00000000078F7300,DXGI,0,512,0,19.46406510000000,0.08360000000000,0.20090000000000,0,Composed: Flip,1.79020000000000,11.26540000000000,27.77620000000000,0.00000000000000,1.72260000000000,0.06440000000000,0.00000000000000
mpc-hc64.exe,69888,0x00000000078F7300,DXGI,0,512,1,19.49176920000000,0.16690000000000,27.70410000000000,0,Composed: Flip,1.92330000000000,0.00000000000000,0.00000000000000,0.00000000000000,-8.67000000000000,10.43130000000000,3.07070000000000
mpc-hc64.exe,69888,0x00000000078F7300,DXGI,0,512,0,19.49199520000000,0.08490000000000,0.22600000000000,0,Composed: Flip,1.76140000000000,11.15400000000000,27.81870000000000,0.00000000000000,1.69730000000000,0.06410000000000,0.00000000000000
mpc-hc64.exe,69888,0x00000000078F7300,DXGI,0,512,1,19.51969770000000,0.14790000000000,27.70250000000000,0,Composed: Flip,1.58900000000000,0.00000000000000,0.00000000000000,0.00000000000000,-25.94110000000000,10.34350000000000,2.99360000000000
mpc-hc64.exe,69888,0x00000000078F7300,DXGI,0,512,0,19.51990280000000,0.08010000000000,0.20510000000000,0,Composed: Flip,1.45130000000000,11.00640000000000,27.76000000000000,0.00000000000000,1.38390000000000,0.06740000000000,0.00000000000000
mpc-hc64.exe,69888,0x00000000078F7300,DXGI,0,512,1,19.54795970000000,0.14690000000000,28.05690000000000,0,Composed: Flip,1.12620000000000,0.00000000000000,0.00000000000000,0.00000000000000,-26.60560000000000,9.55920000000000,3.26390000000000
mpc-hc64.exe,69888,0x00000000078F7300,DXGI,0,512,0,19.54816070000000,0.10690000000000,0.20100000000000,0,Composed: Flip,0.99260000000000,10.52910000000000,27.78060000000000,0.00000000000000,0.92520000000000,0.06740000000000,0.00000000000000
mpc-hc64.exe,69888,0x00000000078F7300,DXGI,0,512,1,19.57522300000000,0.15150000000000,27.06230000000000,0,Composed: Flip,1.85890000000000,0.00000000000000,0.00000000000000,0.00000000000000,-26.06970000000000,11.09380000000000,2.52970000000000
mpc-hc64.exe,69888,0x00000000078F7300,DXGI,0,512,0,19.57543260000000,0.08210000000000,0.20960000000000,0,Composed: Flip,1.77700000000000,11.01720000000000,27.76000000000000,0.00000000000000,1.64930000000000,0.12770000000000,0.00000000000000
mpc-hc64.exe,69888,0x00000000078F7300,DXGI,0,512,1,19.60319810000000,0.18340000000000,27.76550000000000,0,Composed: Flip,1.14530000000000,0.00000000000000,0.00000000000000,0.00000000000000,-25.98850000000000,10.18440000000000,2.51190000000000
mpc-hc64.exe,69888,0x00000000078F7300,DXGI,0,512,0,19.60344940000000,0.09320000000000,0.25130000000000,0,Composed: Flip,0.95560000000000,10.76340000000000,27.76300000000000,0.00000000000000,0.89400000000000,0.06160000000000,0.00000000000000
mpc-hc64.exe,69888,0x00000000078F7300,DXGI,0,512,1,19.63135140000000,0.15860000000000,27.90200000000000,0,Composed: Flip,1.14780000000000,0.00000000000000,0.00000000000000,0.00000000000000,-26.94640000000000,10.98720000000000,2.67300000000000
mpc-hc64.exe,69888,0x00000000078F7300,DXGI,0,512,0,19.63156960000000,0.08500000000000,0.21820000000000,0,Composed: Flip,0.99330000000000,10.41830000000000,27.77510000000000,0.00000000000000,0.92960000000000,0.06370000000000,0.00000000000000
mpc-hc64.exe,69888,0x00000000078F7300,DXGI,0,512,1,19.65944390000000,0.14680000000000,27.87430000000000,0,Composed: Flip,2.13810000000000,0.00000000000000,0.00000000000000,0.00000000000000,-26.88100000000000,10.79980000000000,2.76000000000000
mpc-hc64.exe,69888,0x00000000078F7300,DXGI,0,512,0,19.65964820000000,0.08410000000000,0.20430000000000,0,Composed: Flip,2.00160000000000,10.15410000000000,27.81440000000000,0.00000000000000,1.93380000000000,0.06490000000000,0.00000000000000
mpc-hc64.exe,69888,0x00000000078F7300,DXGI,0,512,1,19.68819510000000,0.14270000000000,28.54690000000000,0,Composed: Flip,1.15620000000000,0.00000000000000,0.00000000000000,0.00000000000000,-9.42630000000000,10.40700000000000,3.50520000000000
mpc-hc64.exe,69888,0x00000000078F7300,DXGI,0,512,0,19.68839200000000,0.07920000000000,0.19690000000000,0,Composed: Flip,1.02870000000000,9.16180000000000,27.75150000000000,0.00000000000000,0.95930000000000,0.06940000000000,0.00000000000000
mpc-hc64.exe,69888,0x00000000078F7300,DXGI,0,512,1,19.71422360000000,0.14900000000000,25.83160000000000,0,Composed: Flip,1.94590000000000,0.00000000000000,0.00000000000000,0.00000000000000,-24.80290000000000,10.86460000000000,1.52910000000000
mpc-hc64.exe,69888,0x00000000078F7300,DXGI,0,512,0,19.71444170000000,0.08800000000000,0.21810000000000,0,Composed: Flip,1.80180000000000,10.88480000000000,27.77270000000000,0.00000000000000,1.72780000000000,0.07140000000000,0.00000000000000
mpc-hc64.exe,69888,0x00000000078F7300,DXGI,0,512,1,19.74165930000000,0.21670000000000,27.21760000000000,0,Composed: Flip,1.14080000000000,0.00000000000000,0.00000000000000,0.00000000000000,-8.76530000000000,9.66250000000000,0.97550000000000
mpc-hc64.exe,69888,0x00000000078F7300,DXGI,0,512,0,19.74194320000000,0.11830000000000,0.28390000000000,0,Composed: Flip,0.92070000000000,11.15880000000000,27.77550000000000,0.00000000000000,0.85690000000000,0.06380000000000,0.00000000000000
mpc-hc64.exe,69888,0x00000000078F7300,DXGI,0,512,1,19.76931890000000,0.61220000000000,27.37570000000000,0,Composed: Flip,1.36790000000000,0.00000000000000,0.00000000000000,0.00000000000000,-26.45500000000000,10.34010000000000,0.57550000000000
mpc-hc64.exe,69888,0x00000000078F7300,DXGI,0,512,0,19.77003270000000,0.13230000000000,0.71380000000000,0,Composed: Flip,0.71430000000000,10.85110000000000,27.78180000000000,0.00000000000000,0.65410000000000,0.06020000000000,0.00000000000000
mpc-hc64.exe,69888,0x00000000078F7300,DXGI,0,512,1,19.79745140000000,0.43400000000000,27.41870000000000,0,Composed: Flip,1.41480000000000,0.00000000000000,0.00000000000000,0.00000000000000,-26.70440000000000,10.95640000000000,0.76780000000000
mpc-hc64.exe,69888,0x00000000078F7300,DXGI,0,512,0,19.79797350000000,0.13260000000000,0.52210000000000,0,Composed: Flip,0.95960000000000,10.72630000000000,27.81600000000000,0.00000000000000,0.89270000000000,0.06690000000000,0.00000000000000
mpc-hc64.exe,69888,0x00000000078F7300,DXGI,0,512,1,19.82462790000000,0.16420000000000,26.65440000000000,0,Composed: Flip,1.41070000000000,0.00000000000000,0.00000000000000,0.00000000000000,-25.69480000000000,10.34860000000000,3.88320000000000
mpc-hc64.exe,69888,0x00000000078F7300,DXGI,0,512,0,19.82484810000000,0.08080000000000,0.22020000000000,0,Composed: Flip,1.25580000000000,11.65420000000000,27.80250000000000,0.00000000000000,1.19050000000000,0.06530000000000,0.00000000000000
mpc-hc64.exe,69888,0x00000000078F7300,DXGI,0,512,1,19.85265080000000,0.17110000000000,27.80270000000000,0,Composed: Flip,1.43460000000000,0.00000000000000,0.00000000000000,0.00000000000000,-26.54690000000000,10.28380000000000,3.87710000000000
mpc-hc64.exe,69888,0x00000000078F7300,DXGI,0,512,0,19.85289920000000,0.12070000000000,0.24840000000000,0,Composed: Flip,1.25400000000000,11.31940000000000,27.71630000000000,0.00000000000000,1.18620000000000,0.06780000000000,0.00000000000000
mpc-hc64.exe,69888,0x00000000078F7300,DXGI,0,512,1,19.88024750000000,0.12580000000000,27.34830000000000,0,Composed: Flip,1.41740000000000,0.00000000000000,0.00000000000000,0.00000000000000,-26.09430000000000,10.17610000000000,3.49470000000000
mpc-hc64.exe,69888,0x00000000078F7300,DXGI,0,512,0,19.88043070000000,0.08190000000000,0.18320000000000,0,Composed: Flip,1.29940000000000,11.59400000000000,27.80610000000000,0.00000000000000,1.23420000000000,0.06520000000000,0.00000000000000
mpc-hc64.exe,69888,0x00000000078F7300,DXGI,0,512,1,19.91069420000000,0.14760000000000,30.26350000000000,0,Composed: Flip,0.82940000000000,0.00000000000000,0.00000000000000,0.00000000000000,-28.96410000000000,9.60940000000000,2.01530000000000
mpc-hc64.exe,69888,0x00000000078F7300,DXGI,0,512,0,19.91089710000000,0.08150000000000,0.20290000000000,0,Composed: Flip,0.68210000000000,8.95440000000000,27.82680000000000,0.00000000000000,0.62650000000000,0.05180000000000,0.00000000000000
mpc-hc64.exe,69888,0x00000000078F7300,DXGI,0,512,1,19.93847340000000,0.12620000000000,27.57630000000000,0,Composed: Flip,1.16300000000000,0.00000000000000,0.00000000000000,0.00000000000000,-26.67960000000000,11.66430000000000,1.78520000000000
mpc-hc64.exe,69888,0x00000000078F7300,DXGI,0,512,0,19.93865120000000,0.07970000000000,0.17780000000000,0,Composed: Flip,1.05280000000000,8.93620000000000,27.73590000000000,0.00000000000000,0.98520000000000,0.06760000000000,0.00000000000000
mpc-hc64.exe,69888,0x00000000078F7300,DXGI,0,512,1,19.96386420000000,0.13070000000000,25.21300000000000,0,Composed: Flip,1.75780000000000,0.00000000000000,0.00000000000000,0.00000000000000,-24.16020000000000,11.12540000000000,3.18780000000000
mpc-hc64.exe,69888,0x00000000078F7300,DXGI,0,512,0,19.96405120000000,0.08030000000000,0.18700000000000,0,Composed: Flip,1.63930000000000,11.31370000000000,27.77750000000000,0.00000000000000,1.57080000000000,0.06850000000000,0.00000000000000
mpc-hc64.exe,69888,0x00000000078F7300,DXGI,0,512,1,19.99171770000000,0.15830000000000,27.66650000000000,0,Composed: Flip,1.82010000000000,0.00000000000000,0.00000000000000,0.00000000000000,-26.02720000000000,10.66040000000000,3.00700000000000
mpc-hc64.exe,69888,0x00000000078F7300,DXGI,0,512,0,19.99195260000000,0.08530000000000,0.23490000000000,0,Composed: Flip,1.64610000000000,11.16480000000000,27.75250000000000,0.00000000000000,1.58520000000000,0.06090000000000,0.00000000000000
