Application,ProcessID,SwapChainAddress,Runtime,SyncInterval,PresentFlags,Dropped,TimeInSeconds,msInPresentAPI,msBetweenPresents,AllowsTearing,PresentMode,msUntilRenderComplete,msUntilDisplayed,msBetweenDisplayChange,msFlipDelay,msUntilRenderStart,msGPUActive,msSinceInput
mpc-hc64.exe,72700,0x0000000003C79400,DXGI,0,512,1,4.88712820000000,0.53350000000000,195.25280000000001,0,Composed: Flip,0.53650000000000,0.00000000000000,0.00000000000000,0.00000000000000,-0.36400000000000,0.11240000000000,0.00000000000000
mpc-hc64.exe,72700,0x0000000003C79400,DXGI,0,512,1,4.69059200000000,1.16720000000000,0.00000000000000,0,Composed: Flip,1.16760000000000,0.00000000000000,0.00000000000000,0.00000000000000,-1348.95759999999996,54.47500000000000,0.00000000000000
mpc-hc64.exe,72700,0x0000000003C79400,DXGI,0,512,1,4.88571540000000,0.18590000000000,195.12340000000000,0,Composed: Flip,1.04880000000000,0.00000000000000,0.00000000000000,0.00000000000000,-186.40350000000001,25.27680000000000,0.00000000000000
mpc-hc64.exe,72700,0x0000000003C79400,DXGI,0,512,1,4.90275180000000,0.18850000000000,17.03640000000000,0,Composed: Flip,0.85080000000000,0.00000000000000,0.00000000000000,0.00000000000000,-11.25840000000000,10.92300000000000,0.00000000000000
mpc-hc64.exe,72700,0x0000000003C79400,DXGI,0,512,0,4.90304740000000,0.85720000000000,0.29560000000000,1,Hardware: Independent Flip,0.86030000000000,14.88740000000000,0.00000000000000,0.00000000000000,0.55520000000000,0.08460000000000,0.00000000000000
mpc-hc64.exe,72700,0x0000000003C79400,DXGI,0,512,0,4.92228620000000,0.19380000000000,19.23880000000000,1,Hardware: Independent Flip,0.96340000000000,0.96340000000000,5.31480000000000,0.00000000000000,-16.97010000000000,12.54120000000000,0.00000000000000
mpc-hc64.exe,72700,0x0000000003C79400,DXGI,0,512,0,4.92254660000000,0.10720000000000,0.26040000000000,1,Hardware: Independent Flip,0.76670000000000,6.80850000000000,6.10550000000000,6.04180000000000,0.70300000000000,0.06060000000000,0.00000000000000
mpc-hc64.exe,72700,0x0000000003C79400,DXGI,0,512,0,4.93555430000000,0.15720000000000,13.00770000000000,1,Hardware: Independent Flip,0.98170000000000,0.98170000000000,7.18090000000000,0.00000000000000,-12.24100000000000,11.85800000000000,0.00000000000000
mpc-hc64.exe,72700,0x0000000003C79400,DXGI,0,512,0,4.93577920000000,0.09520000000000,0.22490000000000,1,Hardware: Independent Flip,0.82710000000000,7.38530000000000,6.62850000000000,6.55820000000000,0.75680000000000,0.06670000000000,0.00000000000000
mpc-hc64.exe,72700,0x0000000003C79400,DXGI,0,512,0,4.94938810000000,0.18140000000000,13.60890000000000,1,Hardware: Independent Flip,0.91750000000000,2.92440000000000,9.14800000000000,2.00690000000000,-12.78180000000000,11.84610000000000,0.00000000000000
mpc-hc64.exe,72700,0x0000000003C79400,DXGI,0,512,0,4.94963450000000,0.10520000000000,0.24640000000000,1,Hardware: Independent Flip,0.73150000000000,7.53210000000000,4.85410000000000,6.80060000000000,0.67110000000000,0.05740000000000,0.00000000000000
mpc-hc64.exe,72700,0x0000000003C79400,DXGI,0,512,0,4.96317970000000,0.23990000000000,13.54520000000000,1,Hardware: Independent Flip,0.94900000000000,0.94900000000000,6.96210000000000,0.00000000000000,-12.81370000000000,11.82960000000000,0.00000000000000
mpc-hc64.exe,72700,0x0000000003C79400,DXGI,0,512,0,4.96349410000000,0.09710000000000,0.31440000000000,1,Hardware: Independent Flip,0.69750000000000,7.52710000000000,6.89250000000000,6.82960000000000,0.63460000000000,0.06000000000000,0.00000000000000
mpc-hc64.exe,72700,0x0000000003C79400,DXGI,0,512,0,4.98399530000000,0.16370000000000,20.50120000000000,1,Hardware: Independent Flip,0.92820000000000,3.69860000000000,16.67270000000000,2.77040000000000,-19.80370000000000,11.75060000000000,0.00000000000000
mpc-hc64.exe,72700,0x0000000003C79400,DXGI,0,512,0,4.98422310000000,0.08870000000000,0.22780000000000,1,Hardware: Independent Flip,0.76860000000000,11.07900000000000,7.60820000000000,10.31040000000000,0.70040000000000,0.06480000000000,0.00000000000000
mpc-hc64.exe,72700,0x0000000003C79400,DXGI,0,512,0,5.02711360000000,0.17320000000000,42.89050000000000,1,Hardware: Independent Flip,0.95450000000000,0.95450000000000,32.76600000000000,0.00000000000000,-42.12190000000000,11.25480000000000,0.00000000000000
mpc-hc64.exe,72700,0x0000000003C79400,DXGI,0,512,0,5.02735330000000,0.09420000000000,0.23970000000000,1,Hardware: Independent Flip,0.77520000000000,22.26270000000000,21.54790000000000,21.48750000000000,0.71480000000000,0.05730000000000,0.00000000000000
mpc-hc64.exe,72700,0x0000000003C79400,DXGI,0,512,0,5.06793390000000,0.21080000000000,40.58060000000000,1,Hardware: Independent Flip,0.93110000000000,19.69310000000000,38.01100000000000,18.76200000000000,-39.80540000000000,11.67180000000000,0.00000000000000
mpc-hc64.exe,72700,0x0000000003C79400,DXGI,0,512,0,5.06821840000000,0.15970000000000,0.28450000000000,1,Hardware: Independent Flip,0.71000000000000,21.02570000000000,1.61710000000000,20.31570000000000,0.64660000000000,0.06050000000000,0.00000000000000
mpc-hc64.exe,72700,0x0000000003C79400,DXGI,0,512,0,5.10794950000000,0.16960000000000,39.73110000000000,1,Hardware: Independent Flip,1.15550000000000,17.72130000000000,36.42670000000000,16.56580000000000,-39.02110000000000,10.95270000000000,0.00000000000000
mpc-hc64.exe,72700,0x0000000003C79400,DXGI,0,512,0,5.10818910000000,0.09290000000000,0.23960000000000,1,Hardware: Independent Flip,0.97630000000000,21.01660000000000,3.53490000000000,20.04030000000000,0.91590000000000,0.06040000000000,0.00000000000000
mpc-hc64.exe,72700,0x0000000003C79400,DXGI,0,512,0,5.15034750000000,0.19290000000000,42.15840000000000,1,Hardware: Independent Flip,1.17930000000000,9.12520000000000,30.26700000000000,7.94590000000000,-41.18210000000001,10.31190000000000,0.00000000000000
mpc-hc64.exe,72700,0x0000000003C79400,DXGI,0,512,0,5.15060440000000,0.09340000000000,0.25690000000000,1,Hardware: Independent Flip,0.98370000000000,22.11340000000000,13.24510000000000,21.12970000000000,0.92240000000000,0.06130000000000,0.00000000000000
mpc-hc64.exe,72700,0x0000000003C79400,DXGI,0,512,0,5.19129610000000,0.24090000000000,40.69170000000000,1,Hardware: Independent Flip,1.20820000000000,18.15270000000000,36.73100000000000,16.94450000000000,-39.70800000000000,10.76350000000000,0.00000000000000
mpc-hc64.exe,72700,0x0000000003C79400,DXGI,0,512,0,5.19162340000000,0.10930000000000,0.32730000000000,1,Hardware: Independent Flip,0.93760000000000,21.35040000000000,3.52500000000000,20.41280000000000,0.88090000000000,0.05670000000000,0.00000000000000
mpc-hc64.exe,72700,0x0000000003C79400,DXGI,0,512,0,5.23285830000000,0.16660000000000,41.23490000000000,1,Hardware: Independent Flip,1.18030000000000,9.75740000000000,29.64190000000000,8.57710000000000,-40.29730000000000,10.56490000000000,0.00000000000000
mpc-hc64.exe,72700,0x0000000003C79400,DXGI,0,512,0,5.23309550000000,0.09750000000000,0.23720000000000,1,Hardware: Independent Flip,1.00580000000000,21.69540000000000,12.17520000000000,20.68960000000000,0.94310000000000,0.06270000000000,0.00000000000000
mpc-hc64.exe,72700,0x0000000003C79400,DXGI,0,512,0,5.27435960000000,0.16260000000000,41.26410000000000,1,Hardware: Independent Flip,1.18320000000000,8.96230000000000,28.53100000000000,7.77910000000000,-40.25830000000000,10.54680000000000,0.00000000000000
mpc-hc64.exe,72700,0x0000000003C79400,DXGI,0,512,0,5.27458300000000,0.09340000000000,0.22340000000000,1,Hardware: Independent Flip,1.02600000000000,21.69680000000000,12.95790000000000,20.67080000000000,0.95980000000000,0.06620000000000,0.00000000000000
mpc-hc64.exe,72700,0x0000000003C79400,DXGI,0,512,0,5.31599990000000,0.14070000000000,41.41690000000001,1,Hardware: Independent Flip,1.20550000000000,2.97220000000000,22.69230000000000,1.76670000000000,-40.39090000000000,10.36680000000000,0.00000000000000
mpc-hc64.exe,72700,0x0000000003C79400,DXGI,0,512,0,5.31621800000000,0.09500000000000,0.21810000000000,1,Hardware: Independent Flip,1.05430000000000,21.79670000000000,19.04260000000000,20.74240000000000,0.98740000000000,0.06690000000000,0.00000000000000
mpc-hc64.exe,72700,0x0000000003C79400,DXGI,0,512,0,5.35878000000000,0.15780000000000,42.56200000000000,1,Hardware: Independent Flip,1.16360000000000,2.79990000000000,23.56520000000000,1.63630000000000,-41.50770000000000,10.29920000000000,0.00000000000000
mpc-hc64.exe,72700,0x0000000003C79400,DXGI,0,512,0,5.35899720000000,0.08860000000000,0.21720000000000,1,Hardware: Independent Flip,1.02230000000000,22.31780000000000,19.73510000000000,21.29550000000000,0.94640000000000,0.07590000000000,0.00000000000000
mpc-hc64.exe,72700,0x0000000003C79400,DXGI,0,512,0,5.40007550000000,0.13340000000000,41.07830000000000,1,Hardware: Independent Flip,1.19130000000000,17.39880000000000,36.15930000000000,16.20750000000000,-40.05600000000000,10.19450000000000,0.00000000000000
mpc-hc64.exe,72700,0x0000000003C79400,DXGI,0,512,0,5.40027470000000,0.08760000000000,0.19920000000000,1,Hardware: Independent Flip,1.05400000000000,21.62930000000000,4.42970000000000,20.57530000000000,0.99210000000000,0.06190000000000,0.00000000000000
mpc-hc64.exe,72700,0x0000000003C79400,DXGI,0,512,0,5.44097770000000,0.15580000000000,40.70300000000000,1,Hardware: Independent Flip,1.18440000000000,17.53330000000000,36.60700000000000,16.34890000000000,-39.64900000000000,10.33130000000000,0.00000000000000
mpc-hc64.exe,72700,0x0000000003C79400,DXGI,0,512,0,5.44119320000000,0.08960000000000,0.21550000000000,1,Hardware: Independent Flip,1.02420000000000,21.39420000000000,4.07640000000000,20.37000000000000,0.96890000000000,0.05530000000000,0.00000000000000
mpc-hc64.exe,72700,0x0000000003C79400,DXGI,0,512,0,5.48257780000000,0.13150000000000,41.38460000000000,1,Hardware: Independent Flip,1.18360000000000,16.39580000000000,36.38620000000000,15.21220000000000,-40.36040000000000,10.32240000000000,0.00000000000000
mpc-hc64.exe,72700,0x0000000003C79400,DXGI,0,512,0,5.48276950000000,0.08480000000000,0.19170000000000,1,Hardware: Independent Flip,1.04680000000000,21.76480000000000,5.56070000000000,20.71800000000000,0.99190000000000,0.05490000000000,0.00000000000000
mpc-hc64.exe,72700,0x0000000003C79400,DXGI,0,512,0,5.52532990000000,0.15200000000000,42.56040000000000,1,Hardware: Independent Flip,1.21230000000000,16.76320000000000,37.55880000000001,15.55090000000000,-41.51360000000000,9.71800000000000,0.00000000000000
mpc-hc64.exe,72700,0x0000000003C79400,DXGI,0,512,0,5.52554060000000,0.08730000000000,0.21070000000000,1,Hardware: Independent Flip,1.05810000000000,22.37460000000000,5.82210000000000,21.31650000000000,1.00160000000000,0.05650000000000,0.00000000000000
mpc-hc64.exe,72700,0x0000000003C79400,DXGI,0,512,0,5.56664040000000,0.16740000000000,41.09980000000000,1,Hardware: Independent Flip,1.45160000000000,18.83940000000000,37.56460000000000,17.38780000000000,-40.04170000000000,10.13180000000000,0.00000000000000
mpc-hc64.exe,72700,0x0000000003C79400,DXGI,0,512,0,5.56687220000000,0.09330000000000,0.23180000000000,1,Hardware: Independent Flip,1.27610000000000,21.97160000000000,3.36400000000000,20.69550000000000,1.21980000000000,0.05630000000000,0.00000000000000
mpc-hc64.exe,72700,0x0000000003C79400,DXGI,0,512,0,5.60756470000000,0.16440000000000,40.69250000000000,1,Hardware: Independent Flip,1.18790000000000,16.49860000000000,35.21950000000000,15.31070000000000,-39.41640000000000,10.20070000000000,0.00000000000000
mpc-hc64.exe,72700,0x0000000003C79400,DXGI,0,512,0,5.60779090000000,0.08830000000000,0.22620000000000,1,Hardware: Independent Flip,1.01670000000000,21.27340000000000,5.00100000000000,20.25670000000000,0.96170000000000,0.05500000000000,0.00000000000000
mpc-hc64.exe,72700,0x0000000003C79400,DXGI,0,512,0,5.65067970000000,0.13310000000000,42.88880000000000,1,Hardware: Independent Flip,1.23870000000000,9.51820000000000,31.13360000000000,8.27950000000000,-41.87210000000000,10.09860000000000,0.00000000000000
mpc-hc64.exe,72700,0x0000000003C79400,DXGI,0,512,0,5.65087220000000,0.08440000000000,0.19250000000000,1,Hardware: Independent Flip,1.10030000000000,22.60300000000000,13.27730000000000,21.50270000000000,1.04620000000000,0.05410000000000,0.00000000000000
mpc-hc64.exe,72700,0x0000000003C79400,DXGI,0,512,0,5.69104740000000,0.22980000000000,40.17520000000000,1,Hardware: Independent Flip,1.30640000000000,19.22670000000000,36.79890000000000,17.92030000000000,-39.07490000000000,10.23780000000000,0.00000000000000
mpc-hc64.exe,72700,0x0000000003C79400,DXGI,0,512,0,5.69135550000000,0.12660000000000,0.30810000000000,1,Hardware: Independent Flip,1.05470000000000,21.19500000000000,2.27640000000000,20.14030000000000,0.99830000000000,0.05640000000000,0.00000000000000
mpc-hc64.exe,72700,0x0000000003C79400,DXGI,0,512,0,5.73247850000000,0.13130000000000,41.12300000000000,1,Hardware: Independent Flip,1.15820000000000,16.10480000000000,36.03280000000000,14.94660000000000,-40.06830000000000,10.33540000000000,0.00000000000000
mpc-hc64.exe,72700,0x0000000003C79400,DXGI,0,512,0,5.73267440000000,0.08790000000000,0.19590000000000,1,Hardware: Independent Flip,1.03680000000000,21.60870000000000,5.69980000000000,20.57190000000000,0.96230000000000,0.07450000000000,0.00000000000000
mpc-hc64.exe,72700,0x0000000003C79400,DXGI,0,512,0,5.77429340000000,0.15210000000000,41.61900000000000,1,Hardware: Independent Flip,1.18180000000000,1.18180000000000,21.19210000000000,0.00000000000000,-40.58220000000000,10.26840000000000,0.00000000000000
mpc-hc64.exe,72700,0x0000000003C79400,DXGI,0,512,0,5.77450410000000,0.08350000000000,0.21070000000000,1,Hardware: Independent Flip,1.02570000000000,21.85630000000000,20.88520000000000,20.83060000000000,0.97110000000000,0.05460000000000,0.00000000000000
mpc-hc64.exe,72700,0x0000000003C79400,DXGI,0,512,0,5.81596900000000,0.12640000000000,41.46490000000000,1,Hardware: Independent Flip,1.18170000000000,1.18170000000000,20.79030000000000,0.00000000000000,-40.43920000000000,10.28560000000000,0.00000000000000
mpc-hc64.exe,72700,0x0000000003C79400,DXGI,0,512,0,5.81615380000000,0.08410000000000,0.18480000000000,1,Hardware: Independent Flip,1.05860000000000,21.81230000000000,20.81540000000000,20.75370000000000,0.99690000000000,0.06170000000000,0.00000000000000
mpc-hc64.exe,72700,0x0000000003C79400,DXGI,0,512,0,5.85794090000000,0.15170000000000,41.78710000000000,1,Hardware: Independent Flip,1.21550000000000,16.93890000000000,36.91370000000000,15.72340000000000,-40.72850000000000,9.76390000000000,0.00000000000000
mpc-hc64.exe,72700,0x0000000003C79400,DXGI,0,512,0,5.85815240000000,0.27930000000000,0.21150000000000,1,Hardware: Independent Flip,1.06090000000000,21.98570000000000,5.25830000000000,20.92480000000000,1.00400000000000,0.05690000000000,0.00000000000000
mpc-hc64.exe,72700,0x0000000003C79400,DXGI,0,512,0,5.89931020000000,0.16230000000000,41.15780000000000,1,Hardware: Independent Flip,1.49660000000000,10.66420000000000,29.83630000000000,9.16760000000000,-40.09690000000001,10.74580000000000,0.00000000000000
mpc-hc64.exe,72700,0x0000000003C79400,DXGI,0,512,0,5.89965450000000,0.16320000000000,0.34430000000000,1,Hardware: Independent Flip,1.20790000000000,21.95880000000000,11.63890000000000,20.75090000000000,1.15230000000000,0.05560000000000,0.00000000000000
mpc-hc64.exe,72700,0x0000000003C79400,DXGI,0,512,0,5.94088780000000,0.15940000000000,41.23330000000000,1,Hardware: Independent Flip,1.23370000000000,10.04490000000000,29.31940000000000,8.81120000000000,-40.02540000000000,10.07650000000000,0.00000000000000
mpc-hc64.exe,72700,0x0000000003C79400,DXGI,0,512,0,5.94111020000000,0.08860000000000,0.22240000000000,1,Hardware: Independent Flip,1.06670000000000,21.64270000000000,11.82020000000000,20.57600000000000,1.01130000000000,0.05540000000000,0.00000000000000
mpc-hc64.exe,72700,0x0000000003C79400,DXGI,0,512,0,5.98283760000000,0.16050000000000,41.72740000000000,1,Hardware: Independent Flip,0.96320000000000,16.55740000000000,36.64210000000000,15.59420000000000,-40.66070000000000,10.32220000000000,0.00000000000000
mpc-hc64.exe,72700,0x0000000003C79400,DXGI,0,512,0,5.98308780000000,0.11050000000000,0.25020000000000,1,Hardware: Independent Flip,0.76950000000000,21.53340000000000,5.22620000000000,20.76390000000000,0.71300000000000,0.05650000000000,0.00000000000000
mpc-hc64.exe,72700,0x0000000003C79400,DXGI,0,512,0,6.02429600000000,0.15050000000000,41.20820000000001,1,Hardware: Independent Flip,1.17680000000000,10.03500000000000,29.70980000000000,8.85820000000000,-40.43870000000000,10.50330000000000,0.00000000000000
mpc-hc64.exe,72700,0x0000000003C79400,DXGI,0,512,0,6.02451100000000,0.08610000000000,0.21500000000000,1,Hardware: Independent Flip,1.02310000000000,21.78350000000000,11.96350000000000,20.76040000000000,0.96180000000000,0.06130000000000,0.00000000000000
mpc-hc64.exe,72700,0x0000000003C79400,DXGI,0,512,0,6.06605780000000,0.13350000000000,41.54680000000000,1,Hardware: Independent Flip,1.19920000000000,1.19920000000000,20.96250000000000,0.00000000000000,-40.52370000000001,10.32870000000000,0.00000000000000
mpc-hc64.exe,72700,0x0000000003C79400,DXGI,0,512,0,6.06625130000000,0.08680000000000,0.19350000000000,1,Hardware: Independent Flip,1.08060000000000,21.90030000000000,20.89460000000000,20.81970000000000,1.00570000000000,0.07490000000000,0.00000000000000
mpc-hc64.exe,72700,0x0000000003C79400,DXGI,0,512,0,6.10831160000000,0.17580000000000,42.06030000000001,1,Hardware: Independent Flip,1.26710000000000,3.32980000000000,23.48980000000000,2.06270000000000,-40.97970000000000,9.78220000000000,0.00000000000000
mpc-hc64.exe,72700,0x0000000003C79400,DXGI,0,512,0,6.10855610000000,0.09250000000000,0.24450000000000,1,Hardware: Independent Flip,1.08940000000000,22.15800000000000,19.07270000000000,21.06860000000000,1.02260000000000,0.06680000000000,0.00000000000000
mpc-hc64.exe,72700,0x0000000003C79400,DXGI,0,512,0,6.14936630000000,0.17970000000000,40.81020000000000,1,Hardware: Independent Flip,1.18720000000000,3.88460000000000,22.53680000000000,2.69740000000000,-39.72080000000000,10.16300000000000,0.00000000000000
mpc-hc64.exe,72700,0x0000000003C79400,DXGI,0,512,0,6.14962480000000,0.10940000000000,0.25850000000000,1,Hardware: Independent Flip,0.98490000000000,21.38550000000000,17.75940000000000,20.40060000000000,0.92870000000000,0.05620000000000,0.00000000000000
mpc-hc64.exe,72700,0x0000000003C79400,DXGI,0,512,0,6.19096840000000,0.15000000000000,41.34360000000000,1,Hardware: Independent Flip,1.17310000000000,16.11100000000000,36.06910000000000,14.93790000000000,-40.35870000000000,10.17140000000000,0.00000000000000
mpc-hc64.exe,72700,0x0000000003C79400,DXGI,0,512,0,6.19119150000000,0.08980000000000,0.22310000000000,1,Hardware: Independent Flip,1.01770000000000,21.74650000000000,5.85860000000000,20.72880000000000,0.95000000000000,0.06770000000000,0.00000000000000
mpc-hc64.exe,72700,0x0000000003C79400,DXGI,0,512,0,6.23288100000000,0.13390000000000,41.68950000000000,1,Hardware: Independent Flip,1.21950000000000,16.97390000000000,36.91690000000000,15.75440000000000,-40.67180000000000,10.64940000000000,0.00000000000000
mpc-hc64.exe,72700,0x0000000003C79400,DXGI,0,512,0,6.23307120000000,0.08070000000000,0.19020000000000,1,Hardware: Independent Flip,1.08480000000000,21.98410000000000,5.20040000000000,20.89930000000000,1.02930000000000,0.05550000000000,0.00000000000000
mpc-hc64.exe,72700,0x0000000003C79400,DXGI,0,512,0,6.27415730000000,0.16270000000000,41.08610000000000,1,Hardware: Independent Flip,1.20440000000000,1.20440000000000,20.30640000000000,0.00000000000000,-40.00130000000000,10.16860000000000,0.00000000000000
mpc-hc64.exe,72700,0x0000000003C79400,DXGI,0,512,0,6.27437570000000,0.08310000000000,0.21840000000000,1,Hardware: Independent Flip,1.04330000000000,21.59870000000000,20.61270000000000,20.55540000000000,0.98600000000000,0.05730000000000,0.00000000000000
mpc-hc64.exe,72700,0x0000000003C79400,DXGI,0,512,0,6.31588970000000,0.12720000000000,41.51400000000000,1,Hardware: Independent Flip,1.20570000000000,16.46010000000000,36.37540000000000,15.25440000000000,-40.47070000000000,10.06140000000000,0.00000000000000
mpc-hc64.exe,72700,0x0000000003C79400,DXGI,0,512,0,6.31607030000000,0.08220000000000,0.18060000000000,1,Hardware: Independent Flip,1.08190000000000,21.87400000000000,5.59450000000000,20.79210000000000,1.02510000000000,0.05680000000000,0.00000000000000
mpc-hc64.exe,72700,0x0000000003C79400,DXGI,0,512,0,6.35767800000000,0.14910000000000,41.60770000000000,1,Hardware: Independent Flip,1.19050000000000,16.81300000000000,36.54670000000000,15.62250000000000,-40.52580000000000,10.09460000000000,0.00000000000000
mpc-hc64.exe,72700,0x0000000003C79400,DXGI,0,512,0,6.35788480000000,0.08250000000000,0.20680000000000,1,Hardware: Independent Flip,1.03940000000000,21.85100000000000,5.24480000000000,20.81160000000000,0.98370000000000,0.05570000000000,0.00000000000000
mpc-hc64.exe,72700,0x0000000003C79400,DXGI,0,512,0,6.39925940000000,0.12890000000000,41.37460000000000,1,Hardware: Independent Flip,1.19300000000000,1.19300000000000,20.71660000000000,0.00000000000000,-40.33520000000000,10.19650000000000,0.00000000000000
mpc-hc64.exe,72700,0x0000000003C79400,DXGI,0,512,0,6.39944240000000,0.08120000000000,0.18300000000000,1,Hardware: Independent Flip,1.06970000000000,21.78170000000000,20.77170000000000,20.71200000000000,1.01000000000000,0.05970000000000,0.00000000000000
mpc-hc64.exe,72700,0x0000000003C79400,DXGI,0,512,0,6.44107620000000,0.17590000000000,41.63380000000000,1,Hardware: Independent Flip,1.21450000000000,16.66690000000000,36.51900000000000,15.45240000000000,-40.56410000000000,10.26570000000000,0.00000000000000
mpc-hc64.exe,72700,0x0000000003C79400,DXGI,0,512,0,6.44130930000000,0.08380000000000,0.23310000000000,1,Hardware: Independent Flip,1.03640000000000,21.87150000000000,5.43770000000000,20.83510000000000,0.98140000000000,0.05500000000000,0.00000000000000
mpc-hc64.exe,72700,0x0000000003C79400,DXGI,0,512,0,6.48267740000000,0.13160000000000,41.36810000000001,1,Hardware: Independent Flip,1.19070000000000,1.19070000000000,20.68730000000000,0.00000000000000,-40.33170000000000,10.20560000000000,0.00000000000000
mpc-hc64.exe,72700,0x0000000003C79400,DXGI,0,512,0,6.48286410000000,0.08520000000000,0.18670000000000,1,Hardware: Independent Flip,1.05980000000000,21.77350000000000,20.76950000000000,20.71370000000000,1.00400000000000,0.05580000000000,0.00000000000000
mpc-hc64.exe,72700,0x0000000003C79400,DXGI,0,512,0,6.52427580000000,0.15100000000000,41.41170000000000,1,Hardware: Independent Flip,1.18230000000000,16.91840000000000,36.55660000000000,15.73610000000000,-40.35190000000000,10.16470000000000,0.00000000000000
mpc-hc64.exe,72700,0x0000000003C79400,DXGI,0,512,0,6.52448420000000,0.08490000000000,0.20840000000000,1,Hardware: Independent Flip,1.02930000000000,21.74950000000000,5.03950000000000,20.72020000000000,0.97390000000000,0.05540000000000,0.00000000000000
mpc-hc64.exe,72700,0x0000000003C79400,DXGI,0,512,0,6.56595090000000,0.13470000000000,41.46670000000000,1,Hardware: Independent Flip,1.19230000000000,16.73060000000000,36.44780000000000,15.53830000000000,-40.43740000000000,10.22330000000000,0.00000000000000
mpc-hc64.exe,72700,0x0000000003C79400,DXGI,0,512,0,6.56614190000000,0.08280000000000,0.19100000000000,1,Hardware: Independent Flip,1.05830000000000,21.82510000000000,5.28550000000000,20.76680000000000,1.00130000000000,0.05700000000000,0.00000000000000
mpc-hc64.exe,72700,0x0000000003C79400,DXGI,0,512,0,6.60752080000000,0.16590000000000,41.37890000000000,1,Hardware: Independent Flip,1.18490000000000,16.47020000000000,36.02400000000000,15.28530000000000,-40.32060000000000,10.08320000000000,0.00000000000000
mpc-hc64.exe,72700,0x0000000003C79400,DXGI,0,512,0,6.60774330000000,0.08350000000000,0.22250000000000,1,Hardware: Independent Flip,1.02430000000000,21.72720000000000,5.47950000000000,20.70290000000000,0.96240000000000,0.06190000000000,0.00000000000000
mpc-hc64.exe,72700,0x0000000003C79400,DXGI,0,512,0,6.65067660000000,0.13780000000000,42.93330000000000,1,Hardware: Independent Flip,1.24230000000000,16.84630000000000,38.05240000000000,15.60400000000000,-41.90900000000000,9.86550000000000,0.00000000000000
mpc-hc64.exe,72700,0x0000000003C79400,DXGI,0,512,0,6.65086810000000,0.08160000000000,0.19150000000000,1,Hardware: Independent Flip,1.10520000000000,22.62770000000000,5.97290000000000,21.52250000000000,1.05080000000000,0.05440000000000,0.00000000000000
mpc-hc64.exe,72700,0x0000000003C79400,DXGI,0,512,0,6.69098290000000,0.17350000000000,40.11480000000000,1,Hardware: Independent Flip,1.25480000000000,5.06110000000000,22.54820000000000,3.80630000000000,-39.00960000000000,10.14830000000000,0.00000000000000
mpc-hc64.exe,72700,0x0000000003C79400,DXGI,0,512,0,6.69121450000000,0.08510000000000,0.23160000000000,1,Hardware: Independent Flip,1.08050000000000,21.16710000000000,16.33760000000000,20.08660000000000,1.02320000000000,0.05730000000000,0.00000000000000
mpc-hc64.exe,72700,0x0000000003C79400,DXGI,0,512,0,6.73268760000000,0.13330000000000,41.47310000000000,1,Hardware: Independent Flip,1.18220000000000,16.34680000000000,36.65280000000000,15.16460000000000,-40.39260000000000,10.18160000000000,0.00000000000000
mpc-hc64.exe,72700,0x0000000003C79400,DXGI,0,512,0,6.73288170000000,0.09120000000000,0.19410000000000,1,Hardware: Independent Flip,1.04890000000000,21.78840000000000,5.63570000000000,20.73950000000000,0.98810000000000,0.06080000000000,0.00000000000000
mpc-hc64.exe,72700,0x0000000003C79400,DXGI,0,512,0,6.77427660000000,0.16960000000000,41.39490000000000,1,Hardware: Independent Flip,1.17010000000000,9.97010000000000,29.57660000000000,8.80000000000000,-40.34600000000000,10.12520000000000,0.00000000000000
mpc-hc64.exe,72700,0x0000000003C79400,DXGI,0,512,0,6.77450460000000,0.08760000000000,0.22800000000000,1,Hardware: Independent Flip,1.00870000000000,21.70770000000000,11.96560000000000,20.69900000000000,0.94210000000000,0.06660000000000,0.00000000000000
mpc-hc64.exe,72700,0x0000000003C79400,DXGI,0,512,0,6.81580280000000,0.14170000000000,41.29820000000000,1,Hardware: Independent Flip,1.19310000000000,2.71070000000000,22.30120000000000,1.51760000000000,-40.28950000000000,10.01330000000000,0.00000000000000
mpc-hc64.exe,72700,0x0000000003C79400,DXGI,0,512,0,6.81600230000000,0.07870000000000,0.19950000000000,1,Hardware: Independent Flip,1.06230000000000,21.75360000000000,19.24240000000000,20.69130000000000,0.99360000000000,0.06870000000000,0.00000000000000
mpc-hc64.exe,72700,0x0000000003C79400,DXGI,0,512,0,6.85780530000000,0.15170000000000,41.80300000000000,1,Hardware: Independent Flip,1.19320000000000,9.87320000000000,29.92260000000000,8.68000000000000,-40.74070000000000,10.39550000000000,0.00000000000000
mpc-hc64.exe,72700,0x0000000003C79400,DXGI,0,512,0,6.85801230000000,0.08820000000000,0.20700000000000,1,Hardware: Independent Flip,1.04050000000000,21.95450000000000,12.28830000000000,20.91400000000000,0.98620000000000,0.05430000000000,0.00000000000000
mpc-hc64.exe,72700,0x0000000003C79400,DXGI,0,512,0,6.89981630000000,0.14110000000000,41.80400000000000,1,Hardware: Independent Flip,1.31140000000000,3.49450000000000,23.34400000000000,2.18310000000000,-40.76350000000000,10.79830000000000,0.00000000000000
mpc-hc64.exe,72700,0x0000000003C79400,DXGI,0,512,0,6.90001160000000,0.08350000000000,0.19530000000000,1,Hardware: Independent Flip,1.17120000000000,22.15400000000000,18.85480000000000,20.98280000000000,1.11610000000000,0.05510000000000,0.00000000000000
mpc-hc64.exe,72700,0x0000000003C79400,DXGI,0,512,0,6.94155410000000,0.15000000000000,41.54250000000000,1,Hardware: Independent Flip,1.32080000000000,17.69680000000000,37.08530000000000,16.37600000000000,-40.37130000000001,10.74760000000000,0.00000000000000
mpc-hc64.exe,72700,0x0000000003C79400,DXGI,0,512,0,6.94175990000000,0.08350000000000,0.20580000000000,1,Hardware: Independent Flip,1.17110000000000,21.96220000000000,4.47120000000000,20.79110000000000,1.11500000000000,0.05610000000000,0.00000000000000
mpc-hc64.exe,72700,0x0000000003C79400,DXGI,0,512,0,6.98304040000000,0.13180000000000,41.28050000000000,1,Hardware: Independent Flip,1.29160000000000,17.61380000000000,36.93210000000000,16.32220000000000,-40.10940000000000,10.60030000000000,0.00000000000000
mpc-hc64.exe,72700,0x0000000003C79400,DXGI,0,512,0,6.98323050000000,0.08030000000000,0.19010000000000,1,Hardware: Independent Flip,1.16880000000000,21.83080000000000,4.40710000000000,20.66200000000000,1.10150000000000,0.06730000000000,0.00000000000000
mpc-hc64.exe,72700,0x0000000003C79400,DXGI,0,512,0,7.02607140000000,0.15440000000000,42.84090000000000,1,Hardware: Independent Flip,1.30630000000000,17.35150000000000,38.36160000000000,16.04520000000000,-41.67210000000000,10.24690000000000,0.00000000000000
mpc-hc64.exe,72700,0x0000000003C79400,DXGI,0,512,0,7.02628180000000,0.08430000000000,0.21040000000000,1,Hardware: Independent Flip,1.15150000000000,22.58650000000000,5.44540000000000,21.43500000000000,1.09590000000000,0.05560000000000,0.00000000000000
mpc-hc64.exe,72700,0x0000000003C79400,DXGI,0,512,0,7.06634800000000,0.13230000000000,40.06620000000000,1,Hardware: Independent Flip,1.28440000000000,19.47030000000000,36.95000000000000,18.18590000000000,-38.91470000000000,10.72120000000000,0.00000000000000
mpc-hc64.exe,72700,0x0000000003C79400,DXGI,0,512,0,7.06653300000000,0.08480000000000,0.18500000000000,1,Hardware: Independent Flip,1.16610000000000,21.22760000000000,1.94230000000000,20.06150000000000,1.09940000000000,0.06670000000000,0.00000000000000
mpc-hc64.exe,72700,0x0000000003C79400,DXGI,0,512,0,7.10860730000000,0.15730000000000,42.07430000000000,1,Hardware: Independent Flip,1.24580000000000,16.60510000000000,37.45180000000000,15.35930000000000,-40.90820000000000,11.06720000000000,0.00000000000000
mpc-hc64.exe,72700,0x0000000003C79400,DXGI,0,512,0,7.10882220000000,0.08810000000000,0.21490000000000,1,Hardware: Independent Flip,1.08980000000000,22.11090000000000,5.72070000000000,21.02110000000000,1.03090000000000,0.05890000000000,0.00000000000000
mpc-hc64.exe,72700,0x0000000003C79400,DXGI,0,512,0,7.15149780000000,0.19360000000000,42.67560000000000,1,Hardware: Independent Flip,0.90900000000000,0.90900000000000,21.47370000000000,0.00000000000000,-41.58580000000000,10.13790000000000,0.00000000000000
mpc-hc64.exe,72700,0x0000000003C79400,DXGI,0,512,0,7.15177570000000,0.10910000000000,0.27790000000000,1,Hardware: Independent Flip,0.69370000000000,21.88500000000000,21.25390000000000,21.19130000000000,0.63110000000000,0.05990000000000,0.00000000000000
mpc-hc64.exe,72700,0x0000000003C79400,DXGI,0,512,0,7.19137690000000,0.16540000000000,39.60120000000000,1,Hardware: Independent Flip,1.25160000000000,18.90650000000000,36.62270000000000,17.65490000000000,-38.90750000000000,11.40520000000000,0.00000000000000
mpc-hc64.exe,72700,0x0000000003C79400,DXGI,0,512,0,7.19159940000000,0.08270000000000,0.22250000000000,1,Hardware: Independent Flip,1.09770000000000,21.13850000000000,2.45450000000000,20.04080000000000,1.02910000000000,0.06860000000000,0.00000000000000
mpc-hc64.exe,72700,0x0000000003C79400,DXGI,0,512,0,7.23442040000000,0.13410000000000,42.82100000000001,1,Hardware: Independent Flip,1.28240000000000,16.41670000000000,38.09920000000000,15.13430000000000,-41.72330000000000,10.52510000000000,0.00000000000000
mpc-hc64.exe,72700,0x0000000003C79400,DXGI,0,512,0,7.23460870000000,0.10170000000000,0.18830000000000,1,Hardware: Independent Flip,1.17040000000000,22.62830000000000,6.39990000000000,21.45790000000000,1.09410000000000,0.07630000000000,0.00000000000000
mpc-hc64.exe,72700,0x0000000003C79400,DXGI,0,512,0,7.27462430000000,0.16730000000000,40.01560000000000,1,Hardware: Independent Flip,1.34780000000000,19.48420000000000,36.87150000000000,18.13640000000000,-38.84520000000000,10.62340000000000,0.00000000000000
mpc-hc64.exe,72700,0x0000000003C79400,DXGI,0,512,0,7.27485060000000,0.08590000000000,0.22630000000000,1,Hardware: Independent Flip,1.18610000000000,21.22620000000000,1.96830000000000,20.04010000000000,1.12150000000000,0.06460000000000,0.00000000000000
mpc-hc64.exe,72700,0x0000000003C79400,DXGI,0,512,0,7.31639210000000,0.13070000000000,41.54150000000000,1,Hardware: Independent Flip,1.30840000000000,1.30840000000000,21.62370000000000,0.00000000000000,-40.35540000000000,10.61650000000000,0.00000000000000
mpc-hc64.exe,72700,0x0000000003C79400,DXGI,0,512,0,7.31657500000000,0.08020000000000,0.18290000000000,1,Hardware: Independent Flip,1.18260000000000,21.96030000000000,20.83480000000000,20.77770000000000,1.12550000000000,0.05710000000000,0.00000000000000
mpc-hc64.exe,72700,0x0000000003C79400,DXGI,0,512,0,7.35822280000000,0.17850000000000,41.64780000000000,1,Hardware: Independent Flip,1.26290000000000,9.51780000000000,29.20530000000000,8.25490000000000,-40.46520000000000,10.69360000000000,0.00000000000000
mpc-hc64.exe,72700,0x0000000003C79400,DXGI,0,512,0,7.35846240000000,0.09000000000000,0.23960000000000,1,Hardware: Independent Flip,1.09850000000000,21.91940000000000,12.64120000000000,20.82090000000000,1.02330000000000,0.07520000000000,0.00000000000000
mpc-hc64.exe,72700,0x0000000003C79400,DXGI,0,512,0,7.39978660000000,0.13260000000000,41.32420000000000,1,Hardware: Independent Flip,1.30080000000000,10.56940000000000,29.97420000000000,9.26860000000000,-40.22570000000000,10.79830000000000,0.00000000000000
mpc-hc64.exe,72700,0x0000000003C79400,DXGI,0,512,0,7.39997280000000,0.08150000000000,0.18620000000000,1,Hardware: Independent Flip,1.18210000000000,21.90820000000000,11.52500000000000,20.72610000000000,1.11460000000000,0.06750000000000,0.00000000000000
mpc-hc64.exe,72700,0x0000000003C79400,DXGI,0,512,0,7.44144430000000,0.15870000000000,41.47150000000000,1,Hardware: Independent Flip,1.24640000000000,17.50220000000000,37.06550000000000,16.25580000000000,-40.28940000000000,10.55930000000000,0.00000000000000
mpc-hc64.exe,72700,0x0000000003C79400,DXGI,0,512,0,7.44166240000000,0.08530000000000,0.21810000000000,1,Hardware: Independent Flip,1.09600000000000,21.82680000000000,4.54270000000000,20.73080000000000,1.02830000000000,0.06770000000000,0.00000000000000
mpc-hc64.exe,72700,0x0000000003C79400,DXGI,0,512,0,7.48301800000000,0.13120000000000,41.35560000000000,1,Hardware: Independent Flip,1.35210000000000,1.35210000000000,20.88090000000000,0.00000000000000,-40.25960000000000,10.59580000000000,0.00000000000000
mpc-hc64.exe,72700,0x0000000003C79400,DXGI,0,512,0,7.48320070000000,0.07940000000000,0.18270000000000,1,Hardware: Independent Flip,1.22540000000000,21.97800000000000,20.80860000000000,20.75260000000000,1.16940000000000,0.05600000000000,0.00000000000000
mpc-hc64.exe,72700,0x0000000003C79400,DXGI,0,512,0,7.52607220000000,0.18930000000000,42.87150000000000,1,Hardware: Independent Flip,1.28230000000000,17.55700000000000,38.45050000000001,16.27470000000000,-41.64610000000000,10.33760000000000,0.00000000000000
mpc-hc64.exe,72700,0x0000000003C79400,DXGI,0,512,0,7.52632380000000,0.09150000000000,0.25160000000000,1,Hardware: Independent Flip,1.10560000000000,22.52680000000000,5.22140000000000,21.42120000000000,1.03070000000000,0.07490000000000,0.00000000000000
mpc-hc64.exe,72700,0x0000000003C79400,DXGI,0,512,0,7.56632310000000,0.14280000000000,39.99930000000001,1,Hardware: Independent Flip,1.31940000000000,4.58100000000000,22.05350000000000,3.26160000000000,-38.89370000000000,10.68700000000000,0.00000000000000
mpc-hc64.exe,72700,0x0000000003C79400,DXGI,0,512,0,7.56652050000000,0.08020000000000,0.19740000000000,1,Hardware: Independent Flip,1.18740000000000,21.24380000000000,16.86020000000000,20.05640000000000,1.12200000000000,0.06540000000000,0.00000000000000
mpc-hc64.exe,72700,0x0000000003C79400,DXGI,0,512,0,7.60797350000000,0.15180000000000,41.45300000000000,1,Hardware: Independent Flip,1.28440000000000,1.28440000000000,21.49360000000000,0.00000000000000,-40.26560000000000,10.57100000000000,0.00000000000000
mpc-hc64.exe,72700,0x0000000003C79400,DXGI,0,512,0,7.60818280000000,0.08480000000000,0.20930000000000,1,Hardware: Independent Flip,1.15280000000000,21.88370000000000,20.80860000000000,20.73090000000000,1.07510000000000,0.07770000000000,0.00000000000000
mpc-hc64.exe,72700,0x0000000003C79400,DXGI,0,512,0,7.65017320000000,0.13130000000000,41.99040000000000,1,Hardware: Independent Flip,1.30280000000000,3.59360000000000,23.70030000000000,2.29080000000000,-40.83760000000000,10.99530000000000,0.00000000000000
mpc-hc64.exe,72700,0x0000000003C79400,DXGI,0,512,0,7.65035900000000,0.08040000000000,0.18580000000000,1,Hardware: Independent Flip,1.18250000000000,22.21700000000000,18.80920000000000,21.03450000000000,1.11700000000000,0.06550000000000,0.00000000000000
mpc-hc64.exe,72700,0x0000000003C79400,DXGI,0,512,0,7.69155320000000,0.14890000000000,41.19420000000000,1,Hardware: Independent Flip,1.31040000000000,17.52740000000000,36.50460000000000,16.21700000000000,-40.01170000000000,10.77690000000000,0.00000000000000
mpc-hc64.exe,72700,0x0000000003C79400,DXGI,0,512,0,7.69175730000000,0.08370000000000,0.20410000000000,1,Hardware: Independent Flip,1.16320000000000,21.77630000000000,4.45300000000000,20.61310000000000,1.10630000000000,0.05690000000000,0.00000000000000
mpc-hc64.exe,72700,0x0000000003C79400,DXGI,0,512,0,7.73300170000000,0.16930000000000,41.24440000000000,1,Hardware: Independent Flip,1.35330000000000,17.47910000000000,36.94720000000000,16.12580000000000,-40.08120000000000,10.81990000000000,0.00000000000000
mpc-hc64.exe,72700,0x0000000003C79400,DXGI,0,512,0,7.73323470000000,0.08950000000000,0.23300000000000,1,Hardware: Independent Flip,1.18320000000000,21.84440000000000,4.59830000000000,20.66120000000000,1.12030000000000,0.06290000000000,0.00000000000000
mpc-hc64.exe,72700,0x0000000003C79400,DXGI,0,512,0,7.77571440000000,0.15490000000000,42.47970000000000,1,Hardware: Independent Flip,1.25640000000000,1.25640000000000,21.89170000000000,0.00000000000000,-41.29650000000000,10.08890000000000,0.00000000000000
mpc-hc64.exe,72700,0x0000000003C79400,DXGI,0,512,0,7.77592660000000,0.08310000000000,0.21220000000000,1,Hardware: Independent Flip,1.09660000000000,22.33050000000000,21.28630000000000,21.23390000000000,1.04420000000000,0.05240000000000,0.00000000000000
mpc-hc64.exe,72700,0x0000000003C79400,DXGI,0,512,0,7.81638150000000,0.12930000000000,40.45490000000000,1,Hardware: Independent Flip,1.29580000000000,11.90550000000000,30.02990000000000,10.60970000000000,-39.35830000000000,10.71790000000000,0.00000000000000
mpc-hc64.exe,72700,0x0000000003C79400,DXGI,0,512,0,7.81656500000000,0.08070000000000,0.18350000000000,1,Hardware: Independent Flip,1.17090000000000,21.44900000000000,9.72700000000000,20.27810000000000,1.11230000000000,0.05860000000000,0.00000000000000
mpc-hc64.exe,72700,0x0000000003C79400,DXGI,0,512,0,7.85864810000000,0.15180000000000,42.08310000000000,1,Hardware: Independent Flip,1.22470000000000,10.08330000000000,30.71740000000000,8.85860000000000,-40.91220000000000,10.85440000000000,0.00000000000000
mpc-hc64.exe,72700,0x0000000003C79400,DXGI,0,512,0,7.85885690000000,0.08380000000000,0.20880000000000,1,Hardware: Independent Flip,1.08450000000000,22.11530000000000,12.24080000000000,21.03080000000000,1.01590000000000,0.06860000000000,0.00000000000000
mpc-hc64.exe,72700,0x0000000003C79400,DXGI,0,512,0,7.90101300000000,0.13670000000000,42.15610000000000,1,Hardware: Independent Flip,1.32090000000000,10.29350000000000,30.33430000000000,8.97260000000000,-41.07160000000000,10.42180000000000,0.00000000000000
mpc-hc64.exe,72700,0x0000000003C79400,DXGI,0,512,0,7.90120640000000,0.08460000000000,0.19340000000000,1,Hardware: Independent Flip,1.18240000000000,22.32420000000000,12.22410000000000,21.14180000000000,1.12750000000000,0.05490000000000,0.00000000000000
mpc-hc64.exe,72700,0x0000000003C79400,DXGI,0,512,0,7.94154840000000,0.15940000000000,40.34200000000000,1,Hardware: Independent Flip,1.37140000000000,19.23310000000000,37.25090000000000,17.86170000000000,-39.15960000000000,10.71750000000000,0.00000000000000
mpc-hc64.exe,72700,0x0000000003C79400,DXGI,0,512,0,7.94176180000000,0.08130000000000,0.21340000000000,1,Hardware: Independent Flip,1.21940000000000,21.43690000000000,2.41720000000000,20.21750000000000,1.15800000000000,0.06140000000000,0.00000000000000
mpc-hc64.exe,72700,0x0000000003C79400,DXGI,0,512,0,7.98403940000000,0.19450000000000,42.27760000000000,1,Hardware: Independent Flip,1.32120000000000,17.16560000000000,38.00630000000000,15.84440000000000,-41.05820000000000,11.14300000000000,0.00000000000000
mpc-hc64.exe,72700,0x0000000003C79400,DXGI,0,512,0,7.98432220000000,0.09020000000000,0.28280000000000,1,Hardware: Independent Flip,1.09370000000000,22.22910000000000,5.34630000000000,21.13540000000000,1.03840000000000,0.05530000000000,0.00000000000000
mpc-hc64.exe,72700,0x0000000003C79400,DXGI,0,512,0,8.02650550000000,0.15310000000000,42.18330000000000,1,Hardware: Independent Flip,1.32890000000000,12.05810000000000,32.01230000000000,10.72920000000000,-41.08960000000000,10.73220000000000,0.00000000000000
mpc-hc64.exe,72700,0x0000000003C79400,DXGI,0,512,0,8.02671170000000,0.08200000000000,0.20620000000000,1,Hardware: Independent Flip,1.17670000000000,22.33480000000000,10.48290000000000,21.15810000000000,1.12270000000000,0.05400000000000,0.00000000000000
mpc-hc64.exe,72700,0x0000000003C79400,DXGI,0,512,0,8.06639900000000,0.13040000000000,39.68730000000000,1,Hardware: Independent Flip,1.35630000000000,19.82480000000000,37.17730000000000,18.46850000000000,-38.51060000000000,10.64340000000000,0.00000000000000
mpc-hc64.exe,72700,0x0000000003C79400,DXGI,0,512,0,8.06658410000000,0.08190000000000,0.18510000000000,1,Hardware: Independent Flip,1.22710000000000,21.10700000000000,1.46730000000000,19.87990000000000,1.17120000000000,0.05590000000000,0.00000000000000
mpc-hc64.exe,72700,0x0000000003C79400,DXGI,0,512,0,8.10807370000000,0.22660000000000,41.48960000000000,1,Hardware: Independent Flip,1.22120000000000,16.35810000000000,36.74070000000000,15.13690000000000,-40.26250000000000,10.45970000000000,0.00000000000000
mpc-hc64.exe,72700,0x0000000003C79400,DXGI,0,512,0,8.10836330000000,0.09280000000000,0.28960000000000,1,Hardware: Independent Flip,0.98840000000000,21.68270000000000,5.61420000000000,20.69430000000000,0.93160000000000,0.05680000000000,0.00000000000000
mpc-hc64.exe,72700,0x0000000003C79400,DXGI,0,512,0,8.14970920000000,0.13830000000000,41.34590000000000,1,Hardware: Independent Flip,1.28960000000000,1.28960000000000,20.95280000000000,0.00000000000000,-40.35750000000000,10.75750000000000,0.00000000000000
mpc-hc64.exe,72700,0x0000000003C79400,DXGI,0,512,0,8.14990480000000,0.08320000000000,0.19560000000000,1,Hardware: Independent Flip,1.15370000000000,21.92500000000000,20.83100000000000,20.77130000000000,1.09400000000000,0.05970000000000,0.00000000000000
mpc-hc64.exe,72700,0x0000000003C79400,DXGI,0,512,0,8.19145270000000,0.14680000000000,41.54790000000000,1,Hardware: Independent Flip,1.31070000000000,17.30190000000000,36.92480000000000,15.99120000000000,-40.39420000000000,10.65620000000000,0.00000000000000
mpc-hc64.exe,72700,0x0000000003C79400,DXGI,0,512,0,8.19165430000000,0.08290000000000,0.20160000000000,1,Hardware: Independent Flip,1.17000000000000,21.97010000000000,4.86980000000000,20.80010000000000,1.10910000000000,0.06090000000000,0.00000000000000
mpc-hc64.exe,72700,0x0000000003C79400,DXGI,0,512,0,8.23377750000000,0.12720000000000,42.12320000000000,1,Hardware: Independent Flip,1.24180000000000,17.42350000000000,37.57660000000000,16.18170000000000,-40.95320000000000,10.03530000000000,0.00000000000000
mpc-hc64.exe,72700,0x0000000003C79400,DXGI,0,512,0,8.23395750000000,0.07920000000000,0.18000000000000,1,Hardware: Independent Flip,1.12800000000000,22.18850000000000,4.94500000000000,21.06050000000000,1.06180000000000,0.06620000000000,0.00000000000000
mpc-hc64.exe,72700,0x0000000003C79400,DXGI,0,512,0,8.27521300000000,0.14680000000000,41.25550000000000,1,Hardware: Independent Flip,1.25230000000000,11.45400000000000,30.52100000000000,10.20170000000000,-40.12750000000000,10.06590000000000,0.00000000000000
mpc-hc64.exe,72700,0x0000000003C79400,DXGI,0,512,0,8.27541740000000,0.08140000000000,0.20440000000000,1,Hardware: Independent Flip,1.12350000000000,21.77010000000000,10.52050000000000,20.64660000000000,1.04790000000000,0.07560000000000,0.00000000000000
mpc-hc64.exe,72700,0x0000000003C79400,DXGI,0,512,0,8.31653760000000,0.17170000000000,41.12020000000000,1,Hardware: Independent Flip,1.20350000000000,17.89760000000000,37.24770000000000,16.69410000000000,-39.99670000000000,10.63300000000000,0.00000000000000
mpc-hc64.exe,72700,0x0000000003C79400,DXGI,0,512,0,8.31678730000000,0.10460000000000,0.24970000000000,1,Hardware: Independent Flip,1.02840000000000,21.58500000000000,3.93710000000000,20.55660000000000,0.95380000000000,0.07460000000000,0.00000000000000
mpc-hc64.exe,72700,0x0000000003C79400,DXGI,0,512,0,8.35807950000000,0.14590000000000,41.29220000000000,1,Hardware: Independent Flip,1.27600000000000,17.27640000000000,36.98360000000000,16.00040000000000,-40.26380000000000,10.86890000000000,0.00000000000000
mpc-hc64.exe,72700,0x0000000003C79400,DXGI,0,512,0,8.35828050000000,0.08110000000000,0.20100000000000,1,Hardware: Independent Flip,1.13180000000000,21.84630000000000,4.77090000000000,20.71450000000000,1.07500000000000,0.05680000000000,0.00000000000000
mpc-hc64.exe,72700,0x0000000003C79400,DXGI,0,512,0,8.39967010000000,0.14240000000000,41.38960000000000,1,Hardware: Independent Flip,1.30610000000000,10.08930000000000,29.63260000000000,8.78320000000000,-40.25780000000000,10.64820000000000,0.00000000000000
mpc-hc64.exe,72700,0x0000000003C79400,DXGI,0,512,0,8.39986810000000,0.08260000000000,0.19800000000000,1,Hardware: Independent Flip,1.18290000000000,21.92380000000000,12.03250000000000,20.74090000000000,1.10810000000000,0.07480000000000,0.00000000000000
mpc-hc64.exe,72700,0x0000000003C79400,DXGI,0,512,0,8.44132070000000,0.14460000000000,41.45260000000000,1,Hardware: Independent Flip,1.31000000000000,17.53530000000000,37.06410000000000,16.22530000000000,-40.26970000000000,10.53670000000000,0.00000000000000
mpc-hc64.exe,72700,0x0000000003C79400,DXGI,0,512,0,8.44151760000000,0.08230000000000,0.19690000000000,1,Hardware: Independent Flip,1.16970000000000,21.90580000000000,4.56740000000000,20.73610000000000,1.11310000000000,0.05660000000000,0.00000000000000
mpc-hc64.exe,72700,0x0000000003C79400,DXGI,0,512,0,8.48299550000000,0.13280000000000,41.47790000000001,1,Hardware: Independent Flip,1.30290000000000,10.55890000000000,30.13100000000000,9.25600000000000,-40.30820000000000,10.76560000000000,0.00000000000000
mpc-hc64.exe,72700,0x0000000003C79400,DXGI,0,512,0,8.48318200000000,0.08260000000000,0.18650000000000,1,Hardware: Independent Flip,1.17270000000000,21.92370000000000,11.55130000000000,20.75100000000000,1.11640000000000,0.05630000000000,0.00000000000000
mpc-hc64.exe,72700,0x0000000003C79400,DXGI,0,512,0,8.52532340000000,0.14760000000000,42.14140000000000,1,Hardware: Independent Flip,1.27680000000000,3.49470000000000,23.71240000000000,2.21790000000000,-40.96870000000001,11.16530000000000,0.00000000000000
mpc-hc64.exe,72700,0x0000000003C79400,DXGI,0,512,0,8.52553150000000,0.09130000000000,0.20810000000000,1,Hardware: Independent Flip,1.13530000000000,22.22070000000000,18.93410000000000,21.08540000000000,1.06870000000000,0.06660000000000,0.00000000000000
mpc-hc64.exe,72700,0x0000000003C79400,DXGI,0,512,0,8.56650430000000,0.13830000000000,40.97280000000000,1,Hardware: Independent Flip,1.27660000000000,17.61690000000000,36.36900000000000,16.34030000000000,-39.83750000000000,10.64740000000000,0.00000000000000
mpc-hc64.exe,72700,0x0000000003C79400,DXGI,0,512,0,8.56669960000000,0.08100000000000,0.19530000000000,1,Hardware: Independent Flip,1.13680000000000,21.63830000000000,4.21670000000000,20.50150000000000,1.08130000000000,0.05550000000000,0.00000000000000
mpc-hc64.exe,72700,0x0000000003C79400,DXGI,0,512,0,8.60807140000000,0.14850000000000,41.37180000000000,1,Hardware: Independent Flip,1.32570000000000,10.44980000000000,30.18330000000000,9.12410000000000,-40.23500000000000,10.71390000000000,0.00000000000000
mpc-hc64.exe,72700,0x0000000003C79400,DXGI,0,512,0,8.60827640000000,0.08280000000000,0.20500000000000,1,Hardware: Independent Flip,1.17600000000000,21.90350000000000,11.65870000000000,20.72750000000000,1.12070000000000,0.05530000000000,0.00000000000000
mpc-hc64.exe,72700,0x0000000003C79400,DXGI,0,512,0,8.64977480000000,0.13380000000000,41.49840000000000,1,Hardware: Independent Flip,1.30670000000000,3.76290000000000,23.35780000000000,2.45620000000000,-40.32240000000000,10.66520000000000,0.00000000000000
mpc-hc64.exe,72700,0x0000000003C79400,DXGI,0,512,0,8.64997700000000,0.08720000000000,0.20220000000000,1,Hardware: Independent Flip,1.17980000000000,21.95070000000000,18.39000000000000,20.77090000000000,1.10450000000000,0.07530000000000,0.00000000000000
mpc-hc64.exe,72700,0x0000000003C79400,DXGI,0,512,0,8.69156270000000,0.14590000000000,41.58570000000000,1,Hardware: Independent Flip,1.33650000000000,3.85190000000000,23.48690000000000,2.51540000000000,-40.40590000000000,10.60130000000000,0.00000000000000
mpc-hc64.exe,72700,0x0000000003C79400,DXGI,0,512,0,8.69176380000000,0.08270000000000,0.20110000000000,1,Hardware: Independent Flip,1.20250000000000,22.03570000000000,18.38490000000000,20.83320000000000,1.13540000000000,0.06710000000000,0.00000000000000
mpc-hc64.exe,72700,0x0000000003C79400,DXGI,0,512,0,8.73292910000000,0.14240000000000,41.16530000000000,1,Hardware: Independent Flip,1.33270000000000,11.05860000000000,30.18820000000000,9.72590000000000,-39.96280000000000,10.59460000000000,0.00000000000000
mpc-hc64.exe,72700,0x0000000003C79400,DXGI,0,512,0,8.73312820000000,0.08580000000000,0.19910000000000,1,Hardware: Independent Flip,1.21120000000000,21.81490000000000,10.95540000000000,20.60370000000000,1.13360000000000,0.07760000000000,0.00000000000000
mpc-hc64.exe,72700,0x0000000003C79400,DXGI,0,512,0,8.77463660000000,0.14540000000000,41.50840000000000,1,Hardware: Independent Flip,1.21890000000000,9.52020000000000,29.21370000000000,8.30130000000000,-40.29720000000000,10.35180000000000,0.00000000000000
mpc-hc64.exe,72700,0x0000000003C79400,DXGI,0,512,0,8.77483420000000,0.08490000000000,0.19760000000000,1,Hardware: Independent Flip,1.09370000000000,21.81040000000000,12.48780000000000,20.71670000000000,1.02130000000000,0.07240000000000,0.00000000000000
mpc-hc64.exe,72700,0x0000000003C79400,DXGI,0,512,0,8.81656590000000,0.13250000000000,41.73170000000000,1,Hardware: Independent Flip,1.26610000000000,3.30030000000000,23.22160000000000,2.03420000000000,-40.63800000000001,10.68940000000000,0.00000000000000
mpc-hc64.exe,72700,0x0000000003C79400,DXGI,0,512,0,8.81675440000000,0.08150000000000,0.18850000000000,1,Hardware: Independent Flip,1.15180000000000,22.06220000000000,18.95040000000000,20.91040000000000,1.07760000000000,0.07420000000000,0.00000000000000
mpc-hc64.exe,72700,0x0000000003C79400,DXGI,0,512,0,8.85935910000000,0.15330000000000,42.60470000000000,1,Hardware: Independent Flip,1.28590000000000,10.97360000000000,31.51610000000000,9.68770000000000,-41.45290000000000,10.76770000000000,0.00000000000000
mpc-hc64.exe,72700,0x0000000003C79400,DXGI,0,512,0,8.85956860000000,0.08470000000000,0.20950000000000,1,Hardware: Independent Flip,1.13920000000000,22.46030000000000,11.69620000000000,21.32110000000000,1.07640000000000,0.06280000000000,0.00000000000000
mpc-hc64.exe,72700,0x0000000003C79400,DXGI,0,512,0,8.89963750000000,0.12570000000000,40.06890000000000,1,Hardware: Independent Flip,1.36470000000000,12.49990000000000,30.10850000000000,11.13520000000000,-38.92970000000000,10.71000000000000,0.00000000000000
mpc-hc64.exe,72700,0x0000000003C79400,DXGI,0,512,0,8.89981570000000,0.07980000000000,0.17820000000000,1,Hardware: Independent Flip,1.24220000000000,21.34260000000000,9.02090000000000,20.10040000000000,1.18650000000000,0.05570000000000,0.00000000000000
mpc-hc64.exe,72700,0x0000000003C79400,DXGI,0,512,0,8.94169160000000,0.19140000000000,41.87590000000000,1,Hardware: Independent Flip,1.37290000000000,1.37290000000000,21.90620000000000,0.00000000000000,-40.63370000000000,10.62170000000000,0.00000000000000
mpc-hc64.exe,72700,0x0000000003C79400,DXGI,0,512,0,8.94194230000000,0.09130000000000,0.25070000000000,1,Hardware: Independent Flip,1.20370000000000,22.13370000000000,21.01150000000000,20.93000000000000,1.12220000000000,0.08150000000000,0.00000000000000
mpc-hc64.exe,72700,0x0000000003C79400,DXGI,0,512,0,8.98316060000000,0.14680000000000,41.21830000000000,1,Hardware: Independent Flip,1.37100000000000,1.37100000000000,20.45560000000000,0.00000000000000,-40.01460000000000,10.65220000000000,0.00000000000000
mpc-hc64.exe,72700,0x0000000003C79400,DXGI,0,512,0,8.98336540000000,0.08800000000000,0.20480000000000,1,Hardware: Independent Flip,1.22590000000000,21.86750000000000,20.70130000000000,20.64160000000000,1.16620000000000,0.05970000000000,0.00000000000000
mpc-hc64.exe,72700,0x0000000003C79400,DXGI,0,512,0,9.02486000000000,0.15150000000000,41.49460000000001,1,Hardware: Independent Flip,1.27170000000000,17.45500000000000,37.08210000000000,16.18330000000000,-40.26870000000000,10.55290000000000,0.00000000000000
mpc-hc64.exe,72700,0x0000000003C79400,DXGI,0,512,0,9.02507080000000,0.08280000000000,0.21080000000000,1,Hardware: Independent Flip,1.11890000000000,21.84060000000000,4.59640000000000,20.72170000000000,1.06090000000000,0.05800000000000,0.00000000000000
mpc-hc64.exe,72700,0x0000000003C79400,DXGI,0,512,0,9.06682010000000,0.13080000000000,41.74930000000001,1,Hardware: Independent Flip,1.32800000000000,17.60990000000000,37.51860000000000,16.28190000000000,-40.63040000000000,11.07610000000000,0.00000000000000
mpc-hc64.exe,72700,0x0000000003C79400,DXGI,0,512,0,9.06700630000000,0.08480000000000,0.18620000000000,1,Hardware: Independent Flip,1.20700000000000,22.14880000000000,4.72510000000000,20.94180000000000,1.14180000000000,0.06520000000000,0.00000000000000
mpc-hc64.exe,72700,0x0000000003C79400,DXGI,0,512,0,9.10885390000000,0.14730000000000,41.84760000000000,1,Hardware: Independent Flip,1.30320000000000,1.30320000000000,21.00200000000000,0.00000000000000,-40.64060000000000,10.11360000000000,0.00000000000000
mpc-hc64.exe,72700,0x0000000003C79400,DXGI,0,512,0,9.10905600000000,0.17780000000000,0.20210000000000,1,Hardware: Independent Flip,1.15670000000000,22.07540000000000,20.97430000000000,20.91870000000000,1.10110000000000,0.05560000000000,0.00000000000000
mpc-hc64.exe,72700,0x0000000003C79400,DXGI,0,512,0,9.15003480000000,0.13280000000000,40.97880000000000,1,Hardware: Independent Flip,1.30290000000000,1.30290000000000,20.20630000000000,0.00000000000000,-39.82210000000000,10.89180000000000,0.00000000000000
mpc-hc64.exe,72700,0x0000000003C79400,DXGI,0,512,0,9.15022170000000,0.09910000000000,0.18690000000000,1,Hardware: Independent Flip,1.17310000000000,21.68450000000000,20.56850000000000,20.51140000000000,1.11600000000000,0.05710000000000,0.00000000000000
mpc-hc64.exe,72700,0x0000000003C79400,DXGI,0,512,0,9.19181130000000,0.14650000000000,41.58960000000000,1,Hardware: Independent Flip,1.36450000000000,17.57720000000000,37.48230000000000,16.21270000000000,-40.41650000000000,11.02340000000000,0.00000000000000
mpc-hc64.exe,72700,0x0000000003C79400,DXGI,0,512,0,9.19201280000000,0.08130000000000,0.20150000000000,1,Hardware: Independent Flip,1.21940000000000,22.05350000000000,4.67780000000000,20.83410000000000,1.16300000000000,0.05640000000000,0.00000000000000
mpc-hc64.exe,72700,0x0000000003C79400,DXGI,0,512,0,9.23380650000000,0.20970000000000,41.79370000000000,1,Hardware: Independent Flip,1.26110000000000,18.01270000000000,37.75290000000000,16.75160000000000,-40.57430000000000,9.97980000000000,0.00000000000000
mpc-hc64.exe,72700,0x0000000003C79400,DXGI,0,512,0,9.23408030000000,0.09040000000000,0.27380000000000,1,Hardware: Independent Flip,1.04530000000000,21.91220000000000,4.17330000000000,20.86690000000000,0.98730000000000,0.05800000000000,0.00000000000000
mpc-hc64.exe,72700,0x0000000003C79400,DXGI,0,512,0,9.27546860000000,0.15790000000000,41.38830000000000,1,Hardware: Independent Flip,1.27420000000000,11.10880000000000,30.58490000000000,9.83460000000000,-40.34300000000000,10.29150000000000,0.00000000000000
mpc-hc64.exe,72700,0x0000000003C79400,DXGI,0,512,0,9.27568150000000,0.11920000000000,0.21290000000000,1,Hardware: Independent Flip,1.11860000000000,21.87830000000000,10.98240000000000,20.75970000000000,1.06130000000000,0.05730000000000,0.00000000000000
mpc-hc64.exe,72700,0x0000000003C79400,DXGI,0,512,0,9.31645220000000,0.13250000000000,40.77070000000001,1,Hardware: Independent Flip,1.28770000000000,17.76740000000000,36.65980000000000,16.47970000000000,-39.65210000000000,10.59390000000000,0.00000000000000
mpc-hc64.exe,72700,0x0000000003C79400,DXGI,0,512,0,9.31663740000000,0.08280000000000,0.18520000000000,1,Hardware: Independent Flip,1.15960000000000,21.58070000000000,3.99850000000000,20.42110000000000,1.10250000000000,0.05710000000000,0.00000000000000
mpc-hc64.exe,72700,0x0000000003C79400,DXGI,0,512,0,9.35837770000000,0.20650000000000,41.74030000000000,1,Hardware: Independent Flip,1.31740000000000,3.34920000000000,23.50880000000000,2.03180000000000,-40.58070000000000,10.88990000000000,0.00000000000000
mpc-hc64.exe,72700,0x0000000003C79400,DXGI,0,512,0,9.35864800000000,0.09590000000000,0.27030000000000,1,Hardware: Independent Flip,1.11060000000000,22.00430000000000,18.92540000000000,20.89370000000000,1.04710000000000,0.06350000000000,0.00000000000000
mpc-hc64.exe,72700,0x0000000003C79400,DXGI,0,512,0,9.39968830000000,0.15580000000000,41.04030000000000,1,Hardware: Independent Flip,1.41580000000000,1.41580000000000,20.45180000000000,0.00000000000000,-39.92970000000000,10.70750000000000,0.00000000000000
mpc-hc64.exe,72700,0x0000000003C79400,DXGI,0,512,0,9.39990400000000,0.09350000000000,0.21570000000000,1,Hardware: Independent Flip,1.26790000000000,21.90400000000000,20.70390000000000,20.63610000000000,1.20010000000000,0.06780000000000,0.00000000000000
mpc-hc64.exe,72700,0x0000000003C79400,DXGI,0,512,0,9.44146810000000,0.18530000000000,41.56410000000000,1,Hardware: Independent Flip,1.24260000000000,1.24260000000000,20.90270000000000,0.00000000000000,-40.29620000000000,10.32240000000000,0.00000000000000
mpc-hc64.exe,72700,0x0000000003C79400,DXGI,0,512,0,9.44171220000000,0.08990000000000,0.24410000000000,1,Hardware: Independent Flip,1.05700000000000,21.77750000000000,20.77900000000000,20.72050000000000,0.99850000000000,0.05850000000000,0.00000000000000
mpc-hc64.exe,72700,0x0000000003C79400,DXGI,0,512,0,9.48310040000000,0.14620000000000,41.38820000000000,1,Hardware: Independent Flip,1.26110000000000,17.07300000000000,36.68370000000000,15.81190000000000,-40.33120000000000,10.77190000000000,0.00000000000000
mpc-hc64.exe,72700,0x0000000003C79400,DXGI,0,512,0,9.48330540000000,0.08760000000000,0.20500000000000,1,Hardware: Independent Flip,1.11470000000000,21.86090000000000,4.99290000000000,20.74620000000000,1.05610000000000,0.05860000000000,0.00000000000000
mpc-hc64.exe,72700,0x0000000003C79400,DXGI,0,512,0,9.52468850000000,0.18210000000000,41.38310000000000,1,Hardware: Independent Flip,1.24020000000000,10.40210000000000,29.92430000000000,9.16190000000000,-40.26840000000000,10.48680000000000,0.00000000000000
mpc-hc64.exe,72700,0x0000000003C79400,DXGI,0,512,0,9.52492650000000,0.08580000000000,0.23800000000000,1,Hardware: Independent Flip,1.06000000000000,21.76600000000000,11.60190000000000,20.70600000000000,1.00220000000000,0.05780000000000,0.00000000000000
mpc-hc64.exe,72700,0x0000000003C79400,DXGI,0,512,0,9.56636210000000,0.13650000000000,41.43560000000000,1,Hardware: Independent Flip,1.24600000000000,9.91340000000000,29.58300000000000,8.66740000000000,-40.37560000000000,10.60390000000000,0.00000000000000
mpc-hc64.exe,72700,0x0000000003C79400,DXGI,0,512,0,9.56655640000000,0.08420000000000,0.19430000000000,1,Hardware: Independent Flip,1.10990000000000,21.87140000000000,12.15230000000000,20.76150000000000,1.05170000000000,0.05820000000000,0.00000000000000
mpc-hc64.exe,72700,0x0000000003C79400,DXGI,0,512,0,9.60922060000000,0.15070000000000,42.66420000000000,1,Hardware: Independent Flip,1.28360000000000,17.05970000000000,37.85250000000000,15.77610000000000,-41.55430000000000,10.58750000000000,0.00000000000000
mpc-hc64.exe,72700,0x0000000003C79400,DXGI,0,512,0,9.60947340000000,0.09170000000000,0.25280000000000,1,Hardware: Independent Flip,1.10810000000000,22.48370000000000,5.67680000000000,21.37560000000000,1.03080000000000,0.07730000000000,0.00000000000000
mpc-hc64.exe,72700,0x0000000003C79400,DXGI,0,512,0,9.65015630000000,0.13210000000000,40.68290000000000,1,Hardware: Independent Flip,0.95020000000000,0.95020000000000,19.14940000000000,0.00000000000000,-39.57480000000000,10.57870000000000,0.00000000000000
mpc-hc64.exe,72700,0x0000000003C79400,DXGI,0,512,0,9.65034450000000,0.08110000000000,0.18820000000000,1,Hardware: Independent Flip,0.83570000000000,21.03870000000000,20.27670000000000,20.20300000000000,0.76200000000000,0.07050000000000,0.00000000000000
mpc-hc64.exe,72700,0x0000000003C79400,DXGI,0,512,0,9.69141220000000,0.14740000000000,41.06770000000000,1,Hardware: Independent Flip,1.29450000000000,1.29450000000000,21.32350000000000,0.00000000000000,-40.23200000000000,11.51370000000000,0.00000000000000
mpc-hc64.exe,72700,0x0000000003C79400,DXGI,0,512,0,9.69161340000000,0.08280000000000,0.20120000000000,1,Hardware: Independent Flip,1.15460000000000,21.86940000000000,20.77610000000000,20.71480000000000,1.09330000000000,0.06130000000000,0.00000000000000
mpc-hc64.exe,72700,0x0000000003C79400,DXGI,0,512,0,9.73359020000000,0.13730000000000,41.97680000000000,1,Hardware: Independent Flip,1.28400000000000,10.29230000000000,30.39970000000000,9.00830000000000,-40.82220000000000,10.63830000000000,0.00000000000000
mpc-hc64.exe,72700,0x0000000003C79400,DXGI,0,512,0,9.73378080000000,0.08150000000000,0.19060000000000,1,Hardware: Independent Flip,1.16670000000000,22.17750000000000,12.07580000000000,21.01080000000000,1.09340000000000,0.07330000000000,0.00000000000000
mpc-hc64.exe,72700,0x0000000003C79400,DXGI,0,512,0,9.78132700000000,0.20030000000000,47.54620000000000,1,Hardware: Independent Flip,1.19690000000000,17.32670000000000,42.69540000000000,16.12980000000000,-46.37950000000000,10.47060000000000,0.00000000000000
mpc-hc64.exe,72700,0x0000000003C79400,DXGI,0,512,0,9.78158140000000,0.08240000000000,0.25440000000000,1,Hardware: Independent Flip,0.99760000000000,24.73280000000000,7.66050000000000,23.73520000000000,0.94250000000000,0.05510000000000,0.00000000000000
mpc-hc64.exe,72700,0x0000000003C79400,DXGI,0,512,0,9.81641630000000,0.14850000000000,34.83490000000000,1,Hardware: Independent Flip,1.33600000000000,1.33600000000000,11.43810000000000,0.00000000000000,-33.83730000000000,10.79470000000000,0.00000000000000
mpc-hc64.exe,72700,0x0000000003C79400,DXGI,0,512,0,9.81661910000000,0.08480000000000,0.20280000000000,1,Hardware: Independent Flip,1.19660000000000,18.73490000000000,17.60170000000000,17.53830000000000,1.13320000000000,0.06340000000000,0.00000000000000
mpc-hc64.exe,72700,0x0000000003C79400,DXGI,0,512,0,9.85916140000000,0.17940000000000,42.54230000000000,1,Hardware: Independent Flip,1.24950000000000,14.16290000000000,37.97030000000000,12.91340000000000,-41.34570000000000,10.46590000000000,0.00000000000000
mpc-hc64.exe,72700,0x0000000003C79400,DXGI,0,512,0,9.85940250000000,0.08750000000000,0.24110000000000,1,Hardware: Independent Flip,1.08220000000000,22.33860000000000,8.41680000000000,21.25640000000000,1.00840000000000,0.07380000000000,0.00000000000000
mpc-hc64.exe,72700,0x0000000003C79400,DXGI,0,512,0,9.90081910000000,0.12960000000000,41.41660000000000,1,Hardware: Independent Flip,1.29350000000000,11.82820000000000,30.90620000000000,10.53470000000000,-40.33440000000000,10.12930000000000,0.00000000000000
mpc-hc64.exe,72700,0x0000000003C79400,DXGI,0,512,0,9.90100210000000,0.10280000000000,0.18300000000000,1,Hardware: Independent Flip,1.16590000000000,21.93290000000000,10.28770000000000,20.76700000000000,1.11050000000000,0.05540000000000,0.00000000000000
mpc-hc64.exe,72700,0x0000000003C79400,DXGI,0,512,0,9.94150380000000,0.15090000000000,40.50170000000000,1,Hardware: Independent Flip,1.26780000000000,18.56730000000000,37.13610000000000,17.29950000000000,-39.33580000000000,10.54960000000000,0.00000000000000
mpc-hc64.exe,72700,0x0000000003C79400,DXGI,0,512,0,9.94171090000000,0.08580000000000,0.20710000000000,1,Hardware: Independent Flip,1.12470000000000,21.37610000000000,3.01590000000000,20.25140000000000,1.06070000000000,0.06400000000000,0.00000000000000
mpc-hc64.exe,72700,0x0000000003C79400,DXGI,0,512,0,9.98334060000000,0.15580000000000,41.62970000000000,1,Hardware: Independent Flip,1.36770000000000,16.02150000000000,36.27510000000000,14.65380000000000,-40.50500000000000,10.98750000000000,0.00000000000000
mpc-hc64.exe,72700,0x0000000003C79400,DXGI,0,512,0,9.98354980000000,0.08240000000000,0.20920000000000,1,Hardware: Independent Flip,1.23430000000000,22.12750000000000,6.31520000000000,20.89320000000000,1.15850000000000,0.07580000000000,0.00000000000000
mpc-hc64.exe,72700,0x0000000003C79400,DXGI,0,512,0,10.02477110000000,0.14990000000000,41.22130000000000,1,Hardware: Independent Flip,1.25680000000000,10.87340000000000,29.96720000000000,9.61660000000000,-39.98700000000000,10.42920000000000,0.00000000000000
mpc-hc64.exe,72700,0x0000000003C79400,DXGI,0,512,0,10.02497560000000,0.08590000000000,0.20450000000000,1,Hardware: Independent Flip,1.10710000000000,21.67550000000000,11.00660000000000,20.56840000000000,1.05230000000000,0.05480000000000,0.00000000000000
mpc-hc64.exe,72700,0x0000000003C79400,DXGI,0,512,0,10.06660540000000,0.13240000000000,41.62980000000000,1,Hardware: Independent Flip,1.22710000000000,17.05200000000000,37.00630000000000,15.82490000000000,-40.52270000000000,10.70270000000000,0.00000000000000
mpc-hc64.exe,72700,0x0000000003C79400,DXGI,0,512,0,10.06680560000000,0.08590000000000,0.20020000000000,1,Hardware: Independent Flip,1.10190000000000,21.93610000000000,5.08430000000000,20.83420000000000,1.02690000000000,0.07500000000000,0.00000000000000
mpc-hc64.exe,72700,0x0000000003C79400,DXGI,0,512,0,10.10813750000000,0.16300000000000,41.33190000000000,1,Hardware: Independent Flip,1.24080000000000,17.47730000000000,36.87310000000000,16.23650000000000,-40.23000000000000,10.73070000000000,0.00000000000000
mpc-hc64.exe,72700,0x0000000003C79400,DXGI,0,512,0,10.10835800000000,0.08580000000000,0.22050000000000,1,Hardware: Independent Flip,1.08870000000000,21.77200000000000,4.51520000000000,20.68330000000000,1.02030000000000,0.06840000000000,0.00000000000000
mpc-hc64.exe,72700,0x0000000003C79400,DXGI,0,512,0,10.15021270000000,0.13800000000000,41.85470000000000,1,Hardware: Independent Flip,1.30110000000000,17.24640000000000,37.32910000000000,15.94530000000000,-40.76600000000001,11.13630000000000,0.00000000000000
mpc-hc64.exe,72700,0x0000000003C79400,DXGI,0,512,0,10.15040550000000,0.08520000000000,0.19280000000000,1,Hardware: Independent Flip,1.16520000000000,22.15090000000000,5.09730000000000,20.98570000000000,1.10830000000000,0.05690000000000,0.00000000000000
mpc-hc64.exe,72700,0x0000000003C79400,DXGI,0,512,0,10.19158020000000,0.15210000000000,41.17470000000000,1,Hardware: Independent Flip,1.29430000000000,16.92000000000000,35.94380000000000,15.62570000000000,-40.00950000000000,10.75220000000000,0.00000000000000
mpc-hc64.exe,72700,0x0000000003C79400,DXGI,0,512,0,10.19178820000000,0.08340000000000,0.20800000000000,1,Hardware: Independent Flip,1.16360000000000,21.77110000000000,5.05910000000000,20.60750000000000,1.08630000000000,0.07730000000000,0.00000000000000
mpc-hc64.exe,72700,0x0000000003C79400,DXGI,0,512,0,10.23328970000000,0.14440000000000,41.50150000000000,1,Hardware: Independent Flip,1.33560000000000,17.31610000000000,37.04650000000000,15.98050000000000,-40.33790000000000,10.74270000000000,0.00000000000000
mpc-hc64.exe,72700,0x0000000003C79400,DXGI,0,512,0,10.23348980000000,0.08700000000000,0.20010000000000,1,Hardware: Independent Flip,1.19670000000000,21.98420000000000,4.86820000000000,20.78750000000000,1.13550000000000,0.06120000000000,0.00000000000000
mpc-hc64.exe,72700,0x0000000003C79400,DXGI,0,512,0,10.27566490000000,0.16490000000000,42.17510000000000,1,Hardware: Independent Flip,1.34900000000000,17.81990000000000,38.01080000000000,16.47090000000000,-40.97840000000000,10.35700000000000,0.00000000000000
mpc-hc64.exe,72700,0x0000000003C79400,DXGI,0,512,0,10.27588400000000,0.08290000000000,0.21910000000000,1,Hardware: Independent Flip,1.18570000000000,22.30190000000000,4.70110000000000,21.11620000000000,1.12990000000000,0.05580000000000,0.00000000000000
mpc-hc64.exe,72700,0x0000000003C79400,DXGI,0,512,0,10.31673650000000,0.12900000000000,40.85250000000000,1,Hardware: Independent Flip,1.29410000000000,4.71510000000000,23.26570000000000,3.42100000000000,-39.66680000000000,10.85750000000000,0.00000000000000
mpc-hc64.exe,72700,0x0000000003C79400,DXGI,0,512,0,10.31691610000000,0.07940000000000,0.17960000000000,1,Hardware: Independent Flip,1.17030000000000,21.59700000000000,17.06150000000000,20.42670000000000,1.11450000000000,0.05580000000000,0.00000000000000
mpc-hc64.exe,72700,0x0000000003C79400,DXGI,0,512,0,10.35812020000000,0.15340000000000,41.20410000000000,1,Hardware: Independent Flip,1.27540000000000,17.31110000000000,36.91820000000000,16.03570000000000,-40.03380000000000,10.66260000000000,0.00000000000000
mpc-hc64.exe,72700,0x0000000003C79400,DXGI,0,512,0,10.35833700000000,0.08560000000000,0.21680000000000,1,Hardware: Independent Flip,1.11400000000000,21.71400000000000,4.61970000000000,20.60000000000000,1.05860000000000,0.05540000000000,0.00000000000000
mpc-hc64.exe,72700,0x0000000003C79400,DXGI,0,512,0,10.39986010000000,0.13680000000000,41.52310000000000,1,Hardware: Independent Flip,1.34480000000000,17.25760000000000,37.06670000000000,15.91280000000000,-40.40910000000000,10.71280000000000,0.00000000000000
mpc-hc64.exe,72700,0x0000000003C79400,DXGI,0,512,0,10.40004930000000,0.09370000000000,0.18920000000000,1,Hardware: Independent Flip,1.21110000000000,22.03290000000000,4.96450000000000,20.82180000000000,1.15560000000000,0.05550000000000,0.00000000000000
mpc-hc64.exe,72700,0x0000000003C79400,DXGI,0,512,0,10.44166630000000,0.14430000000000,41.61700000000000,1,Hardware: Independent Flip,1.31260000000000,17.64050000000000,37.22460000000000,16.32790000000000,-40.40590000000000,10.71820000000000,0.00000000000000
mpc-hc64.exe,72700,0x0000000003C79400,DXGI,0,512,0,10.44186300000000,0.07990000000000,0.19670000000000,1,Hardware: Independent Flip,1.17150000000000,21.97610000000000,4.53230000000000,20.80460000000000,1.11590000000000,0.05560000000000,0.00000000000000
mpc-hc64.exe,72700,0x0000000003C79400,DXGI,0,512,0,10.48371310000000,0.12910000000000,41.85010000000000,1,Hardware: Independent Flip,1.29750000000000,10.85800000000000,30.73200000000000,9.56050000000000,-40.67860000000000,10.13850000000000,0.00000000000000
mpc-hc64.exe,72700,0x0000000003C79400,DXGI,0,512,0,10.48392000000000,0.08640000000000,0.20690000000000,1,Hardware: Independent Flip,1.15740000000000,22.10790000000000,11.45680000000000,20.95050000000000,1.09060000000000,0.06680000000000,0.00000000000000
mpc-hc64.exe,72700,0x0000000003C79400,DXGI,0,512,0,10.52485930000000,0.15120000000000,40.93930000000000,1,Hardware: Independent Flip,1.35860000000000,17.98370000000000,36.81510000000000,16.62510000000000,-39.78190000000000,10.90130000000000,0.00000000000000
mpc-hc64.exe,72700,0x0000000003C79400,DXGI,0,512,0,10.52508110000000,0.08680000000000,0.22180000000000,1,Hardware: Independent Flip,1.19260000000000,21.70860000000000,3.94670000000000,20.51600000000000,1.13680000000000,0.05580000000000,0.00000000000000
mpc-hc64.exe,72700,0x0000000003C79400,DXGI,0,512,0,10.56666710000000,0.14550000000000,41.58600000000000,1,Hardware: Independent Flip,1.02040000000000,17.05870000000000,36.93610000000000,16.03830000000000,-40.39340000000000,10.60030000000000,0.00000000000000
mpc-hc64.exe,72700,0x0000000003C79400,DXGI,0,512,0,10.56686940000000,0.07990000000000,0.20230000000000,1,Hardware: Independent Flip,0.87650000000000,21.53250000000000,4.67610000000000,20.65600000000000,0.81810000000000,0.05840000000000,0.00000000000000
mpc-hc64.exe,72700,0x0000000003C79400,DXGI,0,512,0,10.60920060000000,0.16210000000000,42.33120000000000,1,Hardware: Independent Flip,1.27320000000000,10.40270000000000,31.20140000000000,9.12950000000000,-41.45470000000000,10.81050000000000,0.00000000000000
mpc-hc64.exe,72700,0x0000000003C79400,DXGI,0,512,0,10.60941990000000,0.08390000000000,0.21930000000000,1,Hardware: Independent Flip,1.11640000000000,22.43120000000000,12.24780000000000,21.31480000000000,1.05390000000000,0.06250000000000,0.00000000000000
mpc-hc64.exe,72700,0x0000000003C79400,DXGI,0,512,0,10.64994370000000,0.12820000000000,40.52380000000000,1,Hardware: Independent Flip,1.37630000000000,5.07630000000000,23.16890000000000,3.70000000000000,-39.40740000000000,10.94940000000000,0.00000000000000
mpc-hc64.exe,72700,0x0000000003C79400,DXGI,0,512,0,10.65012550000000,0.07910000000000,0.18180000000000,1,Hardware: Independent Flip,1.24950000000000,21.58670000000000,16.69220000000000,20.33720000000000,1.19450000000000,0.05500000000000,0.00000000000000
mpc-hc64.exe,72700,0x0000000003C79400,DXGI,0,512,0,10.69171890000000,0.15130000000000,41.59340000000000,1,Hardware: Independent Flip,1.34900000000000,3.48120000000000,23.48790000000000,2.13220000000000,-40.34390000000000,10.68670000000000,0.00000000000000
mpc-hc64.exe,72700,0x0000000003C79400,DXGI,0,512,0,10.69192490000000,0.08360000000000,0.20600000000000,1,Hardware: Independent Flip,1.20870000000000,22.00440000000000,18.72920000000000,20.79570000000000,1.14300000000000,0.06570000000000,0.00000000000000
mpc-hc64.exe,72700,0x0000000003C79400,DXGI,0,512,0,10.73323290000000,0.13070000000000,41.30800000000000,1,Hardware: Independent Flip,1.32230000000000,10.93110000000000,30.23470000000000,9.60880000000000,-40.09930000000000,10.61260000000000,0.00000000000000
mpc-hc64.exe,72700,0x0000000003C79400,DXGI,0,512,0,10.73341540000000,0.08080000000000,0.18250000000000,1,Hardware: Independent Flip,1.21430000000000,21.88210000000000,11.13350000000000,20.66780000000000,1.13980000000000,0.07450000000000,0.00000000000000
mpc-hc64.exe,72700,0x0000000003C79400,DXGI,0,512,0,10.77509710000000,0.14520000000000,41.68170000000000,1,Hardware: Independent Flip,1.25220000000000,17.46170000000000,37.26130000000000,16.20950000000000,-40.46740000000000,10.79390000000000,0.00000000000000
mpc-hc64.exe,72700,0x0000000003C79400,DXGI,0,512,0,10.77529580000000,0.11200000000000,0.19870000000000,1,Hardware: Independent Flip,1.12650000000000,21.94400000000000,4.68100000000000,20.81750000000000,1.05350000000000,0.07300000000000,0.00000000000000
mpc-hc64.exe,72700,0x0000000003C79400,DXGI,0,512,0,10.81668610000000,0.13590000000000,41.39030000000000,1,Hardware: Independent Flip,1.36470000000000,3.82450000000000,23.27080000000000,2.45980000000000,-40.26380000000000,10.92210000000000,0.00000000000000
mpc-hc64.exe,72700,0x0000000003C79400,DXGI,0,512,0,10.81687780000000,0.08420000000000,0.19170000000000,1,Hardware: Independent Flip,1.22950000000000,21.99390000000000,18.36110000000000,20.76440000000000,1.17300000000000,0.05650000000000,0.00000000000000
mpc-hc64.exe,72700,0x0000000003C79400,DXGI,0,512,0,10.85877940000000,0.15600000000000,41.90160000000000,1,Hardware: Independent Flip,1.32200000000000,16.67300000000000,36.58070000000000,15.35100000000000,-40.67210000000000,10.13200000000000,0.00000000000000
mpc-hc64.exe,72700,0x0000000003C79400,DXGI,0,512,0,10.85899130000000,0.08520000000000,0.21190000000000,1,Hardware: Independent Flip,1.17740000000000,22.13670000000000,5.67560000000000,20.95930000000000,1.11010000000000,0.06730000000000,0.00000000000000
mpc-hc64.exe,72700,0x0000000003C79400,DXGI,0,512,0,10.89984990000000,0.13050000000000,40.85860000000000,1,Hardware: Independent Flip,1.27570000000000,18.15290000000000,36.87480000000000,16.87720000000000,-39.68120000000000,10.66900000000000,0.00000000000000
mpc-hc64.exe,72700,0x0000000003C79400,DXGI,0,512,0,10.90003350000000,0.08470000000000,0.18360000000000,1,Hardware: Independent Flip,1.16650000000000,21.60200000000000,3.63270000000000,20.43550000000000,1.09210000000000,0.07440000000000,0.00000000000000
mpc-hc64.exe,72700,0x0000000003C79400,DXGI,0,512,0,10.94160560000000,0.16600000000000,41.57210000000000,1,Hardware: Independent Flip,1.30350000000000,1.30350000000000,21.27360000000000,0.00000000000000,-40.40560000000000,10.75610000000000,0.00000000000000
mpc-hc64.exe,72700,0x0000000003C79400,DXGI,0,512,0,10.94182910000000,0.08740000000000,0.22350000000000,1,Hardware: Independent Flip,1.13750000000000,21.94100000000000,20.86100000000000,20.80350000000000,1.08000000000000,0.05750000000000,0.00000000000000
mpc-hc64.exe,72700,0x0000000003C79400,DXGI,0,512,0,10.98338610000000,0.13300000000000,41.55700000000000,1,Hardware: Independent Flip,1.26240000000000,17.29360000000000,36.90960000000000,16.03120000000000,-40.41950000000000,10.74390000000000,0.00000000000000
mpc-hc64.exe,72700,0x0000000003C79400,DXGI,0,512,0,10.98357280000000,0.08080000000000,0.18670000000000,1,Hardware: Independent Flip,1.13860000000000,21.93010000000000,4.82320000000000,20.79150000000000,1.07570000000000,0.06290000000000,0.00000000000000
mpc-hc64.exe,72700,0x0000000003C79400,DXGI,0,512,0,11.02484980000000,0.16340000000000,41.27700000000000,1,Hardware: Independent Flip,1.40610000000000,17.69560000000000,37.04250000000000,16.28950000000000,-40.13840000000000,10.81340000000000,0.00000000000000
mpc-hc64.exe,72700,0x0000000003C79400,DXGI,0,512,0,11.02506630000000,0.09360000000000,0.21650000000000,1,Hardware: Independent Flip,1.24460000000000,21.96390000000000,4.48480000000000,20.71930000000000,1.18960000000000,0.05500000000000,0.00000000000000
mpc-hc64.exe,72700,0x0000000003C79400,DXGI,0,512,0,11.06664370000000,0.12850000000000,41.57740000000000,1,Hardware: Independent Flip,1.34780000000000,17.64710000000000,37.26060000000000,16.29930000000000,-40.33280000000000,10.71640000000000,0.00000000000000
mpc-hc64.exe,72700,0x0000000003C79400,DXGI,0,512,0,11.06682550000000,0.08000000000000,0.18180000000000,1,Hardware: Independent Flip,1.24070000000000,22.03730000000000,4.57200000000000,20.79660000000000,1.16600000000000,0.07470000000000,0.00000000000000
mpc-hc64.exe,72700,0x0000000003C79400,DXGI,0,512,0,11.10824740000000,0.20990000000000,41.42190000000000,1,Hardware: Independent Flip,1.18330000000000,1.18330000000000,20.56790000000000,0.00000000000000,-40.18120000000000,10.48210000000000,0.00000000000000
mpc-hc64.exe,72700,0x0000000003C79400,DXGI,0,512,0,11.10851990000000,0.08920000000000,0.27250000000000,1,Hardware: Independent Flip,0.98630000000000,21.61010000000000,20.69930000000000,20.62380000000000,0.91080000000000,0.07550000000000,0.00000000000000
mpc-hc64.exe,72700,0x0000000003C79400,DXGI,0,512,0,11.15069130000000,0.16130000000000,42.17140000000001,1,Hardware: Independent Flip,1.22590000000000,1.22590000000000,21.78720000000000,0.00000000000000,-41.18510000000000,11.49320000000000,0.00000000000000
mpc-hc64.exe,72700,0x0000000003C79400,DXGI,0,512,0,11.15090770000000,0.08270000000000,0.21640000000000,1,Hardware: Independent Flip,1.06660000000000,22.22040000000000,21.21090000000000,21.15380000000000,1.00950000000000,0.05710000000000,0.00000000000000
mpc-hc64.exe,72700,0x0000000003C79400,DXGI,0,512,0,11.19239080000000,0.17150000000000,41.48310000000000,1,Hardware: Independent Flip,1.28750000000000,4.35130000000000,23.61400000000000,3.06380000000000,-40.41650000000000,10.21440000000000,0.00000000000000
mpc-hc64.exe,72700,0x0000000003C79400,DXGI,0,512,0,11.19261960000000,0.08490000000000,0.22880000000000,1,Hardware: Independent Flip,1.12020000000000,21.92090000000000,17.79840000000000,20.80070000000000,1.05870000000000,0.06150000000000,0.00000000000000
mpc-hc64.exe,72700,0x0000000003C79400,DXGI,0,512,0,11.23327250000000,0.13390000000000,40.65290000000000,1,Hardware: Independent Flip,1.26730000000000,1.26730000000000,19.99930000000000,0.00000000000000,-39.53270000000000,10.66480000000000,0.00000000000000
mpc-hc64.exe,72700,0x0000000003C79400,DXGI,0,512,0,11.23346410000000,0.08140000000000,0.19160000000000,1,Hardware: Independent Flip,1.13800000000000,21.48360000000000,20.40790000000000,20.34560000000000,1.07570000000000,0.06230000000000,0.00000000000000
mpc-hc64.exe,72700,0x0000000003C79400,DXGI,0,512,0,11.27556300000000,0.15490000000000,42.09890000000000,1,Hardware: Independent Flip,1.30820000000000,17.07270000000000,37.68800000000000,15.76450000000000,-40.96090000000000,10.11230000000000,0.00000000000000
mpc-hc64.exe,72700,0x0000000003C79400,DXGI,0,512,0,11.27577240000000,0.08100000000000,0.20940000000000,1,Hardware: Independent Flip,1.16420000000000,22.26300000000000,5.39970000000000,21.09880000000000,1.09880000000000,0.06540000000000,0.00000000000000
mpc-hc64.exe,72700,0x0000000003C79400,DXGI,0,512,0,11.31867030000000,0.12850000000000,42.89790000000000,1,Hardware: Independent Flip,1.57350000000000,18.87120000000000,39.50610000000000,17.29770000000000,-41.73370000000000,13.17600000000000,0.00000000000000
mpc-hc64.exe,72700,0x0000000003C79400,DXGI,0,512,0,11.31886440000000,0.08230000000000,0.19410000000000,1,Hardware: Independent Flip,1.45620000000000,23.06500000000000,4.38790000000000,21.60880000000000,1.37940000000000,0.07680000000000,0.00000000000000
mpc-hc64.exe,72700,0x0000000003C79400,DXGI,0,512,0,11.36027660000000,0.17300000000000,41.41220000000000,1,Hardware: Independent Flip,1.67630000000000,20.97270000000000,39.31990000000000,19.29640000000000,-39.95600000000000,13.03780000000000,0.00000000000000
mpc-hc64.exe,72700,0x0000000003C79400,DXGI,0,512,0,11.36050480000000,0.08510000000000,0.22820000000000,1,Hardware: Independent Flip,1.52740000000000,22.29560000000000,1.55110000000000,20.76820000000000,1.44810000000000,0.07930000000000,0.00000000000000
mpc-hc64.exe,72700,0x0000000003C79400,DXGI,0,512,0,11.40277160000000,0.13390000000000,42.26680000000000,1,Hardware: Independent Flip,1.55660000000000,1.55660000000000,21.52780000000000,0.00000000000000,-40.73940000000000,12.14210000000000,0.00000000000000
mpc-hc64.exe,72700,0x0000000003C79400,DXGI,0,512,0,11.40296450000000,0.08730000000000,0.19290000000000,1,Hardware: Independent Flip,1.44510000000000,22.54480000000000,21.18110000000000,21.09970000000000,1.36370000000000,0.08140000000000,0.00000000000000
mpc-hc64.exe,72700,0x0000000003C79400,DXGI,0,512,0,11.44371870000000,0.14530000000000,40.75420000000000,1,Hardware: Independent Flip,1.60330000000000,21.13550000000000,39.34490000000000,19.53220000000000,-39.30910000000000,13.21230000000000,0.00000000000000
mpc-hc64.exe,72700,0x0000000003C79400,DXGI,0,512,0,11.44391820000000,0.08270000000000,0.19950000000000,1,Hardware: Independent Flip,1.48120000000000,21.89240000000000,0.95640000000000,20.41120000000000,1.40380000000000,0.07740000000000,0.00000000000000
mpc-hc64.exe,72700,0x0000000003C79400,DXGI,0,512,0,11.48570030000000,0.13190000000000,41.78210000000000,1,Hardware: Independent Flip,1.58840000000000,19.87870000000000,39.76840000000000,18.29030000000000,-40.30090000000000,13.44560000000000,0.00000000000000
mpc-hc64.exe,72700,0x0000000003C79400,DXGI,0,512,0,11.48588730000000,0.08300000000000,0.18700000000000,1,Hardware: Independent Flip,1.47820000000000,22.37760000000000,2.68590000000000,20.89940000000000,1.40140000000000,0.07680000000000,0.00000000000000
mpc-hc64.exe,72700,0x0000000003C79400,DXGI,0,512,0,11.52714290000000,0.15470000000000,41.25560000000000,1,Hardware: Independent Flip,1.58010000000000,20.55110000000000,39.42910000000001,18.97100000000000,-39.77740000000000,12.95880000000000,0.00000000000000
mpc-hc64.exe,72700,0x0000000003C79400,DXGI,0,512,0,11.52736940000000,0.09010000000000,0.22650000000000,1,Hardware: Independent Flip,1.43070000000000,22.06610000000000,1.74150000000000,20.63540000000000,1.35360000000000,0.07710000000000,0.00000000000000
mpc-hc64.exe,72700,0x0000000003C79400,DXGI,0,512,0,11.56851780000000,0.13100000000000,41.14840000000000,1,Hardware: Independent Flip,1.58670000000000,20.03430000000000,39.11660000000001,18.44760000000000,-39.71770000000000,13.03410000000000,0.00000000000000
mpc-hc64.exe,72700,0x0000000003C79400,DXGI,0,512,0,11.56870280000000,0.08030000000000,0.18500000000000,1,Hardware: Independent Flip,1.50490000000000,22.10140000000000,2.25210000000000,20.59650000000000,1.40170000000000,0.10320000000000,0.00000000000000
mpc-hc64.exe,72700,0x0000000003C79400,DXGI,0,512,0,11.61025240000000,0.16590000000000,41.54960000000001,1,Hardware: Independent Flip,1.53470000000000,19.80150000000000,39.24970000000000,18.26680000000000,-40.04470000000000,13.11520000000000,0.00000000000000
mpc-hc64.exe,72700,0x0000000003C79400,DXGI,0,512,0,11.61047360000000,0.08230000000000,0.22120000000000,1,Hardware: Independent Flip,1.39300000000000,22.13470000000000,2.55440000000000,20.74170000000000,1.31350000000000,0.07950000000000,0.00000000000000
mpc-hc64.exe,72700,0x0000000003C79400,DXGI,0,512,0,11.65257350000000,0.12910000000000,42.09990000000001,1,Hardware: Independent Flip,1.58790000000000,19.85530000000000,39.82050000000000,18.26740000000000,-40.70690000000000,12.36750000000000,0.00000000000000
mpc-hc64.exe,72700,0x0000000003C79400,DXGI,0,512,0,11.65275540000000,0.08080000000000,0.18190000000000,1,Hardware: Independent Flip,1.52280000000000,22.60590000000000,2.93250000000000,21.08310000000000,1.40600000000000,0.11680000000000,0.00000000000000
mpc-hc64.exe,72700,0x0000000003C79400,DXGI,0,512,0,11.69422400000000,0.14700000000000,41.46860000000000,1,Hardware: Independent Flip,1.58830000000000,21.15840000000000,40.02110000000000,19.57010000000000,-39.94580000000000,13.51600000000000,0.00000000000000
mpc-hc64.exe,72700,0x0000000003C79400,DXGI,0,512,0,11.69442790000000,0.12200000000000,0.20390000000000,1,Hardware: Independent Flip,1.48840000000000,22.19970000000000,1.24520000000000,20.71130000000000,1.38440000000000,0.10400000000000,0.00000000000000
mpc-hc64.exe,72700,0x0000000003C79400,DXGI,0,512,0,11.73554870000000,0.18390000000000,41.12080000000000,1,Hardware: Independent Flip,1.39630000000000,12.85440000000000,31.77550000000000,11.45810000000000,-39.63240000000000,13.09370000000000,0.00000000000000
mpc-hc64.exe,72700,0x0000000003C79400,DXGI,0,512,0,11.73582160000000,0.12690000000000,0.27290000000000,1,Hardware: Independent Flip,1.20490000000000,21.67100000000000,9.08950000000000,20.46610000000000,1.12340000000000,0.08150000000000,0.00000000000000
mpc-hc64.exe,72700,0x0000000003C79400,DXGI,0,512,0,11.77725360000000,0.15070000000000,41.43200000000000,1,Hardware: Independent Flip,1.52470000000000,19.82940000000000,39.59040000000000,18.30470000000000,-40.22710000000000,13.62810000000000,0.00000000000000
mpc-hc64.exe,72700,0x0000000003C79400,DXGI,0,512,0,11.77745870000000,0.09200000000000,0.20510000000000,1,Hardware: Independent Flip,1.39090000000000,22.22610000000000,2.60180000000000,20.83520000000000,1.31960000000000,0.07130000000000,0.00000000000000
mpc-hc64.exe,72700,0x0000000003C79400,DXGI,0,512,0,11.81871820000000,0.12810000000000,41.25950000000000,1,Hardware: Independent Flip,1.62660000000000,20.37320000000000,39.40660000000000,18.74660000000000,-39.86860000000000,13.24180000000000,0.00000000000000
mpc-hc64.exe,72700,0x0000000003C79400,DXGI,0,512,0,11.81889780000000,0.09040000000000,0.17960000000000,1,Hardware: Independent Flip,1.55350000000000,22.24470000000000,2.05110000000000,20.69120000000000,1.44700000000000,0.10650000000000,0.00000000000000
mpc-hc64.exe,72700,0x0000000003C79400,DXGI,0,512,0,11.86063920000000,0.20430000000000,41.74140000000000,1,Hardware: Independent Flip,1.54770000000000,6.22660000000000,25.72330000000000,4.67890000000000,-40.18790000000000,12.14800000000000,0.00000000000000
mpc-hc64.exe,72700,0x0000000003C79400,DXGI,0,512,0,11.86089960000000,0.08620000000000,0.26040000000000,1,Hardware: Independent Flip,1.36340000000000,22.18640000000000,16.22020000000000,20.82300000000000,1.28730000000000,0.07610000000000,0.00000000000000
mpc-hc64.exe,72700,0x0000000003C79400,DXGI,0,512,0,11.90216390000000,0.12860000000000,41.26430000000000,1,Hardware: Independent Flip,1.62710000000000,20.46740000000000,39.54530000000000,18.84030000000000,-39.90090000000000,13.15500000000000,0.00000000000000
mpc-hc64.exe,72700,0x0000000003C79400,DXGI,0,512,0,11.90234590000000,0.08500000000000,0.18200000000000,1,Hardware: Independent Flip,1.52110000000000,22.23690000000000,1.95150000000000,20.71580000000000,1.44510000000000,0.07600000000000,0.00000000000000
mpc-hc64.exe,72700,0x0000000003C79400,DXGI,0,512,0,11.94397040000000,0.15280000000000,41.62450000000000,1,Hardware: Independent Flip,1.62350000000000,12.27810000000000,31.66570000000000,10.65460000000000,-40.10340000000000,13.38100000000000,0.00000000000000
mpc-hc64.exe,72700,0x0000000003C79400,DXGI,0,512,0,11.94419080000000,0.08740000000000,0.22040000000000,1,Hardware: Independent Flip,1.51080000000000,22.31740000000000,10.25970000000000,20.80660000000000,1.40310000000000,0.10770000000000,0.00000000000000
mpc-hc64.exe,72700,0x0000000003C79400,DXGI,0,512,0,11.98542450000000,0.16470000000000,41.23370000000000,1,Hardware: Independent Flip,1.57290000000000,6.68100000000000,25.59730000000000,5.10810000000000,-39.72290000000000,13.10030000000000,0.00000000000000
mpc-hc64.exe,72700,0x0000000003C79400,DXGI,0,512,0,11.98564760000000,0.08460000000000,0.22310000000000,1,Hardware: Independent Flip,1.41550000000000,22.00720000000000,15.54930000000000,20.59170000000000,1.34980000000000,0.06570000000000,0.00000000000000
mpc-hc64.exe,72700,0x0000000003C79400,DXGI,0,512,0,12.02726390000000,0.14980000000000,41.61630000000000,1,Hardware: Independent Flip,1.52960000000000,13.06830000000000,32.67740000000000,11.53870000000000,-40.20080000000000,13.33610000000000,0.00000000000000
mpc-hc64.exe,72700,0x0000000003C79400,DXGI,0,512,0,12.02747230000000,0.08580000000000,0.20840000000000,1,Hardware: Independent Flip,1.39770000000000,22.21880000000000,9.35890000000000,20.82110000000000,1.32120000000000,0.07650000000000,0.00000000000000
mpc-hc64.exe,72700,0x0000000003C79400,DXGI,0,512,0,12.06864540000000,0.12610000000000,41.17310000000001,1,Hardware: Independent Flip,1.62820000000000,20.42240000000000,39.37670000000000,18.79420000000000,-39.77540000000000,13.19950000000000,0.00000000000000
mpc-hc64.exe,72700,0x0000000003C79400,DXGI,0,512,0,12.06882340000000,0.09630000000000,0.17800000000000,1,Hardware: Independent Flip,1.52450000000000,22.18460000000000,1.94020000000000,20.66010000000000,1.45020000000000,0.07430000000000,0.00000000000000
mpc-hc64.exe,72700,0x0000000003C79400,DXGI,0,512,0,12.11085570000000,0.17100000000000,42.03230000000000,1,Hardware: Independent Flip,1.55380000000000,1.55380000000000,21.40150000000000,0.00000000000000,-40.50780000000000,13.45700000000000,0.00000000000000
mpc-hc64.exe,72700,0x0000000003C79400,DXGI,0,512,0,12.11108230000000,0.14650000000000,0.22660000000000,1,Hardware: Independent Flip,1.40330000000000,22.38950000000000,21.06230000000000,20.98620000000000,1.32720000000000,0.07610000000000,0.00000000000000
mpc-hc64.exe,72700,0x0000000003C79400,DXGI,0,512,0,12.15279320000000,0.14500000000000,41.71090000000000,1,Hardware: Independent Flip,1.12900000000000,1.12900000000000,20.45040000000000,0.00000000000000,-40.30760000000000,13.34330000000000,0.00000000000000
mpc-hc64.exe,72700,0x0000000003C79400,DXGI,0,512,0,12.15299570000000,0.08430000000000,0.20250000000000,1,Hardware: Independent Flip,1.01860000000000,21.67480000000000,20.74830000000000,20.65620000000000,0.92650000000000,0.08890000000000,0.00000000000000
mpc-hc64.exe,72700,0x0000000003C79400,DXGI,0,512,0,12.19380250000000,0.16110000000000,40.80680000000000,1,Hardware: Independent Flip,1.58960000000000,13.16540000000000,32.29740000000000,11.57580000000000,-39.78820000000000,14.41750000000000,0.00000000000000
mpc-hc64.exe,72700,0x0000000003C79400,DXGI,0,512,0,12.19402110000000,0.08640000000000,0.21860000000000,1,Hardware: Independent Flip,1.45070000000000,22.10260000000000,9.15580000000000,20.65190000000000,1.37100000000000,0.07970000000000,0.00000000000000
mpc-hc64.exe,72700,0x0000000003C79400,DXGI,0,512,0,12.23566170000000,0.13100000000000,41.64060000000000,1,Hardware: Independent Flip,1.61240000000000,20.00280000000000,39.54080000000000,18.39040000000000,-40.18990000000000,13.40880000000000,0.00000000000000
mpc-hc64.exe,72700,0x0000000003C79400,DXGI,0,512,0,12.23584620000000,0.08410000000000,0.18450000000000,1,Hardware: Independent Flip,1.49720000000000,22.35480000000000,2.53650000000000,20.85760000000000,1.42790000000000,0.06930000000000,0.00000000000000
mpc-hc64.exe,72700,0x0000000003C79400,DXGI,0,512,0,12.27708480000000,0.15690000000000,41.23860000000001,1,Hardware: Independent Flip,1.61280000000000,19.63290000000000,38.51670000000000,18.02010000000000,-39.74140000000000,13.18770000000000,0.00000000000000
mpc-hc64.exe,72700,0x0000000003C79400,DXGI,0,512,0,12.27729610000000,0.08450000000000,0.21130000000000,1,Hardware: Independent Flip,1.46200000000000,22.08590000000000,2.66430000000000,20.62390000000000,1.40150000000000,0.06050000000000,0.00000000000000
mpc-hc64.exe,72700,0x0000000003C79400,DXGI,0,512,0,12.31926180000000,0.15150000000000,41.96570000000001,1,Hardware: Independent Flip,1.96620000000000,6.08450000000000,25.96430000000000,4.11830000000000,-40.50370000000000,14.01360000000000,0.00000000000000
mpc-hc64.exe,72700,0x0000000003C79400,DXGI,0,512,0,12.31947090000000,0.12200000000000,0.20910000000000,1,Hardware: Independent Flip,1.82630000000000,23.00160000000000,17.12620000000000,21.17530000000000,1.75710000000000,0.06920000000000,0.00000000000000
mpc-hc64.exe,72700,0x0000000003C79400,DXGI,0,512,0,12.36112690000000,0.16600000000000,41.65600000000000,1,Hardware: Independent Flip,1.63300000000000,21.12230000000000,39.77670000000001,19.48930000000000,-39.82970000000000,13.59930000000000,0.00000000000000
mpc-hc64.exe,72700,0x0000000003C79400,DXGI,0,512,0,12.36135060000000,0.08540000000000,0.22370000000000,1,Hardware: Independent Flip,1.47280000000000,22.16310000000000,1.26450000000000,20.69030000000000,1.40930000000000,0.06350000000000,0.00000000000000
mpc-hc64.exe,72700,0x0000000003C79400,DXGI,0,512,0,12.40284970000000,0.37000000000000,41.49910000000000,1,Hardware: Independent Flip,1.57930000000000,1.57930000000000,20.91530000000000,0.00000000000000,-40.02630000000000,12.53130000000000,0.00000000000000
mpc-hc64.exe,72700,0x0000000003C79400,DXGI,0,512,0,12.40330530000000,0.12360000000000,0.45560000000000,1,Hardware: Independent Flip,1.19850000000000,21.95720000000000,20.83350000000000,20.75870000000000,1.12370000000000,0.07480000000000,0.00000000000000
mpc-hc64.exe,72700,0x0000000003C79400,DXGI,0,512,0,12.44425220000000,0.16250000000000,40.94690000000000,1,Hardware: Independent Flip,1.54990000000000,20.72450000000000,39.71420000000001,19.17460000000000,-39.74840000000000,13.85220000000000,0.00000000000000
mpc-hc64.exe,72700,0x0000000003C79400,DXGI,0,512,0,12.44447170000000,0.08520000000000,0.21950000000000,1,Hardware: Independent Flip,1.40760000000000,22.01230000000000,1.50730000000000,20.60470000000000,1.33040000000000,0.07720000000000,0.00000000000000
mpc-hc64.exe,72700,0x0000000003C79400,DXGI,0,512,0,12.48557930000000,0.13410000000000,41.10760000000001,1,Hardware: Independent Flip,1.55720000000000,12.54650000000000,31.64180000000000,10.98930000000000,-39.70000000000000,13.31910000000000,0.00000000000000
mpc-hc64.exe,72700,0x0000000003C79400,DXGI,0,512,0,12.48576780000000,0.08640000000000,0.18850000000000,1,Hardware: Independent Flip,1.44260000000000,22.02940000000000,9.67140000000000,20.58680000000000,1.36870000000000,0.07390000000000,0.00000000000000
mpc-hc64.exe,72700,0x0000000003C79400,DXGI,0,512,0,12.52717390000000,0.15440000000000,41.40610000000000,1,Hardware: Independent Flip,1.55800000000000,20.06120000000000,39.43790000000000,18.50320000000000,-39.96350000000000,13.28300000000000,0.00000000000000
mpc-hc64.exe,72700,0x0000000003C79400,DXGI,0,512,0,12.52738280000000,0.08290000000000,0.20890000000000,1,Hardware: Independent Flip,1.42980000000000,22.14300000000000,2.29070000000000,20.71320000000000,1.34910000000000,0.08070000000000,0.00000000000000
mpc-hc64.exe,72700,0x0000000003C79400,DXGI,0,512,0,12.56970070000000,0.17290000000000,42.31790000000000,1,Hardware: Independent Flip,1.60970000000000,1.60970000000000,21.78460000000000,0.00000000000000,-40.88810000000000,13.91200000000000,0.00000000000000
mpc-hc64.exe,72700,0x0000000003C79400,DXGI,0,512,0,12.56993330000000,0.08710000000000,0.23260000000000,1,Hardware: Independent Flip,1.43920000000000,22.63050000000000,21.25340000000000,21.19130000000000,1.37710000000000,0.06210000000000,0.00000000000000
mpc-hc64.exe,72700,0x0000000003C79400,DXGI,0,512,0,12.61076950000000,0.14960000000000,40.83620000000001,1,Hardware: Independent Flip,1.61180000000000,14.58170000000000,32.78740000000000,12.96990000000000,-39.39700000000000,13.50750000000000,0.00000000000000
mpc-hc64.exe,72700,0x0000000003C79400,DXGI,0,512,0,12.61098820000000,0.08590000000000,0.21870000000000,1,Hardware: Independent Flip,1.46910000000000,21.92920000000000,7.56620000000000,20.46010000000000,1.39310000000000,0.07600000000000,0.00000000000000
mpc-hc64.exe,72700,0x0000000003C79400,DXGI,0,512,0,12.65216820000000,0.14360000000000,41.18000000000000,1,Hardware: Independent Flip,1.60890000000000,1.60890000000000,20.85970000000000,0.00000000000000,-39.71090000000000,13.43760000000000,0.00000000000000
mpc-hc64.exe,72700,0x0000000003C79400,DXGI,0,512,0,12.65237990000000,0.08690000000000,0.21170000000000,1,Hardware: Independent Flip,1.47940000000000,22.09180000000000,20.69460000000000,20.61240000000000,1.39720000000000,0.08220000000000,0.00000000000000
mpc-hc64.exe,72700,0x0000000003C79400,DXGI,0,512,0,12.69407030000000,0.16140000000000,41.69040000000000,1,Hardware: Independent Flip,1.64250000000000,20.18560000000000,39.78420000000000,18.54310000000000,-40.21100000000000,13.47270000000000,0.00000000000000
mpc-hc64.exe,72700,0x0000000003C79400,DXGI,0,512,0,12.69432060000000,0.08640000000000,0.25030000000000,1,Hardware: Independent Flip,1.46900000000000,22.35040000000000,2.41510000000000,20.88140000000000,1.39220000000000,0.07680000000000,0.00000000000000
mpc-hc64.exe,72700,0x0000000003C79400,DXGI,0,512,0,12.73553260000000,0.15520000000000,41.21200000000000,1,Hardware: Independent Flip,1.57840000000000,20.64850000000000,39.51010000000000,19.07010000000000,-39.74300000000000,13.36260000000000,0.00000000000000
mpc-hc64.exe,72700,0x0000000003C79400,DXGI,0,512,0,12.73574880000000,0.09450000000000,0.21620000000000,1,Hardware: Independent Flip,1.44010000000000,22.05600000000000,1.62370000000000,20.61590000000000,1.36220000000000,0.07790000000000,0.00000000000000
mpc-hc64.exe,72700,0x0000000003C79400,DXGI,0,512,0,12.78505820000000,0.17150000000000,49.30940000000000,1,Hardware: Independent Flip,1.58910000000000,20.20030000000000,47.45370000000000,18.61120000000000,-47.86930000000000,14.02910000000000,0.00000000000000
mpc-hc64.exe,72700,0x0000000003C79400,DXGI,0,512,0,12.78529520000000,0.08690000000000,0.23700000000000,1,Hardware: Independent Flip,1.41830000000000,26.09280000000000,6.12950000000000,24.67450000000000,1.35210000000000,0.06620000000000,0.00000000000000
mpc-hc64.exe,72700,0x0000000003C79400,DXGI,0,512,0,12.81891810000000,0.13020000000000,33.62290000000000,1,Hardware: Independent Flip,1.57730000000000,3.22820000000000,10.75830000000000,1.65090000000000,-32.20460000000000,13.33960000000000,0.00000000000000
mpc-hc64.exe,72700,0x0000000003C79400,DXGI,0,512,0,12.81917810000000,0.09220000000000,0.26000000000000,1,Hardware: Independent Flip,1.39350000000000,18.24200000000000,15.27380000000000,16.84850000000000,1.31730000000000,0.07620000000000,0.00000000000000
mpc-hc64.exe,72700,0x0000000003C79400,DXGI,0,512,0,12.86047820000000,0.14620000000000,41.30010000000000,1,Hardware: Independent Flip,1.61940000000000,16.54830000000000,39.60640000000000,14.92890000000000,-39.90660000000000,13.44350000000000,0.00000000000000
mpc-hc64.exe,72700,0x0000000003C79400,DXGI,0,512,0,12.86068000000000,0.08150000000000,0.20180000000000,1,Hardware: Independent Flip,1.52880000000000,22.23310000000000,5.88660000000000,20.70430000000000,1.41760000000000,0.11120000000000,0.00000000000000
mpc-hc64.exe,72700,0x0000000003C79400,DXGI,0,512,0,12.90267190000000,0.14500000000000,41.99190000000000,1,Hardware: Independent Flip,1.59360000000000,20.28870000000000,40.04750000000000,18.69510000000000,-40.46310000000000,13.54350000000000,0.00000000000000
mpc-hc64.exe,72700,0x0000000003C79400,DXGI,0,512,0,12.90287470000000,0.08450000000000,0.20280000000000,1,Hardware: Independent Flip,1.48390000000000,22.41750000000000,2.33160000000000,20.93360000000000,1.39080000000000,0.09310000000000,0.00000000000000
mpc-hc64.exe,72700,0x0000000003C79400,DXGI,0,512,0,12.94445670000000,0.15860000000000,41.58200000000000,1,Hardware: Independent Flip,1.57810000000000,1.57810000000000,20.74260000000000,0.00000000000000,-40.09810000000000,13.59200000000000,0.00000000000000
mpc-hc64.exe,72700,0x0000000003C79400,DXGI,0,512,0,12.94468980000000,0.09460000000000,0.23310000000000,1,Hardware: Independent Flip,1.42650000000000,22.22630000000000,20.88130000000000,20.79980000000000,1.34500000000000,0.08150000000000,0.00000000000000
mpc-hc64.exe,72700,0x0000000003C79400,DXGI,0,512,0,12.98558540000000,0.12720000000000,40.89560000000000,1,Hardware: Independent Flip,1.58540000000000,20.87360000000000,39.54290000000000,19.28820000000000,-39.46910000000000,13.40260000000000,0.00000000000000
mpc-hc64.exe,72700,0x0000000003C79400,DXGI,0,512,0,12.98577930000000,0.08170000000000,0.19390000000000,1,Hardware: Independent Flip,1.50300000000000,21.97310000000000,1.29340000000000,20.47010000000000,1.39150000000000,0.11150000000000,0.00000000000000
mpc-hc64.exe,72700,0x0000000003C79400,DXGI,0,512,0,13.02733950000000,0.17520000000000,41.56020000000000,1,Hardware: Independent Flip,1.60520000000000,4.90250000000000,24.48960000000000,3.29730000000000,-40.05720000000000,13.36820000000000,0.00000000000000
mpc-hc64.exe,72700,0x0000000003C79400,DXGI,0,512,0,13.02757050000000,0.08510000000000,0.23100000000000,1,Hardware: Independent Flip,1.45070000000000,22.23780000000000,17.56630000000000,20.78710000000000,1.37420000000000,0.07650000000000,0.00000000000000
mpc-hc64.exe,72700,0x0000000003C79400,DXGI,0,512,0,13.06946440000000,0.12750000000000,41.89390000000000,1,Hardware: Independent Flip,1.62550000000000,1.62550000000000,21.28160000000000,0.00000000000000,-40.44320000000000,13.50600000000000,0.00000000000000
mpc-hc64.exe,72700,0x0000000003C79400,DXGI,0,512,0,13.06964280000000,0.08000000000000,0.17840000000000,1,Hardware: Independent Flip,1.52560000000000,22.51470000000000,21.06760000000000,20.98910000000000,1.44710000000000,0.07850000000000,0.00000000000000
mpc-hc64.exe,72700,0x0000000003C79400,DXGI,0,512,0,13.11169220000000,0.18500000000000,42.04940000000000,1,Hardware: Independent Flip,1.62070000000000,1.62070000000000,21.15540000000000,0.00000000000000,-40.52380000000000,13.25320000000000,0.00000000000000
mpc-hc64.exe,72700,0x0000000003C79400,DXGI,0,512,0,13.11193300000000,0.10620000000000,0.24080000000000,1,Hardware: Independent Flip,1.45850000000000,22.46870000000000,21.08880000000000,21.01020000000000,1.37990000000000,0.07860000000000,0.00000000000000
mpc-hc64.exe,72700,0x0000000003C79400,DXGI,0,512,0,13.15255150000000,0.18420000000000,40.61850000000000,1,Hardware: Independent Flip,1.56870000000000,14.47480000000000,32.62460000000000,12.90610000000000,-39.16000000000000,13.63940000000000,0.00000000000000
mpc-hc64.exe,72700,0x0000000003C79400,DXGI,0,512,0,13.15281440000000,0.12950000000000,0.26290000000000,1,Hardware: Independent Flip,1.38540000000000,21.70070000000000,7.48880000000000,20.31530000000000,1.30580000000000,0.07960000000000,0.00000000000000
mpc-hc64.exe,72700,0x0000000003C79400,DXGI,0,512,0,13.19408370000000,0.15340000000000,41.26930000000000,1,Hardware: Independent Flip,1.61730000000000,19.71920000000000,39.28780000000000,18.10190000000000,-39.88390000000000,13.78200000000000,0.00000000000000
mpc-hc64.exe,72700,0x0000000003C79400,DXGI,0,512,0,13.19431390000000,0.08930000000000,0.23020000000000,1,Hardware: Independent Flip,1.46400000000000,22.17220000000000,2.68320000000000,20.70820000000000,1.38710000000000,0.07690000000000,0.00000000000000
mpc-hc64.exe,72700,0x0000000003C79400,DXGI,0,512,0,13.23596620000000,0.13400000000000,41.65230000000000,1,Hardware: Independent Flip,1.66860000000000,20.71150000000000,40.19160000000000,19.04290000000000,-40.18830000000001,13.60380000000000,0.00000000000000
mpc-hc64.exe,72700,0x0000000003C79400,DXGI,0,512,0,13.23615490000000,0.08270000000000,0.18870000000000,1,Hardware: Independent Flip,1.55740000000000,22.39720000000000,1.87440000000000,20.83980000000000,1.47990000000000,0.07750000000000,0.00000000000000
mpc-hc64.exe,72700,0x0000000003C79400,DXGI,0,512,0,13.27816820000000,0.15120000000000,42.01330000000000,1,Hardware: Independent Flip,1.62050000000000,20.89460000000000,40.51070000000000,19.27410000000000,-40.45590000000000,12.82580000000000,0.00000000000000
mpc-hc64.exe,72700,0x0000000003C79400,DXGI,0,512,0,13.27837350000000,0.09850000000000,0.20530000000000,1,Hardware: Independent Flip,1.48270000000000,22.46540000000000,1.77610000000000,20.98270000000000,1.41520000000000,0.06750000000000,0.00000000000000
mpc-hc64.exe,72700,0x0000000003C79400,DXGI,0,512,0,13.31911520000000,0.12560000000000,40.74170000000000,1,Hardware: Independent Flip,1.58380000000000,21.28410000000000,39.56040000000000,19.70030000000000,-39.25900000000000,13.58580000000000,0.00000000000000
mpc-hc64.exe,72700,0x0000000003C79400,DXGI,0,512,0,13.31929060000000,0.08030000000000,0.17540000000000,1,Hardware: Independent Flip,1.49110000000000,21.86870000000000,0.76000000000000,20.37760000000000,1.40840000000000,0.08270000000000,0.00000000000000
mpc-hc64.exe,72700,0x0000000003C79400,DXGI,0,512,0,13.36084690000000,0.14750000000000,41.55630000000000,1,Hardware: Independent Flip,1.60010000000000,20.10820000000000,39.79580000000000,18.50810000000000,-40.06520000000000,13.65590000000000,0.00000000000000
mpc-hc64.exe,72700,0x0000000003C79400,DXGI,0,512,0,13.36104800000000,0.08090000000000,0.20110000000000,1,Hardware: Independent Flip,1.47490000000000,22.26430000000000,2.35720000000000,20.78940000000000,1.39900000000000,0.07590000000000,0.00000000000000
mpc-hc64.exe,72700,0x0000000003C79400,DXGI,0,512,0,13.40264230000000,0.16090000000000,41.59430000000000,1,Hardware: Independent Flip,1.58830000000000,20.75590000000000,40.08590000000000,19.16760000000000,-40.11940000000000,13.78860000000000,0.00000000000000
mpc-hc64.exe,72700,0x0000000003C79400,DXGI,0,512,0,13.40285810000000,0.08120000000000,0.21580000000000,1,Hardware: Independent Flip,1.49230000000000,22.27540000000000,1.73530000000000,20.78310000000000,1.37250000000000,0.11980000000000,0.00000000000000
mpc-hc64.exe,72700,0x0000000003C79400,DXGI,0,512,0,13.44417070000000,0.15060000000000,41.31260000000000,1,Hardware: Independent Flip,1.57800000000000,13.67780000000000,32.71500000000000,12.09980000000000,-39.82030000000000,13.53090000000000,0.00000000000000
mpc-hc64.exe,72700,0x0000000003C79400,DXGI,0,512,0,13.44437580000000,0.08200000000000,0.20510000000000,1,Hardware: Independent Flip,1.45100000000000,22.10880000000000,8.63610000000000,20.65780000000000,1.37290000000000,0.07810000000000,0.00000000000000
mpc-hc64.exe,72700,0x0000000003C79400,DXGI,0,512,0,13.48585540000000,0.14550000000000,41.47960000000000,1,Hardware: Independent Flip,1.61720000000000,1.61720000000000,20.98800000000000,0.00000000000000,-40.02860000000000,13.64720000000000,0.00000000000000
mpc-hc64.exe,72700,0x0000000003C79400,DXGI,0,512,0,13.48606690000000,0.08540000000000,0.21150000000000,1,Hardware: Independent Flip,1.48060000000000,22.26080000000000,20.85510000000000,20.78020000000000,1.40570000000000,0.07490000000000,0.00000000000000
mpc-hc64.exe,72700,0x0000000003C79400,DXGI,0,512,0,13.52765080000000,0.15410000000000,41.58390000000000,1,Hardware: Independent Flip,1.63540000000000,20.83790000000000,40.16100000000000,19.20250000000000,-40.10330000000000,13.78540000000000,0.00000000000000
mpc-hc64.exe,72700,0x0000000003C79400,DXGI,0,512,0,13.52785970000000,0.08180000000000,0.20890000000000,1,Hardware: Independent Flip,1.49890000000000,22.28130000000000,1.65230000000000,20.78240000000000,1.42650000000000,0.07240000000000,0.00000000000000
mpc-hc64.exe,72700,0x0000000003C79400,DXGI,0,512,0,13.56939810000000,0.13230000000000,41.53840000000000,1,Hardware: Independent Flip,1.69110000000000,20.84770000000000,40.10480000000000,19.15660000000000,-40.03950000000000,13.87000000000000,0.00000000000000
mpc-hc64.exe,72700,0x0000000003C79400,DXGI,0,512,0,13.56958720000000,0.08140000000000,0.18910000000000,1,Hardware: Independent Flip,1.55750000000000,22.37810000000000,1.71950000000000,20.82060000000000,1.50200000000000,0.05550000000000,0.00000000000000
mpc-hc64.exe,72700,0x0000000003C79400,DXGI,0,512,0,13.61080320000000,0.19120000000000,41.21600000000000,1,Hardware: Independent Flip,1.58700000000000,20.71580000000000,39.55370000000000,19.12880000000000,-39.65850000000000,13.59630000000000,0.00000000000000
mpc-hc64.exe,72700,0x0000000003C79400,DXGI,0,512,0,13.61106370000000,0.09430000000000,0.26050000000000,1,Hardware: Independent Flip,1.40640000000000,21.98390000000000,1.52860000000000,20.57750000000000,1.32650000000000,0.07990000000000,0.00000000000000
mpc-hc64.exe,72700,0x0000000003C79400,DXGI,0,512,0,13.65248100000000,0.16880000000000,41.41730000000000,1,Hardware: Independent Flip,1.58370000000000,12.84560000000000,32.27900000000000,11.26190000000000,-40.01090000000000,13.73480000000000,0.00000000000000
mpc-hc64.exe,72700,0x0000000003C79400,DXGI,0,512,0,13.65270870000000,0.08730000000000,0.22770000000000,1,Hardware: Independent Flip,1.46310000000000,22.20360000000000,9.58570000000000,20.74050000000000,1.35600000000000,0.10710000000000,0.00000000000000
mpc-hc64.exe,72700,0x0000000003C79400,DXGI,0,512,0,13.69412050000000,0.14610000000000,41.41180000000000,1,Hardware: Independent Flip,1.64230000000000,20.63000000000000,39.83820000000000,18.98770000000000,-39.94870000000000,13.54970000000000,0.00000000000000
mpc-hc64.exe,72700,0x0000000003C79400,DXGI,0,512,0,13.69433140000000,0.08170000000000,0.21090000000000,1,Hardware: Independent Flip,1.51410000000000,22.26230000000000,1.84320000000000,20.74820000000000,1.43140000000000,0.08270000000000,0.00000000000000
mpc-hc64.exe,72700,0x0000000003C79400,DXGI,0,512,0,13.73582480000000,0.12900000000000,41.49340000000000,1,Hardware: Independent Flip,1.66570000000000,20.65060000000000,39.88170000000000,18.98490000000000,-39.97930000000000,13.54440000000000,0.00000000000000
mpc-hc64.exe,72700,0x0000000003C79400,DXGI,0,512,0,13.73600750000000,0.08900000000000,0.18270000000000,1,Hardware: Independent Flip,1.55970000000000,22.33780000000000,1.86990000000000,20.77810000000000,1.48300000000000,0.07670000000000,0.00000000000000
mpc-hc64.exe,72700,0x0000000003C79400,DXGI,0,512,0,13.77773750000000,0.15320000000000,41.73000000000000,1,Hardware: Independent Flip,1.62340000000000,20.85360000000000,40.24580000000000,19.23020000000000,-40.17030000000000,13.87210000000000,0.00000000000000
mpc-hc64.exe,72700,0x0000000003C79400,DXGI,0,512,0,13.77795610000000,0.08870000000000,0.21860000000000,1,Hardware: Independent Flip,1.45920000000000,22.31180000000000,1.67680000000000,20.85260000000000,1.40480000000000,0.05440000000000,0.00000000000000
mpc-hc64.exe,72700,0x0000000003C79400,DXGI,0,512,0,13.81944110000000,0.14890000000000,41.48500000000000,1,Hardware: Independent Flip,1.44110000000000,19.50770000000000,38.68090000000000,18.06660000000000,-40.02580000000000,13.80320000000000,0.00000000000000
mpc-hc64.exe,72700,0x0000000003C79400,DXGI,0,512,0,13.81966640000000,0.12180000000000,0.22530000000000,1,Hardware: Independent Flip,1.29340000000000,21.98200000000000,2.69960000000000,20.68860000000000,1.21580000000000,0.07760000000000,0.00000000000000
mpc-hc64.exe,72700,0x0000000003C79400,DXGI,0,512,0,13.86123600000000,0.15140000000000,41.56960000000000,1,Hardware: Independent Flip,1.62710000000000,20.65830000000000,40.24590000000000,19.03120000000000,-40.27620000000000,13.04860000000000,0.00000000000000
mpc-hc64.exe,72700,0x0000000003C79400,DXGI,0,512,0,13.86144510000000,0.08300000000000,0.20910000000000,1,Hardware: Independent Flip,1.49560000000000,22.40300000000000,1.95380000000000,20.90740000000000,1.41800000000000,0.07760000000000,0.00000000000000
mpc-hc64.exe,72700,0x0000000003C79400,DXGI,0,512,0,13.90380270000000,0.12810000000000,42.35760000000001,1,Hardware: Independent Flip,1.63660000000000,21.34420000000000,41.29880000000000,19.70760000000000,-40.86200000000000,13.51550000000000,0.00000000000000
mpc-hc64.exe,72700,0x0000000003C79400,DXGI,0,512,0,13.90398370000000,0.07860000000000,0.18100000000000,1,Hardware: Independent Flip,2.16430000000000,21.16320000000000,0.00000000000000,18.99890000000000,1.45560000000000,0.66760000000000,0.00000000000000
mpc-hc64.exe,72700,0x0000000003C79400,DXGI,0,512,0,13.94434820000000,0.20410000000000,40.36450000000000,1,Hardware: Independent Flip,1.62960000000000,8.66810000000000,27.86940000000000,7.03850000000000,-38.20020000000000,13.07950000000000,0.00000000000000
mpc-hc64.exe,72700,0x0000000003C79400,DXGI,0,512,0,13.94460790000000,0.08390000000000,0.25970000000000,1,Hardware: Independent Flip,1.44620000000000,21.26620000000000,12.85780000000000,19.82000000000000,1.36990000000000,0.07630000000000,0.00000000000000
mpc-hc64.exe,72700,0x0000000003C79400,DXGI,0,512,0,13.98596510000000,0.13700000000000,41.35720000000000,1,Hardware: Independent Flip,1.61650000000000,12.92010000000000,33.01110000000000,11.30360000000000,-39.91100000000000,13.70540000000000,0.00000000000000
mpc-hc64.exe,72700,0x0000000003C79400,DXGI,0,512,0,13.98615600000000,0.09630000000000,0.19090000000000,1,Hardware: Independent Flip,1.54760000000000,22.24420000000000,9.51500000000000,20.69660000000000,1.42560000000000,0.12200000000000,0.00000000000000
mpc-hc64.exe,72700,0x0000000003C79400,DXGI,0,512,0,14.02814800000000,0.18400000000000,41.99200000000000,1,Hardware: Independent Flip,1.62940000000000,1.62940000000000,21.37720000000000,0.00000000000000,-40.44440000000000,13.03820000000000,0.00000000000000
mpc-hc64.exe,72700,0x0000000003C79400,DXGI,0,512,0,14.02839030000000,0.08550000000000,0.24230000000000,1,Hardware: Independent Flip,1.45900000000000,22.43680000000000,21.04970000000000,20.97780000000000,1.38710000000000,0.07190000000000,0.00000000000000
mpc-hc64.exe,72700,0x0000000003C79400,DXGI,0,512,0,14.06959000000000,0.18560000000000,41.19970000000000,1,Hardware: Independent Flip,1.61050000000000,21.40680000000000,40.16970000000000,19.79630000000000,-39.74070000000000,13.95950000000000,0.00000000000000
mpc-hc64.exe,72700,0x0000000003C79400,DXGI,0,512,0,14.06983980000000,0.09280000000000,0.24980000000000,1,Hardware: Independent Flip,1.42100000000000,22.04340000000000,0.88640000000000,20.62240000000000,1.36070000000000,0.06030000000000,0.00000000000000
mpc-hc64.exe,72700,0x0000000003C79400,DXGI,0,512,0,14.11216960000000,0.19570000000000,42.32980000000000,1,Hardware: Independent Flip,1.65440000000000,1.65440000000000,21.94080000000000,0.00000000000000,-40.90880000000000,14.95380000000000,0.00000000000000
mpc-hc64.exe,72700,0x0000000003C79400,DXGI,0,512,0,14.11242400000000,0.08870000000000,0.25440000000000,1,Hardware: Independent Flip,1.47250000000000,22.68700000000000,21.28700000000000,21.21450000000000,1.40000000000000,0.07250000000000,0.00000000000000
mpc-hc64.exe,72700,0x0000000003C79400,DXGI,0,512,0,14.15461120000000,0.22240000000000,42.18720000000000,1,Hardware: Independent Flip,1.56370000000000,19.37700000000000,38.87720000000000,17.81330000000000,-40.71470000000000,13.61020000000000,0.00000000000000
mpc-hc64.exe,72700,0x0000000003C79400,DXGI,0,512,0,14.15490900000000,0.12860000000000,0.29780000000000,1,Hardware: Independent Flip,1.33490000000000,22.41270000000000,3.33350000000000,21.07780000000000,1.26590000000000,0.06900000000000,0.00000000000000
mpc-hc64.exe,72700,0x0000000003C79400,DXGI,0,512,0,14.19477360000000,0.19750000000000,39.86460000000000,1,Hardware: Independent Flip,1.61810000000000,21.29090000000000,38.74280000000000,19.67280000000000,-38.52970000000001,14.44230000000000,0.00000000000000
mpc-hc64.exe,72700,0x0000000003C79400,DXGI,0,512,0,14.19503050000000,0.09060000000000,0.25690000000000,1,Hardware: Independent Flip,2.01960000000000,21.75930000000000,0.72530000000000,19.73970000000000,1.36120000000000,0.65840000000000,0.00000000000000
mpc-hc64.exe,72700,0x0000000003C79400,DXGI,0,512,0,14.23680910000000,0.14940000000000,41.77860000000000,1,Hardware: Independent Flip,1.68020000000000,1.68020000000000,21.69950000000000,0.00000000000000,-39.75900000000000,14.20590000000000,0.00000000000000
mpc-hc64.exe,72700,0x0000000003C79400,DXGI,0,512,0,14.23701400000000,0.08530000000000,0.20490000000000,1,Hardware: Independent Flip,1.54900000000000,22.20290000000000,20.72760000000000,20.65390000000000,1.47530000000000,0.07370000000000,0.00000000000000
mpc-hc64.exe,72700,0x0000000003C79400,DXGI,0,512,0,14.27815680000000,0.21040000000000,41.14280000000000,1,Hardware: Independent Flip,1.63420000000000,1.63420000000000,20.57410000000000,0.00000000000000,-39.59380000000000,13.97740000000000,0.00000000000000
mpc-hc64.exe,72700,0x0000000003C79400,DXGI,0,512,0,14.27842880000000,0.08800000000000,0.27200000000000,1,Hardware: Independent Flip,1.43070000000000,21.98540000000000,20.62320000000000,20.55470000000000,1.36220000000000,0.06850000000000,0.00000000000000
mpc-hc64.exe,72700,0x0000000003C79400,DXGI,0,512,0,14.32013380000000,0.18310000000000,41.70500000000001,1,Hardware: Independent Flip,1.76830000000000,1.76830000000000,21.48790000000000,0.00000000000000,-40.27430000000000,14.56040000000000,0.00000000000000
mpc-hc64.exe,72700,0x0000000003C79400,DXGI,0,512,0,14.32037480000000,0.08930000000000,0.24100000000000,1,Hardware: Independent Flip,1.58690000000000,22.55430000000000,21.02700000000000,20.96740000000000,1.52730000000000,0.05960000000000,0.00000000000000
mpc-hc64.exe,72700,0x0000000003C79400,DXGI,0,512,0,14.36134280000000,0.16140000000000,40.96800000000000,1,Hardware: Independent Flip,1.69140000000000,1.69140000000000,20.10510000000000,0.00000000000000,-39.38110000000000,14.02950000000000,0.00000000000000
mpc-hc64.exe,72700,0x0000000003C79400,DXGI,0,512,0,14.36157580000000,0.08660000000000,0.23300000000000,1,Hardware: Independent Flip,1.52240000000000,22.00180000000000,20.54340000000000,20.47940000000000,1.45840000000000,0.06400000000000,0.00000000000000
mpc-hc64.exe,72700,0x0000000003C79400,DXGI,0,512,0,14.40342580000000,0.16980000000000,41.85000000000000,1,Hardware: Independent Flip,1.64690000000000,1.64690000000000,21.49510000000000,0.00000000000000,-40.32760000000000,14.41790000000000,0.00000000000000
mpc-hc64.exe,72700,0x0000000003C79400,DXGI,0,512,0,14.40365160000000,0.09230000000000,0.22580000000000,1,Hardware: Independent Flip,1.48750000000000,22.41630000000000,20.99520000000000,20.92880000000000,1.42110000000000,0.06640000000000,0.00000000000000
mpc-hc64.exe,72700,0x0000000003C79400,DXGI,0,512,0,14.44485030000000,0.20370000000000,41.19870000000000,1,Hardware: Independent Flip,1.67120000000000,1.67120000000000,20.45360000000000,0.00000000000000,-39.71120000000001,14.11630000000000,0.00000000000000
mpc-hc64.exe,72700,0x0000000003C79400,DXGI,0,512,0,14.44511270000000,0.08780000000000,0.26240000000000,1,Hardware: Independent Flip,1.47040000000000,22.10710000000000,20.69830000000000,20.63670000000000,1.40880000000000,0.06160000000000,0.00000000000000
mpc-hc64.exe,72700,0x0000000003C79400,DXGI,0,512,0,14.48656690000000,0.14110000000000,41.45420000000000,1,Hardware: Independent Flip,1.62120000000000,1.62120000000000,20.96830000000000,0.00000000000000,-39.98380000000000,13.19810000000000,0.00000000000000
mpc-hc64.exe,72700,0x0000000003C79400,DXGI,0,512,0,14.48676210000000,0.08410000000000,0.19520000000000,1,Hardware: Independent Flip,1.49470000000000,22.23570000000000,20.80970000000000,20.74100000000000,1.42600000000000,0.06870000000000,0.00000000000000
mpc-hc64.exe,72700,0x0000000003C79400,DXGI,0,512,0,14.52830240000000,0.16450000000000,41.54030000000000,1,Hardware: Independent Flip,1.63470000000000,1.63470000000000,20.93930000000000,0.00000000000000,-40.04560000000000,13.04650000000000,0.00000000000000
mpc-hc64.exe,72700,0x0000000003C79400,DXGI,0,512,0,14.52852530000000,0.08600000000000,0.22290000000000,1,Hardware: Independent Flip,1.48600000000000,22.27230000000000,20.86050000000000,20.78630000000000,1.41180000000000,0.07420000000000,0.00000000000000
mpc-hc64.exe,72700,0x0000000003C79400,DXGI,0,512,0,14.56957330000000,0.17830000000000,41.04800000000000,1,Hardware: Independent Flip,1.62320000000000,1.62320000000000,20.39890000000000,0.00000000000000,-39.56200000000000,13.99230000000000,0.00000000000000
mpc-hc64.exe,72700,0x0000000003C79400,DXGI,0,512,0,14.56980550000000,0.08540000000000,0.23220000000000,1,Hardware: Independent Flip,1.45530000000000,21.99790000000000,20.60690000000000,20.54260000000000,1.39100000000000,0.06430000000000,0.00000000000000
mpc-hc64.exe,72700,0x0000000003C79400,DXGI,0,512,0,14.61085130000000,0.39000000000000,41.04580000000000,1,Hardware: Independent Flip,1.60070000000000,1.60070000000000,20.64860000000000,0.00000000000000,-39.59050000000000,13.54870000000000,0.00000000000000
mpc-hc64.exe,72700,0x0000000003C79400,DXGI,0,512,0,14.61133380000000,0.15000000000000,0.48250000000000,1,Hardware: Independent Flip,1.19960000000000,21.74550000000000,20.62730000000000,20.54590000000000,1.11820000000000,0.08140000000000,0.00000000000000
mpc-hc64.exe,72700,0x0000000003C79400,DXGI,0,512,0,14.65473830000000,0.19260000000000,43.40450000000000,1,Hardware: Independent Flip,1.37000000000000,19.84560000000000,41.50460000000000,18.47560000000000,-42.20490000000000,14.12860000000000,0.00000000000000
mpc-hc64.exe,72700,0x0000000003C79400,DXGI,0,512,0,14.65502210000000,0.11360000000000,0.28380000000000,1,Hardware: Independent Flip,1.15250000000000,22.88360000000000,3.32180000000000,21.73110000000000,1.08620000000000,0.06630000000000,0.00000000000000
mpc-hc64.exe,72700,0x0000000003C79400,DXGI,0,512,0,14.69422720000000,0.14880000000000,39.20510000000000,1,Hardware: Independent Flip,1.67700000000000,22.62590000000000,38.94740000000000,20.94890000000000,-38.05260000000001,14.75050000000000,0.00000000000000
mpc-hc64.exe,72700,0x0000000003C79400,DXGI,0,512,0,14.69444420000000,0.09570000000000,0.21700000000000,1,Hardware: Independent Flip,1.53810000000000,22.40890000000000,0.00000000000000,20.87080000000000,1.46000000000000,0.07810000000000,0.00000000000000
mpc-hc64.exe,72700,0x0000000003C79400,DXGI,0,512,0,14.73607720000000,0.26330000000000,41.63300000000000,1,Hardware: Independent Flip,1.65970000000000,19.83560000000000,39.05970000000000,18.17590000000000,-40.09490000000000,13.23830000000000,0.00000000000000
mpc-hc64.exe,72700,0x0000000003C79400,DXGI,0,512,0,14.73646350000000,0.15190000000000,0.38630000000000,1,Hardware: Independent Flip,1.38280000000000,22.19250000000000,2.74320000000000,20.80970000000000,1.27340000000000,0.10940000000000,0.00000000000000
mpc-hc64.exe,72700,0x0000000003C79400,DXGI,0,512,0,14.77752000000000,0.15010000000000,41.05650000000000,1,Hardware: Independent Flip,1.62640000000000,14.02940000000000,32.89340000000000,12.40300000000000,-39.67370000000000,13.94440000000000,0.00000000000000
mpc-hc64.exe,72700,0x0000000003C79400,DXGI,0,512,0,14.77773020000000,0.09050000000000,0.21020000000000,1,Hardware: Independent Flip,1.49290000000000,22.09820000000000,8.27900000000000,20.60530000000000,1.41620000000000,0.07670000000000,0.00000000000000
mpc-hc64.exe,72700,0x0000000003C79400,DXGI,0,512,0,14.81918740000000,0.14270000000000,41.45720000000000,1,Hardware: Independent Flip,1.57770000000000,20.32110000000000,39.68010000000000,18.74340000000000,-39.96430000000000,13.57700000000000,0.00000000000000
mpc-hc64.exe,72700,0x0000000003C79400,DXGI,0,512,0,14.81938460000000,0.08050000000000,0.19720000000000,1,Hardware: Independent Flip,1.45580000000000,22.18360000000000,2.05970000000000,20.72780000000000,1.38050000000000,0.07530000000000,0.00000000000000
mpc-hc64.exe,72700,0x0000000003C79400,DXGI,0,512,0,14.86136700000000,0.40950000000000,41.98240000000001,1,Hardware: Independent Flip,1.45050000000000,20.45170000000000,40.25050000000000,19.00120000000000,-40.52660000000000,13.54000000000000,0.00000000000000
mpc-hc64.exe,72700,0x0000000003C79400,DXGI,0,512,0,14.86185800000000,0.16110000000000,0.49100000000000,1,Hardware: Independent Flip,1.00830000000000,21.96510000000000,2.00440000000000,20.95680000000000,0.95950000000000,0.04880000000000,0.00000000000000
mpc-hc64.exe,72700,0x0000000003C79400,DXGI,0,512,0,14.90276010000000,0.12770000000000,40.90210000000000,1,Hardware: Independent Flip,1.67660000000000,1.67660000000000,20.61360000000000,0.00000000000000,-39.89380000000000,14.48770000000000,0.00000000000000
mpc-hc64.exe,72700,0x0000000003C79400,DXGI,0,512,0,14.90294030000000,0.10160000000000,0.18020000000000,1,Hardware: Independent Flip,1.57320000000000,22.31210000000000,20.81570000000000,20.73890000000000,1.49640000000000,0.07680000000000,0.00000000000000
mpc-hc64.exe,72700,0x0000000003C79400,DXGI,0,512,0,14.94409440000000,0.16840000000000,41.15410000000000,1,Hardware: Independent Flip,1.57650000000000,20.92440000000000,39.76640000000000,19.34790000000000,-39.58090000000000,13.36800000000000,0.00000000000000
mpc-hc64.exe,72700,0x0000000003C79400,DXGI,0,512,0,14.94431780000000,0.08110000000000,0.22340000000000,1,Hardware: Independent Flip,1.42970000000000,21.96290000000000,1.26190000000000,20.53320000000000,1.35310000000000,0.07660000000000,0.00000000000000
mpc-hc64.exe,72700,0x0000000003C79400,DXGI,0,512,0,14.98600350000000,0.16820000000000,41.68570000000000,1,Hardware: Independent Flip,1.57360000000000,13.25160000000000,32.97440000000000,11.67800000000000,-40.25600000000000,13.76120000000000,0.00000000000000
mpc-hc64.exe,72700,0x0000000003C79400,DXGI,0,512,0,14.98623110000000,0.10440000000000,0.22760000000000,1,Hardware: Independent Flip,1.42630000000000,22.29370000000000,9.26970000000000,20.86740000000000,1.34600000000000,0.08030000000000,0.00000000000000
mpc-hc64.exe,72700,0x0000000003C79400,DXGI,0,512,0,15.02770270000000,0.19460000000000,41.47160000000000,1,Hardware: Independent Flip,1.62870000000000,6.96160000000000,26.13950000000000,5.33290000000000,-40.04530000000000,13.98770000000000,0.00000000000000
mpc-hc64.exe,72700,0x0000000003C79400,DXGI,0,512,0,15.02795230000000,0.08350000000000,0.24960000000000,1,Hardware: Independent Flip,1.45470000000000,22.20290000000000,15.49090000000000,20.74820000000000,1.37910000000000,0.07560000000000,0.00000000000000
mpc-hc64.exe,72700,0x0000000003C79400,DXGI,0,512,0,15.06960270000000,0.14780000000000,41.65040000000000,1,Hardware: Independent Flip,1.70220000000000,1.70220000000000,21.14970000000000,0.00000000000000,-40.19570000000000,14.15410000000000,0.00000000000000
mpc-hc64.exe,72700,0x0000000003C79400,DXGI,0,512,0,15.06981940000000,0.13780000000000,0.21670000000000,1,Hardware: Independent Flip,1.55910000000000,22.45190000000000,20.96640000000000,20.89280000000000,1.48550000000000,0.07360000000000,0.00000000000000
mpc-hc64.exe,72700,0x0000000003C79400,DXGI,0,512,0,15.11086420000000,0.22140000000000,41.04480000000000,1,Hardware: Independent Flip,1.59510000000000,21.23730000000000,39.83020000000000,19.64220000000000,-39.48570000000000,13.51370000000000,0.00000000000000
mpc-hc64.exe,72700,0x0000000003C79400,DXGI,0,512,0,15.11114650000000,0.10400000000000,0.28230000000000,1,Hardware: Independent Flip,1.38230000000000,21.87850000000000,0.92350000000000,20.49620000000000,1.31280000000000,0.06950000000000,0.00000000000000
mpc-hc64.exe,72700,0x0000000003C79400,DXGI,0,512,0,15.15350540000000,0.17810000000000,42.35890000000001,1,Hardware: Independent Flip,1.63950000000000,1.63950000000000,22.11990000000000,0.00000000000000,-40.97660000000000,12.87600000000000,0.00000000000000
mpc-hc64.exe,72700,0x0000000003C79400,DXGI,0,512,0,15.15373930000000,0.16190000000000,0.23390000000000,1,Hardware: Independent Flip,1.47520000000000,22.72020000000000,21.31460000000000,21.24500000000000,1.40560000000000,0.06960000000000,0.00000000000000
mpc-hc64.exe,72700,0x0000000003C79400,DXGI,0,512,0,15.19504990000000,0.19310000000000,41.31060000000000,1,Hardware: Independent Flip,1.64470000000000,1.64470000000000,20.23510000000000,0.00000000000000,-39.83540000000000,14.43670000000000,0.00000000000000
mpc-hc64.exe,72700,0x0000000003C79400,DXGI,0,512,0,15.19530270000000,0.08390000000000,0.25280000000000,1,Hardware: Independent Flip,1.45760000000000,22.13380000000000,20.74190000000000,20.67620000000000,1.39190000000000,0.06570000000000,0.00000000000000
mpc-hc64.exe,72700,0x0000000003C79400,DXGI,0,512,0,15.23606260000000,0.13320000000000,40.75990000000000,1,Hardware: Independent Flip,1.64210000000000,14.20980000000000,32.83590000000000,12.56770000000000,-39.30230000000000,13.79560000000000,0.00000000000000
mpc-hc64.exe,72700,0x0000000003C79400,DXGI,0,512,0,15.23625150000000,0.08300000000000,0.18890000000000,1,Hardware: Independent Flip,1.53420000000000,21.91600000000000,7.89510000000000,20.38180000000000,1.45320000000000,0.08100000000000,0.00000000000000
mpc-hc64.exe,72700,0x0000000003C79400,DXGI,0,512,0,15.27768340000000,0.15600000000000,41.43190000000000,1,Hardware: Independent Flip,1.67290000000000,20.37990000000000,39.89580000000000,18.70700000000000,-39.89770000000000,13.53600000000000,0.00000000000000
mpc-hc64.exe,72700,0x0000000003C79400,DXGI,0,512,0,15.27789650000000,0.09990000000000,0.21310000000000,1,Hardware: Independent Flip,1.53580000000000,22.23160000000000,2.06480000000000,20.69580000000000,1.45980000000000,0.07600000000000,0.00000000000000
mpc-hc64.exe,72700,0x0000000003C79400,DXGI,0,512,0,15.31924590000000,0.14440000000000,41.34940000000000,1,Hardware: Independent Flip,1.63320000000000,20.73130000000000,39.84910000000000,19.09810000000000,-39.81360000000000,13.53200000000000,0.00000000000000
mpc-hc64.exe,72700,0x0000000003C79400,DXGI,0,512,0,15.31945020000000,0.08590000000000,0.20430000000000,1,Hardware: Independent Flip,1.57220000000000,22.22060000000000,1.69360000000000,20.64840000000000,1.42890000000000,0.14330000000000,0.00000000000000
mpc-hc64.exe,72700,0x0000000003C79400,DXGI,0,512,0,15.36107590000000,0.15260000000000,41.62570000000000,1,Hardware: Independent Flip,1.64550000000000,20.71640000000000,40.12150000000000,19.07090000000000,-40.05350000000000,13.54000000000000,0.00000000000000
mpc-hc64.exe,72700,0x0000000003C79400,DXGI,0,512,0,15.36128660000000,0.08270000000000,0.21070000000000,1,Hardware: Independent Flip,1.50520000000000,22.31000000000000,1.80430000000000,20.80480000000000,1.43480000000000,0.07040000000000,0.00000000000000
mpc-hc64.exe,72700,0x0000000003C79400,DXGI,0,512,0,15.40290960000000,0.13290000000000,41.62300000000000,1,Hardware: Independent Flip,1.88300000000000,21.13090000000000,40.44390000000000,19.24790000000000,-40.11780000000000,13.96230000000000,0.00000000000000
mpc-hc64.exe,72700,0x0000000003C79400,DXGI,0,512,0,15.40309850000000,0.08680000000000,0.18890000000000,1,Hardware: Independent Flip,1.91610000000000,22.78450000000000,1.84250000000000,20.86840000000000,1.69410000000000,0.22200000000000,0.00000000000000
mpc-hc64.exe,72700,0x0000000003C79400,DXGI,0,512,0,15.44447330000000,0.15830000000000,41.37480000000000,1,Hardware: Independent Flip,1.67670000000000,20.46630000000000,39.05660000000000,18.78960000000000,-39.45870000000000,13.38270000000000,0.00000000000000
mpc-hc64.exe,72700,0x0000000003C79400,DXGI,0,512,0,15.44469200000000,0.08190000000000,0.21870000000000,1,Hardware: Independent Flip,1.51770000000000,22.04030000000000,1.79270000000000,20.52260000000000,1.45800000000000,0.05970000000000,0.00000000000000
mpc-hc64.exe,72700,0x0000000003C79400,DXGI,0,512,0,15.48599950000000,0.13320000000000,41.30750000000000,1,Hardware: Independent Flip,1.58440000000000,20.47230000000000,39.73950000000000,18.88790000000000,-39.78980000000000,13.59680000000000,0.00000000000000
mpc-hc64.exe,72700,0x0000000003C79400,DXGI,0,512,0,15.48618700000000,0.08520000000000,0.18750000000000,1,Hardware: Independent Flip,1.47290000000000,22.11620000000000,1.83140000000000,20.64330000000000,1.39690000000000,0.07600000000000,0.00000000000000
mpc-hc64.exe,72700,0x0000000003C79400,DXGI,0,512,0,15.52814080000000,0.14930000000000,41.95380000000000,1,Hardware: Independent Flip,1.65630000000000,1.65630000000000,21.49390000000000,0.00000000000000,-40.48090000000001,14.15840000000000,0.00000000000000
mpc-hc64.exe,72700,0x0000000003C79400,DXGI,0,512,0,15.52834420000000,0.08260000000000,0.20340000000000,1,Hardware: Independent Flip,1.66520000000000,22.60560000000000,21.15270000000000,20.94040000000000,1.45290000000000,0.21230000000000,0.00000000000000
mpc-hc64.exe,72700,0x0000000003C79400,DXGI,0,512,0,15.56929550000000,0.13030000000000,40.95130000000000,1,Hardware: Independent Flip,1.63740000000000,20.44480000000000,38.79050000000000,18.80740000000000,-39.28610000000000,13.45140000000000,0.00000000000000
mpc-hc64.exe,72700,0x0000000003C79400,DXGI,0,512,0,15.56948070000000,0.08200000000000,0.18520000000000,1,Hardware: Independent Flip,1.53550000000000,21.95080000000000,1.69120000000000,20.41530000000000,1.45220000000000,0.08330000000000,0.00000000000000
mpc-hc64.exe,72700,0x0000000003C79400,DXGI,0,512,0,15.61097070000000,0.16920000000000,41.49000000000000,1,Hardware: Independent Flip,1.60530000000000,20.17550000000000,39.71470000000000,18.57020000000000,-39.95450000000000,13.59720000000000,0.00000000000000
mpc-hc64.exe,72700,0x0000000003C79400,DXGI,0,512,0,15.61119780000000,0.08330000000000,0.22710000000000,1,Hardware: Independent Flip,1.45490000000000,22.19170000000000,2.24330000000000,20.73680000000000,1.37820000000000,0.07670000000000,0.00000000000000
mpc-hc64.exe,72700,0x0000000003C79400,DXGI,0,512,0,15.65293300000000,0.14740000000000,41.73520000000000,1,Hardware: Independent Flip,1.62970000000000,20.75460000000000,40.29810000000001,19.12490000000000,-40.28030000000000,13.61850000000000,0.00000000000000
mpc-hc64.exe,72700,0x0000000003C79400,DXGI,0,512,0,15.65313570000000,0.08140000000000,0.20270000000000,1,Hardware: Independent Flip,1.50960000000000,22.41740000000000,1.86550000000000,20.90780000000000,1.42700000000000,0.08260000000000,0.00000000000000
mpc-hc64.exe,72700,0x0000000003C79400,DXGI,0,512,0,15.69461020000000,0.15440000000000,41.47450000000000,1,Hardware: Independent Flip,1.66980000000000,1.66980000000000,20.72690000000000,0.00000000000000,-39.96490000000000,13.87880000000000,0.00000000000000
mpc-hc64.exe,72700,0x0000000003C79400,DXGI,0,512,0,15.69481880000000,0.08070000000000,0.20860000000000,1,Hardware: Independent Flip,1.52460000000000,22.28620000000000,20.82500000000000,20.76160000000000,1.46120000000000,0.06340000000000,0.00000000000000
mpc-hc64.exe,72700,0x0000000003C79400,DXGI,0,512,0,15.73588630000000,0.18380000000000,41.06750000000000,1,Hardware: Independent Flip,1.61560000000000,14.12150000000000,32.90280000000000,12.50590000000000,-39.54290000000000,13.74430000000000,0.00000000000000
mpc-hc64.exe,72700,0x0000000003C79400,DXGI,0,512,0,15.73612570000000,0.08600000000000,0.23940000000000,1,Hardware: Independent Flip,1.45240000000000,21.99150000000000,8.10940000000000,20.53910000000000,1.37620000000000,0.07620000000000,0.00000000000000
mpc-hc64.exe,72700,0x0000000003C79400,DXGI,0,512,0,15.78367090000000,0.15140000000000,47.54520000000000,1,Hardware: Independent Flip,1.63920000000000,20.55160000000000,46.10530000000000,18.91240000000000,-46.09280000000000,13.77670000000000,0.00000000000000
mpc-hc64.exe,72700,0x0000000003C79400,DXGI,0,512,0,15.78387850000000,0.09990000000000,0.20760000000000,1,Hardware: Independent Flip,1.50770000000000,25.32920000000000,4.98520000000000,23.82150000000000,1.43160000000000,0.07610000000000,0.00000000000000
mpc-hc64.exe,72700,0x0000000003C79400,DXGI,0,512,0,15.81937020000000,0.14040000000000,35.49170000000000,1,Hardware: Independent Flip,1.68920000000000,23.06000000000000,33.22250000000000,21.37080000000000,-33.98400000000000,13.64510000000000,0.00000000000000
mpc-hc64.exe,72700,0x0000000003C79400,DXGI,0,512,0,15.81956380000000,0.08310000000000,0.19360000000000,1,Hardware: Independent Flip,1.56870000000000,22.86640000000000,0.00000000000000,21.29770000000000,1.49560000000000,0.07310000000000,0.00000000000000
mpc-hc64.exe,72700,0x0000000003C79400,DXGI,0,512,0,15.86192620000000,0.14970000000000,42.36240000000000,1,Hardware: Independent Flip,1.66790000000000,1.66790000000000,21.16390000000000,0.00000000000000,-40.79370000000000,14.65580000000000,0.00000000000000
mpc-hc64.exe,72700,0x0000000003C79400,DXGI,0,512,0,15.86214430000000,0.08540000000000,0.21810000000000,1,Hardware: Independent Flip,1.51270000000000,22.68890000000000,21.23910000000000,21.17620000000000,1.44980000000000,0.06290000000000,0.00000000000000
mpc-hc64.exe,72700,0x0000000003C79400,DXGI,0,512,0,15.90246700000000,0.13580000000000,40.32270000000000,1,Hardware: Independent Flip,1.63380000000000,21.24830000000000,38.88210000000000,19.61450000000000,-38.81000000000000,13.53690000000000,0.00000000000000
mpc-hc64.exe,72700,0x0000000003C79400,DXGI,0,512,0,15.90265540000000,0.08200000000000,0.18840000000000,1,Hardware: Independent Flip,1.52130000000000,21.69830000000000,0.63840000000000,20.17700000000000,1.44540000000000,0.07590000000000,0.00000000000000
mpc-hc64.exe,72700,0x0000000003C79400,DXGI,0,512,0,15.94419800000000,0.14570000000000,41.54260000000000,1,Hardware: Independent Flip,1.67200000000000,19.92130000000000,39.76560000000000,18.24930000000000,-40.02130000000000,13.51320000000000,0.00000000000000
mpc-hc64.exe,72700,0x0000000003C79400,DXGI,0,512,0,15.94441150000000,0.08300000000000,0.21350000000000,1,Hardware: Independent Flip,1.53200000000000,22.33620000000000,2.62840000000000,20.80420000000000,1.45850000000000,0.07350000000000,0.00000000000000
mpc-hc64.exe,72700,0x0000000003C79400,DXGI,0,512,0,15.98593790000000,0.12980000000000,41.52640000000000,1,Hardware: Independent Flip,1.66510000000000,20.72800000000000,39.91820000000000,19.06290000000000,-39.99440000000000,13.58060000000000,0.00000000000000
mpc-hc64.exe,72700,0x0000000003C79400,DXGI,0,512,0,15.98612220000000,0.08700000000000,0.18430000000000,1,Hardware: Independent Flip,1.61970000000000,22.37660000000000,1.83290000000000,20.75690000000000,1.48080000000000,0.13890000000000,0.00000000000000
mpc-hc64.exe,72700,0x0000000003C79400,DXGI,0,512,0,16.02775140000000,0.21980000000000,41.62920000000000,1,Hardware: Independent Flip,1.63740000000000,20.79960000000000,40.05220000000000,19.16220000000000,-40.00950000000000,13.61970000000000,0.00000000000000
mpc-hc64.exe,72700,0x0000000003C79400,DXGI,0,512,0,16.02804150000000,0.09360000000000,0.29010000000000,1,Hardware: Independent Flip,1.43170000000000,22.16620000000000,1.65670000000000,20.73450000000000,1.34730000000000,0.08440000000000,0.00000000000000
mpc-hc64.exe,72700,0x0000000003C79400,DXGI,0,512,0,16.06929090000000,0.13690000000000,41.24940000000000,1,Hardware: Independent Flip,1.60850000000000,1.60850000000000,20.69170000000000,0.00000000000000,-39.81770000000000,13.55100000000000,0.00000000000000
mpc-hc64.exe,72700,0x0000000003C79400,DXGI,0,512,0,16.06948200000000,0.08260000000000,0.19110000000000,1,Hardware: Independent Flip,1.47780000000000,22.13760000000000,20.72020000000000,20.65980000000000,1.41740000000000,0.06040000000000,0.00000000000000
mpc-hc64.exe,72700,0x0000000003C79400,DXGI,0,512,0,16.11067410000000,0.15460000000000,41.19210000000000,1,Hardware: Independent Flip,1.59890000000000,12.76210000000000,31.81660000000000,11.16320000000000,-39.71430000000000,13.43550000000000,0.00000000000000
mpc-hc64.exe,72700,0x0000000003C79400,DXGI,0,512,0,16.11090330000000,0.09610000000000,0.22920000000000,1,Hardware: Independent Flip,1.44660000000000,22.05780000000000,9.52490000000000,20.61120000000000,1.36970000000000,0.07690000000000,0.00000000000000
mpc-hc64.exe,72700,0x0000000003C79400,DXGI,0,512,0,16.15409960000000,0.17330000000000,43.19630000000000,1,Hardware: Independent Flip,1.62910000000000,1.62910000000000,22.76760000000000,0.00000000000000,-41.74970000000000,13.49900000000000,0.00000000000000
mpc-hc64.exe,72700,0x0000000003C79400,DXGI,0,512,0,16.15433940000000,0.25390000000000,0.23980000000000,1,Hardware: Independent Flip,1.67170000000000,23.19470000000000,21.80540000000000,21.52300000000000,1.38930000000000,0.28240000000000,0.00000000000000
mpc-hc64.exe,72700,0x0000000003C79400,DXGI,0,512,0,16.19485420000000,0.20190000000000,40.51480000000000,1,Hardware: Independent Flip,1.65830000000000,1.65830000000000,18.97840000000000,0.00000000000000,-38.84310000000000,13.97840000000000,0.00000000000000
mpc-hc64.exe,72700,0x0000000003C79400,DXGI,0,512,0,16.19515410000000,0.11950000000000,0.29990000000000,1,Hardware: Independent Flip,1.42160000000000,21.61470000000000,20.25630000000000,20.19310000000000,1.35840000000000,0.06320000000000,0.00000000000000
mpc-hc64.exe,72700,0x0000000003C79400,DXGI,0,512,0,16.23583120000000,0.14230000000000,40.67710000000000,1,Hardware: Independent Flip,1.59380000000000,6.51740000000000,25.57980000000000,4.92360000000000,-39.25550000000000,13.57200000000000,0.00000000000000
mpc-hc64.exe,72700,0x0000000003C79400,DXGI,0,512,0,16.23602890000000,0.08300000000000,0.19770000000000,1,Hardware: Independent Flip,1.47560000000000,21.85230000000000,15.53260000000000,20.37670000000000,1.39610000000000,0.07950000000000,0.00000000000000
mpc-hc64.exe,72700,0x0000000003C79400,DXGI,0,512,0,16.27828410000000,0.15500000000000,42.25520000000000,1,Hardware: Independent Flip,1.68630000000000,20.09020000000000,40.49310000000001,18.40390000000000,-40.77960000000000,13.12210000000000,0.00000000000000
mpc-hc64.exe,72700,0x0000000003C79400,DXGI,0,512,0,16.27850050000000,0.08390000000000,0.21640000000000,1,Hardware: Independent Flip,1.53190000000000,22.71140000000000,2.83760000000000,21.17950000000000,1.46990000000000,0.06200000000000,0.00000000000000
mpc-hc64.exe,72700,0x0000000003C79400,DXGI,0,512,0,16.31963950000000,0.14370000000000,41.13900000000000,1,Hardware: Independent Flip,1.65730000000000,1.65730000000000,20.08490000000000,0.00000000000000,-39.60710000000000,13.78710000000000,0.00000000000000
mpc-hc64.exe,72700,0x0000000003C79400,DXGI,0,512,0,16.31983710000000,0.08350000000000,0.19760000000000,1,Hardware: Independent Flip,1.52010000000000,22.09920000000000,20.63950000000000,20.57910000000000,1.45970000000000,0.06040000000000,0.00000000000000
mpc-hc64.exe,72700,0x0000000003C79400,DXGI,0,512,0,16.36165500000000,0.16430000000000,41.81790000000000,1,Hardware: Independent Flip,1.65550000000000,1.65550000000000,21.37420000000000,0.00000000000000,-40.29780000000000,14.46220000000000,0.00000000000000
mpc-hc64.exe,72700,0x0000000003C79400,DXGI,0,512,0,16.36187690000000,0.08810000000000,0.22190000000000,1,Hardware: Independent Flip,1.49550000000000,22.41790000000000,20.98430000000000,20.92240000000000,1.43360000000000,0.06190000000000,0.00000000000000
mpc-hc64.exe,72700,0x0000000003C79400,DXGI,0,512,0,16.40321480000000,0.14330000000000,41.33790000000000,1,Hardware: Independent Flip,1.78730000000000,1.78730000000000,20.70730000000000,0.00000000000000,-39.84240000000000,14.43470000000000,0.00000000000000
mpc-hc64.exe,72700,0x0000000003C79400,DXGI,0,512,0,16.40341400000000,0.08360000000000,0.19920000000000,1,Hardware: Independent Flip,1.64880000000000,22.40630000000000,20.81820000000000,20.75750000000000,1.58810000000000,0.06070000000000,0.00000000000000
mpc-hc64.exe,72700,0x0000000003C79400,DXGI,0,512,0,16.44530170000000,0.17580000000000,41.88770000000000,1,Hardware: Independent Flip,1.68420000000000,1.68420000000000,21.16560000000000,0.00000000000000,-40.23890000000000,13.19360000000000,0.00000000000000
mpc-hc64.exe,72700,0x0000000003C79400,DXGI,0,512,0,16.44553460000000,0.09070000000000,0.23290000000000,1,Hardware: Independent Flip,1.52200000000000,22.42120000000000,20.96990000000000,20.89920000000000,1.45130000000000,0.07070000000000,0.00000000000000
mpc-hc64.exe,72700,0x0000000003C79400,DXGI,0,512,0,16.48644960000000,0.14210000000000,40.91500000000000,1,Hardware: Independent Flip,1.70200000000000,1.70200000000000,20.19580000000000,0.00000000000000,-39.39300000000000,14.18490000000000,0.00000000000000
mpc-hc64.exe,72700,0x0000000003C79400,DXGI,0,512,0,16.48664940000000,0.08660000000000,0.19980000000000,1,Hardware: Independent Flip,1.56810000000000,22.05770000000000,20.55550000000000,20.48960000000000,1.50220000000000,0.06590000000000,0.00000000000000
mpc-hc64.exe,72700,0x0000000003C79400,DXGI,0,512,0,16.52915340000000,0.16640000000000,42.50400000000000,1,Hardware: Independent Flip,1.91130000000000,21.10760000000000,41.55390000000000,19.19630000000000,-40.93590000000000,14.32930000000000,0.00000000000000
mpc-hc64.exe,72700,0x0000000003C79400,DXGI,0,512,0,16.52938680000000,0.23020000000000,0.23340000000000,1,Hardware: Independent Flip,2.10970000000000,20.87420000000000,0.00000000000000,18.76450000000000,1.67790000000000,0.43180000000000,0.00000000000000
mpc-hc64.exe,72700,0x0000000003C79400,DXGI,0,512,0,16.56988770000000,0.17240000000000,40.50090000000000,1,Hardware: Independent Flip,1.66010000000000,1.66010000000000,21.28680000000000,0.00000000000000,-38.39120000000000,13.67430000000000,0.00000000000000
mpc-hc64.exe,72700,0x0000000003C79400,DXGI,0,512,0,16.57011520000000,0.08590000000000,0.22750000000000,1,Hardware: Independent Flip,1.49440000000000,21.46640000000000,20.03380000000000,19.97200000000000,1.43260000000000,0.06180000000000,0.00000000000000
mpc-hc64.exe,72700,0x0000000003C79400,DXGI,0,512,0,16.61175210000000,0.15800000000000,41.63690000000000,1,Hardware: Independent Flip,1.69450000000000,1.69450000000000,21.86500000000000,0.00000000000000,-40.14250000000001,14.21350000000000,0.00000000000000
mpc-hc64.exe,72700,0x0000000003C79400,DXGI,0,512,0,16.61196500000000,0.08500000000000,0.21290000000000,1,Hardware: Independent Flip,1.54630000000000,22.40870000000000,20.92710000000000,20.86240000000000,1.48160000000000,0.06470000000000,0.00000000000000
mpc-hc64.exe,72700,0x0000000003C79400,DXGI,0,512,0,16.65300950000000,0.15230000000000,41.04450000000000,1,Hardware: Independent Flip,1.65870000000000,21.64320000000000,40.27900000000000,19.98450000000000,-39.49820000000000,14.09430000000000,0.00000000000000
mpc-hc64.exe,72700,0x0000000003C79400,DXGI,0,512,0,16.65322140000000,0.09010000000000,0.21190000000000,1,Hardware: Independent Flip,1.52500000000000,22.05800000000000,0.62670000000000,20.53300000000000,1.44680000000000,0.07820000000000,0.00000000000000
mpc-hc64.exe,72700,0x0000000003C79400,DXGI,0,512,0,16.69476910000000,0.16230000000000,41.54770000000000,1,Hardware: Independent Flip,1.64440000000000,20.68870000000000,40.17840000000000,19.04430000000000,-40.02270000000000,14.08660000000000,0.00000000000000
mpc-hc64.exe,72700,0x0000000003C79400,DXGI,0,512,0,16.69499940000000,0.08240000000000,0.23030000000000,1,Hardware: Independent Flip,1.48050000000000,22.26030000000000,1.80190000000000,20.77980000000000,1.41410000000000,0.06640000000000,0.00000000000000
mpc-hc64.exe,72700,0x0000000003C79400,DXGI,0,512,0,16.73693840000000,0.12780000000000,41.93900000000000,1,Hardware: Independent Flip,1.68480000000000,21.16670000000000,40.84540000000001,19.48190000000000,-40.45850000000000,14.52740000000000,0.00000000000000
mpc-hc64.exe,72700,0x0000000003C79400,DXGI,0,512,0,16.73711940000000,0.08550000000000,0.18100000000000,1,Hardware: Independent Flip,1.58240000000000,22.60750000000000,1.62180000000000,21.02510000000000,1.50380000000000,0.07860000000000,0.00000000000000
mpc-hc64.exe,72700,0x0000000003C79400,DXGI,0,512,0,16.77807010000000,0.17060000000000,40.95070000000000,1,Hardware: Independent Flip,1.65240000000000,15.15880000000000,33.50200000000000,13.50640000000000,-39.36830000000000,13.95320000000000,0.00000000000000
mpc-hc64.exe,72700,0x0000000003C79400,DXGI,0,512,0,16.77830860000000,0.08960000000000,0.23850000000000,1,Hardware: Independent Flip,1.47920000000000,21.93960000000000,7.01930000000000,20.46040000000000,1.41390000000000,0.06530000000000,0.00000000000000
mpc-hc64.exe,72700,0x0000000003C79400,DXGI,0,512,0,16.81949390000000,0.12940000000000,41.18530000000001,1,Hardware: Independent Flip,1.67650000000000,1.67650000000000,20.92220000000000,0.00000000000000,-39.70610000000000,14.03430000000000,0.00000000000000
mpc-hc64.exe,72700,0x0000000003C79400,DXGI,0,512,0,16.81967480000000,0.07980000000000,0.18090000000000,1,Hardware: Independent Flip,1.57440000000000,22.22040000000000,20.72480000000000,20.64600000000000,1.49560000000000,0.07880000000000,0.00000000000000
mpc-hc64.exe,72700,0x0000000003C79400,DXGI,0,512,0,16.86117710000000,0.16080000000000,41.50230000000001,1,Hardware: Independent Flip,1.67500000000000,20.92820000000000,40.21010000000000,19.25320000000000,-39.92790000000000,13.80420000000000,0.00000000000000
mpc-hc64.exe,72700,0x0000000003C79400,DXGI,0,512,0,16.86139230000000,0.08290000000000,0.21520000000000,1,Hardware: Independent Flip,1.51840000000000,22.27390000000000,1.56090000000000,20.75550000000000,1.45980000000000,0.05860000000000,0.00000000000000
mpc-hc64.exe,72700,0x0000000003C79400,DXGI,0,512,0,16.90364550000000,0.13450000000000,42.25320000000000,1,Hardware: Independent Flip,1.63610000000000,13.87180000000000,33.85110000000000,12.23570000000000,-40.73480000000000,13.26160000000000,0.00000000000000
mpc-hc64.exe,72700,0x0000000003C79400,DXGI,0,512,0,16.90383590000000,0.08380000000000,0.19040000000000,1,Hardware: Independent Flip,2.11080000000000,13.68140000000000,0.00000000000000,11.57060000000000,1.44570000000000,0.66510000000000,0.00000000000000
mpc-hc64.exe,72700,0x0000000003C79400,DXGI,0,512,0,16.94479080000000,0.15100000000000,40.95490000000000,1,Hardware: Independent Flip,1.71510000000000,1.71510000000000,28.98860000000000,0.00000000000000,-38.84410000000000,13.73570000000000,0.00000000000000
mpc-hc64.exe,72700,0x0000000003C79400,DXGI,0,512,0,16.94499670000000,0.08280000000000,0.20590000000000,1,Hardware: Independent Flip,1.72430000000000,21.87440000000000,20.36520000000000,20.15010000000000,1.50920000000000,0.21510000000000,0.00000000000000
mpc-hc64.exe,72700,0x0000000003C79400,DXGI,0,512,0,16.98636400000000,0.14150000000000,41.36730000000000,1,Hardware: Independent Flip,1.70030000000000,1.70030000000000,21.19320000000000,0.00000000000000,-39.64300000000000,13.63350000000000,0.00000000000000
mpc-hc64.exe,72700,0x0000000003C79400,DXGI,0,512,0,16.98656010000000,0.08230000000000,0.19610000000000,1,Hardware: Independent Flip,1.57620000000000,22.19520000000000,20.69100000000000,20.61900000000000,1.50420000000000,0.07200000000000,0.00000000000000
mpc-hc64.exe,72700,0x0000000003C79400,DXGI,0,512,0,17.02862010000000,0.14540000000000,42.06000000000000,1,Hardware: Independent Flip,1.67720000000000,14.36400000000000,34.22880000000000,12.68680000000000,-40.48380000000000,13.44310000000000,0.00000000000000
mpc-hc64.exe,72700,0x0000000003C79400,DXGI,0,512,0,17.02881810000000,0.08030000000000,0.19800000000000,1,Hardware: Independent Flip,1.53910000000000,22.56090000000000,8.39490000000000,21.02180000000000,1.47920000000000,0.05990000000000,0.00000000000000
mpc-hc64.exe,72700,0x0000000003C79400,DXGI,0,512,0,17.06948780000000,0.13370000000000,40.66970000000000,1,Hardware: Independent Flip,1.67980000000000,1.67980000000000,19.78860000000000,0.00000000000000,-39.13060000000000,13.83170000000000,0.00000000000000
mpc-hc64.exe,72700,0x0000000003C79400,DXGI,0,512,0,17.06967610000000,0.08180000000000,0.18830000000000,1,Hardware: Independent Flip,1.56790000000000,21.93040000000000,20.43890000000000,20.36250000000000,1.49150000000000,0.07640000000000,0.00000000000000
mpc-hc64.exe,72700,0x0000000003C79400,DXGI,0,512,0,17.11164710000000,0.29530000000000,41.97100000000000,1,Hardware: Independent Flip,1.65990000000000,20.66170000000000,40.70230000000000,19.00180000000000,-40.40310000000000,14.05400000000000,0.00000000000000
mpc-hc64.exe,72700,0x0000000003C79400,DXGI,0,512,0,17.11204230000000,0.10810000000000,0.39520000000000,1,Hardware: Independent Flip,1.32720000000000,22.30400000000000,2.03750000000000,20.97680000000000,1.26470000000000,0.06250000000000,0.00000000000000
mpc-hc64.exe,72700,0x0000000003C79400,DXGI,0,512,0,17.15415190000000,0.18970000000000,42.10960000000000,1,Hardware: Independent Flip,1.52370000000000,7.62510000000000,27.43070000000000,6.10140000000000,-40.78240000000000,15.02500000000000,0.00000000000000
mpc-hc64.exe,72700,0x0000000003C79400,DXGI,0,512,0,17.15442740000000,0.14670000000000,0.27550000000000,1,Hardware: Independent Flip,1.31120000000000,22.40920000000000,15.05960000000000,21.09800000000000,1.24820000000000,0.06150000000000,0.00000000000000
mpc-hc64.exe,72700,0x0000000003C79400,DXGI,0,512,0,17.19496750000000,0.16620000000000,40.54010000000000,1,Hardware: Independent Flip,1.64820000000000,14.26150000000000,32.39240000000000,12.61330000000000,-39.22890000000000,15.75980000000000,0.00000000000000
mpc-hc64.exe,72700,0x0000000003C79400,DXGI,0,512,0,17.19519100000000,0.08740000000000,0.22350000000000,1,Hardware: Independent Flip,1.51320000000000,21.89890000000000,7.86090000000000,20.38570000000000,1.42470000000000,0.08850000000000,0.00000000000000
mpc-hc64.exe,72700,0x0000000003C79400,DXGI,0,512,0,17.23632840000000,0.15370000000000,41.13740000000000,1,Hardware: Independent Flip,1.74380000000000,21.02140000000000,40.25990000000000,19.27760000000000,-39.62420000000000,14.02020000000000,0.00000000000000
mpc-hc64.exe,72700,0x0000000003C79400,DXGI,0,512,0,17.23653730000000,0.08280000000000,0.20890000000000,1,Hardware: Independent Flip,1.61550000000000,22.25000000000000,1.43750000000000,20.63450000000000,1.53490000000000,0.08060000000000,0.00000000000000
mpc-hc64.exe,72700,0x0000000003C79400,DXGI,0,512,0,17.27839500000000,0.14310000000000,41.85770000000000,1,Hardware: Independent Flip,1.68970000000000,21.06660000000000,40.67430000000000,19.37690000000000,-40.24220000000000,14.22240000000000,0.00000000000000
mpc-hc64.exe,72700,0x0000000003C79400,DXGI,0,512,0,17.27860700000000,0.08470000000000,0.21200000000000,1,Hardware: Independent Flip,1.55750000000000,22.47620000000000,1.62160000000000,20.91870000000000,1.47770000000000,0.07980000000000,0.00000000000000
mpc-hc64.exe,72700,0x0000000003C79400,DXGI,0,512,0,17.31956230000000,0.12860000000000,40.95530000000000,1,Hardware: Independent Flip,1.73540000000000,20.88820000000000,39.36730000000000,19.15280000000000,-39.39780000000000,13.97280000000000,0.00000000000000
mpc-hc64.exe,72700,0x0000000003C79400,DXGI,0,512,0,17.31974450000000,0.08110000000000,0.18220000000000,1,Hardware: Independent Flip,1.63730000000000,22.15650000000000,1.45050000000000,20.51920000000000,1.55320000000000,0.08410000000000,0.00000000000000
mpc-hc64.exe,72700,0x0000000003C79400,DXGI,0,512,0,17.36153520000000,0.15260000000000,41.79070000000000,1,Hardware: Independent Flip,1.67490000000000,21.06880000000000,40.70300000000000,19.39390000000000,-40.15340000000000,14.13680000000000,0.00000000000000
mpc-hc64.exe,72700,0x0000000003C79400,DXGI,0,512,0,17.36174310000000,0.08230000000000,0.20790000000000,1,Hardware: Independent Flip,1.53350000000000,22.39300000000000,1.53210000000000,20.85950000000000,1.46700000000000,0.06650000000000,0.00000000000000
mpc-hc64.exe,72700,0x0000000003C79400,DXGI,0,512,0,17.40295650000000,0.13770000000000,41.21340000000000,1,Hardware: Independent Flip,1.63710000000000,21.23340000000000,40.05380000000000,19.59630000000000,-39.67990000000000,14.11460000000000,0.00000000000000
mpc-hc64.exe,72700,0x0000000003C79400,DXGI,0,512,0,17.40314730000000,0.08100000000000,0.19080000000000,1,Hardware: Independent Flip,1.51930000000000,22.13510000000000,1.09250000000000,20.61580000000000,1.44630000000000,0.07300000000000,0.00000000000000
mpc-hc64.exe,72700,0x0000000003C79400,DXGI,0,512,0,17.44461400000000,0.15590000000000,41.46670000000000,1,Hardware: Independent Flip,1.65530000000000,1.65530000000000,20.98690000000000,0.00000000000000,-39.94740000000000,14.11140000000000,0.00000000000000
mpc-hc64.exe,72700,0x0000000003C79400,DXGI,0,512,0,17.44482830000000,0.08470000000000,0.21430000000000,1,Hardware: Independent Flip,1.52270000000000,22.27710000000000,20.83610000000000,20.75440000000000,1.44100000000000,0.08170000000000,0.00000000000000
mpc-hc64.exe,72700,0x0000000003C79400,DXGI,0,512,0,17.48685230000000,0.13350000000000,42.02400000000000,1,Hardware: Independent Flip,2.03670000000000,14.50030000000000,34.24720000000000,12.46360000000000,-40.50130000000000,14.75980000000000,0.00000000000000
mpc-hc64.exe,72700,0x0000000003C79400,DXGI,0,512,0,17.48705350000000,0.08670000000000,0.20120000000000,1,Hardware: Independent Flip,1.89540000000000,23.11260000000000,8.81350000000000,21.21720000000000,1.83550000000000,0.05990000000000,0.00000000000000
mpc-hc64.exe,72700,0x0000000003C79400,DXGI,0,512,0,17.52827370000000,0.15610000000000,41.22020000000001,1,Hardware: Independent Flip,1.67240000000000,8.69210000000000,26.79970000000000,7.01970000000000,-39.32480000000000,13.70970000000000,0.00000000000000
mpc-hc64.exe,72700,0x0000000003C79400,DXGI,0,512,0,17.52848410000000,0.08490000000000,0.21040000000000,1,Hardware: Independent Flip,1.52750000000000,21.96480000000000,13.48310000000000,20.43730000000000,1.46200000000000,0.06550000000000,0.00000000000000
mpc-hc64.exe,72700,0x0000000003C79400,DXGI,0,512,0,17.56975470000000,0.12620000000000,41.27060000000000,1,Hardware: Independent Flip,1.68800000000000,1.68800000000000,20.99380000000000,0.00000000000000,-39.74310000000001,14.25760000000000,0.00000000000000
mpc-hc64.exe,72700,0x0000000003C79400,DXGI,0,512,0,17.56993300000000,0.18630000000000,0.17830000000000,1,Hardware: Independent Flip,1.58770000000000,22.25860000000000,20.74890000000000,20.67090000000000,1.50970000000000,0.07800000000000,0.00000000000000
mpc-hc64.exe,72700,0x0000000003C79400,DXGI,0,512,0,17.61151690000000,0.20970000000000,41.58390000000000,1,Hardware: Independent Flip,1.69500000000000,1.69500000000000,21.02030000000000,0.00000000000000,-39.99620000000000,14.30800000000000,0.00000000000000
mpc-hc64.exe,72700,0x0000000003C79400,DXGI,0,512,0,17.61179230000000,0.15830000000000,0.27540000000000,1,Hardware: Independent Flip,1.49590000000000,22.28190000000000,20.86230000000000,20.78600000000000,1.41960000000000,0.07630000000000,0.00000000000000
mpc-hc64.exe,72700,0x0000000003C79400,DXGI,0,512,0,17.65311480000000,0.12710000000000,41.32250000000001,1,Hardware: Independent Flip,1.68100000000000,1.68100000000000,20.72160000000000,0.00000000000000,-39.82660000000000,14.17940000000000,0.00000000000000
mpc-hc64.exe,72700,0x0000000003C79400,DXGI,0,512,0,17.65329260000000,0.08100000000000,0.17780000000000,1,Hardware: Independent Flip,1.57630000000000,22.27390000000000,20.77070000000000,20.69760000000000,1.50320000000000,0.07310000000000,0.00000000000000
mpc-hc64.exe,72700,0x0000000003C79400,DXGI,0,512,0,17.69479480000000,0.15760000000000,41.50220000000000,1,Hardware: Independent Flip,1.65770000000000,14.29890000000000,33.52720000000000,12.64120000000000,-39.92590000000000,14.15270000000000,0.00000000000000
mpc-hc64.exe,72700,0x0000000003C79400,DXGI,0,512,0,17.69500880000000,0.08390000000000,0.21400000000000,1,Hardware: Independent Flip,1.52950000000000,22.26770000000000,8.18280000000000,20.73820000000000,1.44370000000000,0.08580000000000,0.00000000000000
mpc-hc64.exe,72700,0x0000000003C79400,DXGI,0,512,0,17.73643480000000,0.13120000000000,41.42600000000000,1,Hardware: Independent Flip,1.72040000000000,1.72040000000000,20.87870000000000,0.00000000000000,-39.89650000000000,14.34390000000000,0.00000000000000
mpc-hc64.exe,72700,0x0000000003C79400,DXGI,0,512,0,17.73662180000000,0.09150000000000,0.18700000000000,1,Hardware: Independent Flip,1.61560000000000,22.37880000000000,20.84540000000000,20.76320000000000,1.53340000000000,0.08220000000000,0.00000000000000
mpc-hc64.exe,72700,0x0000000003C79400,DXGI,0,512,0,17.77850540000000,0.15010000000000,41.88360000000000,1,Hardware: Independent Flip,1.63490000000000,1.63490000000000,21.13970000000000,0.00000000000000,-40.26800000000000,13.92980000000000,0.00000000000000
mpc-hc64.exe,72700,0x0000000003C79400,DXGI,0,512,0,17.77870490000000,0.07250000000000,0.19950000000000,1,Hardware: Independent Flip,1.50130000000000,22.39610000000000,20.96070000000000,20.89480000000000,1.43540000000000,0.06590000000000,0.00000000000000
mpc-hc64.exe,72700,0x0000000003C79400,DXGI,0,512,0,17.82093370000000,0.12750000000000,42.22880000000000,1,Hardware: Independent Flip,2.16060000000000,21.77280000000000,41.60550000000000,19.61220000000000,-40.72750000000000,15.95640000000000,0.00000000000000
mpc-hc64.exe,72700,0x0000000003C79400,DXGI,0,512,0,17.82111620000000,0.21200000000000,0.18250000000000,1,Hardware: Independent Flip,2.04770000000000,23.43580000000000,1.84550000000000,21.38810000000000,1.97810000000000,0.06960000000000,0.00000000000000
mpc-hc64.exe,72700,0x0000000003C79400,DXGI,0,512,0,17.86146400000000,0.15670000000000,40.34780000000000,1,Hardware: Independent Flip,1.73430000000000,1.73430000000000,18.64630000000000,0.00000000000000,-38.30010000000000,13.90340000000000,0.00000000000000
mpc-hc64.exe,72700,0x0000000003C79400,DXGI,0,512,0,17.86167570000000,0.08550000000000,0.21170000000000,1,Hardware: Independent Flip,1.58370000000000,21.54240000000000,20.01980000000000,19.95870000000000,1.52260000000000,0.06110000000000,0.00000000000000
mpc-hc64.exe,72700,0x0000000003C79400,DXGI,0,512,0,17.90375660000000,0.14990000000000,42.08090000000000,1,Hardware: Independent Flip,1.64580000000000,20.34410000000000,40.88260000000000,18.69830000000000,-40.49720000000000,13.27080000000000,0.00000000000000
mpc-hc64.exe,72700,0x0000000003C79400,DXGI,0,512,0,17.90396090000000,0.07800000000000,0.20430000000000,1,Hardware: Independent Flip,1.75270000000000,22.66150000000000,2.52170000000000,20.90880000000000,1.44150000000000,0.31120000000000,0.00000000000000
mpc-hc64.exe,72700,0x0000000003C79400,DXGI,0,512,0,17.94474870000000,0.14690000000000,40.78780000000000,1,Hardware: Independent Flip,1.73800000000000,15.59330000000000,33.71960000000000,13.85530000000000,-39.03510000000000,13.92550000000000,0.00000000000000
mpc-hc64.exe,72700,0x0000000003C79400,DXGI,0,512,0,17.94495020000000,0.08010000000000,0.20150000000000,1,Hardware: Independent Flip,1.62250000000000,21.96010000000000,6.56830000000000,20.33760000000000,1.53650000000000,0.08600000000000,0.00000000000000
mpc-hc64.exe,72700,0x0000000003C79400,DXGI,0,512,0,17.98669530000000,0.13150000000000,41.74510000000000,1,Hardware: Independent Flip,1.70540000000000,1.70540000000000,21.49040000000000,0.00000000000000,-40.12260000000000,14.23810000000000,0.00000000000000
mpc-hc64.exe,72700,0x0000000003C79400,DXGI,0,512,0,17.98687810000000,0.08090000000000,0.18280000000000,1,Hardware: Independent Flip,1.58360000000000,22.44430000000000,20.92170000000000,20.86070000000000,1.52260000000000,0.06100000000000,0.00000000000000
mpc-hc64.exe,72700,0x0000000003C79400,DXGI,0,512,0,18.02817140000000,0.14830000000000,41.29330000000000,1,Hardware: Independent Flip,1.70750000000000,1.70750000000000,20.55650000000000,0.00000000000000,-39.70970000000001,14.26100000000000,0.00000000000000
mpc-hc64.exe,72700,0x0000000003C79400,DXGI,0,512,0,18.02837390000000,0.08320000000000,0.20250000000000,1,Hardware: Independent Flip,1.72430000000000,22.30270000000000,20.79770000000000,20.57840000000000,1.50500000000000,0.21930000000000,0.00000000000000
mpc-hc64.exe,72700,0x0000000003C79400,DXGI,0,512,0,18.06983890000000,0.12680000000000,41.46500000000000,1,Hardware: Independent Flip,1.67610000000000,1.67610000000000,20.83840000000000,0.00000000000000,-39.74070000000000,14.02380000000000,0.00000000000000
mpc-hc64.exe,72700,0x0000000003C79400,DXGI,0,512,0,18.07001670000000,0.08030000000000,0.17780000000000,1,Hardware: Independent Flip,1.57200000000000,22.23910000000000,20.74080000000000,20.66710000000000,1.49830000000000,0.07370000000000,0.00000000000000
mpc-hc64.exe,72700,0x0000000003C79400,DXGI,0,512,0,18.11194870000000,0.15870000000000,41.93200000000000,1,Hardware: Independent Flip,1.69380000000000,1.69380000000000,21.38670000000000,0.00000000000000,-40.36000000000000,14.00140000000000,0.00000000000000
mpc-hc64.exe,72700,0x0000000003C79400,DXGI,0,512,0,18.11216320000000,0.08270000000000,0.21450000000000,1,Hardware: Independent Flip,1.54370000000000,22.51500000000000,21.03570000000000,20.97130000000000,1.47930000000000,0.06440000000000,0.00000000000000
mpc-hc64.exe,72700,0x0000000003C79400,DXGI,0,512,0,18.15354050000000,0.18780000000000,41.37730000000001,1,Hardware: Independent Flip,1.70160000000000,1.70160000000000,20.56390000000000,0.00000000000000,-39.83360000000000,14.41990000000000,0.00000000000000
mpc-hc64.exe,72700,0x0000000003C79400,DXGI,0,512,0,18.15378610000000,0.09230000000000,0.24560000000000,1,Hardware: Independent Flip,1.53320000000000,22.23260000000000,20.77660000000000,20.69940000000000,1.45600000000000,0.07720000000000,0.00000000000000
mpc-hc64.exe,72700,0x0000000003C79400,DXGI,0,512,0,18.19470010000000,0.15280000000000,40.91400000000000,1,Hardware: Independent Flip,1.75630000000000,1.75630000000000,20.43770000000000,0.00000000000000,-39.38080000000000,14.28870000000000,0.00000000000000
mpc-hc64.exe,72700,0x0000000003C79400,DXGI,0,512,0,18.19490890000000,0.08600000000000,0.20880000000000,1,Hardware: Independent Flip,1.62140000000000,22.14740000000000,20.59990000000000,20.52600000000000,1.54750000000000,0.07390000000000,0.00000000000000
mpc-hc64.exe,72700,0x0000000003C79400,DXGI,0,512,0,18.23659700000000,0.13970000000000,41.68810000000000,1,Hardware: Independent Flip,1.69420000000000,1.69420000000000,21.23490000000000,0.00000000000000,-40.06670000000000,14.20690000000000,0.00000000000000
mpc-hc64.exe,72700,0x0000000003C79400,DXGI,0,512,0,18.23679210000000,0.08270000000000,0.19510000000000,1,Hardware: Independent Flip,1.57030000000000,22.39100000000000,20.89190000000000,20.82070000000000,1.49910000000000,0.07120000000000,0.00000000000000
mpc-hc64.exe,72700,0x0000000003C79400,DXGI,0,512,0,18.27817530000000,0.14950000000000,41.38320000000000,1,Hardware: Independent Flip,1.70510000000000,1.70510000000000,20.69730000000000,0.00000000000000,-39.81290000000000,14.15970000000000,0.00000000000000
mpc-hc64.exe,72700,0x0000000003C79400,DXGI,0,512,0,18.27838100000000,0.08360000000000,0.20570000000000,1,Hardware: Independent Flip,1.58330000000000,22.29310000000000,20.79370000000000,20.70980000000000,1.49940000000000,0.08390000000000,0.00000000000000
mpc-hc64.exe,72700,0x0000000003C79400,DXGI,0,512,0,18.32025080000000,0.14930000000000,41.86980000000001,1,Hardware: Independent Flip,1.72110000000000,1.72110000000000,21.29780000000000,0.00000000000000,-40.28650000000000,14.57050000000000,0.00000000000000
mpc-hc64.exe,72700,0x0000000003C79400,DXGI,0,512,0,18.32045210000000,0.08200000000000,0.20130000000000,1,Hardware: Independent Flip,1.57880000000000,22.53280000000000,21.01300000000000,20.95400000000000,1.51980000000000,0.05900000000000,0.00000000000000
mpc-hc64.exe,72700,0x0000000003C79400,DXGI,0,512,0,18.36178160000000,0.16740000000000,41.32950000000000,1,Hardware: Independent Flip,2.03970000000000,22.25690000000000,41.05360000000000,20.21720000000000,-39.75070000000000,14.82990000000000,0.00000000000000
mpc-hc64.exe,72700,0x0000000003C79400,DXGI,0,512,0,18.36200600000000,0.08780000000000,0.22440000000000,1,Hardware: Independent Flip,1.87570000000000,22.71770000000000,0.68520000000000,20.84200000000000,1.81530000000000,0.06040000000000,0.00000000000000
mpc-hc64.exe,72700,0x0000000003C79400,DXGI,0,512,0,18.40322600000000,0.14550000000000,41.22000000000000,1,Hardware: Independent Flip,1.68160000000000,20.93760000000000,39.43990000000000,19.25600000000000,-39.34430000000000,14.07100000000000,0.00000000000000
mpc-hc64.exe,72700,0x0000000003C79400,DXGI,0,512,0,18.40343120000000,0.08900000000000,0.20520000000000,1,Hardware: Independent Flip,1.55790000000000,22.02080000000000,1.28840000000000,20.46290000000000,1.47640000000000,0.08150000000000,0.00000000000000
mpc-hc64.exe,72700,0x0000000003C79400,DXGI,0,512,0,18.44489770000000,0.14850000000000,41.46650000000000,1,Hardware: Independent Flip,1.67720000000000,1.67720000000000,21.12290000000000,0.00000000000000,-39.90860000000000,14.14500000000000,0.00000000000000
mpc-hc64.exe,72700,0x0000000003C79400,DXGI,0,512,0,18.44510030000000,0.07640000000000,0.20260000000000,1,Hardware: Independent Flip,1.54910000000000,22.29840000000000,20.82380000000000,20.74930000000000,1.47460000000000,0.07450000000000,0.00000000000000
mpc-hc64.exe,72700,0x0000000003C79400,DXGI,0,512,0,18.48692920000000,0.12970000000000,41.82890000000000,1,Hardware: Independent Flip,1.68510000000000,21.30130000000000,40.83180000000000,19.61620000000000,-40.27980000000000,14.63760000000000,0.00000000000000
mpc-hc64.exe,72700,0x0000000003C79400,DXGI,0,512,0,18.48711390000000,0.08170000000000,0.18470000000000,1,Hardware: Independent Flip,1.57520000000000,22.51230000000000,1.39570000000000,20.93710000000000,1.50040000000000,0.07480000000000,0.00000000000000
mpc-hc64.exe,72700,0x0000000003C79400,DXGI,0,512,0,18.52818880000000,0.15050000000000,41.07490000000000,1,Hardware: Independent Flip,1.68240000000000,21.90860000000000,40.47120000000000,20.22620000000000,-39.49970000000000,14.20140000000000,0.00000000000000
mpc-hc64.exe,72700,0x0000000003C79400,DXGI,0,512,0,18.52839340000000,0.10660000000000,0.20460000000000,1,Hardware: Independent Flip,1.55510000000000,22.10120000000000,0.39720000000000,20.54610000000000,1.47780000000000,0.07730000000000,0.00000000000000
mpc-hc64.exe,72700,0x0000000003C79400,DXGI,0,512,0,18.57010600000000,0.16070000000000,41.71260000000000,1,Hardware: Independent Flip,1.69770000000000,1.69770000000000,21.30910000000000,0.00000000000000,-40.15750000000000,14.34260000000000,0.00000000000000
mpc-hc64.exe,72700,0x0000000003C79400,DXGI,0,512,0,18.57031980000000,0.08000000000000,0.21380000000000,1,Hardware: Independent Flip,1.54750000000000,22.41300000000000,20.92910000000000,20.86550000000000,1.48390000000000,0.06360000000000,0.00000000000000
mpc-hc64.exe,72700,0x0000000003C79400,DXGI,0,512,0,18.61157870000000,0.14970000000000,41.25890000000000,1,Hardware: Independent Flip,1.67780000000000,1.67780000000000,20.52370000000000,0.00000000000000,-39.71140000000000,14.12740000000000,0.00000000000000
mpc-hc64.exe,72700,0x0000000003C79400,DXGI,0,512,0,18.61178430000000,0.08420000000000,0.20560000000000,1,Hardware: Independent Flip,1.55750000000000,22.20350000000000,20.73130000000000,20.64600000000000,1.47220000000000,0.08530000000000,0.00000000000000
mpc-hc64.exe,72700,0x0000000003C79400,DXGI,0,512,0,18.65421940000000,0.13340000000000,42.43510000000000,1,Hardware: Independent Flip,2.51600000000000,2.51600000000000,22.74760000000000,0.00000000000000,-40.87760000000000,14.81590000000000,0.00000000000000
mpc-hc64.exe,72700,0x0000000003C79400,DXGI,0,512,0,18.65440820000000,0.18340000000000,0.18880000000000,1,Hardware: Independent Flip,2.41210000000000,24.06040000000000,21.73320000000000,21.64830000000000,2.32720000000000,0.08200000000000,0.00000000000000
mpc-hc64.exe,72700,0x0000000003C79400,DXGI,0,512,0,18.69521070000000,0.16400000000000,40.80250000000000,1,Hardware: Independent Flip,1.72430000000000,17.29550000000000,34.03760000000000,15.57120000000000,-38.39040000000000,13.72660000000000,0.00000000000000
mpc-hc64.exe,72700,0x0000000003C79400,DXGI,0,512,0,18.69544040000000,0.10290000000000,0.22970000000000,1,Hardware: Independent Flip,1.57570000000000,21.58430000000000,4.51850000000000,20.00860000000000,1.49460000000000,0.08110000000000,0.00000000000000
mpc-hc64.exe,72700,0x0000000003C79400,DXGI,0,512,0,18.73653010000000,0.13260000000000,41.08970000000000,1,Hardware: Independent Flip,1.70910000000000,1.70910000000000,21.21450000000000,0.00000000000000,-39.51400000000000,14.17630000000000,0.00000000000000
mpc-hc64.exe,72700,0x0000000003C79400,DXGI,0,512,0,18.73671880000000,0.10110000000000,0.18870000000000,1,Hardware: Independent Flip,1.59870000000000,22.16500000000000,20.64460000000000,20.56630000000000,1.52040000000000,0.07830000000000,0.00000000000000
mpc-hc64.exe,72700,0x0000000003C79400,DXGI,0,512,0,18.78323960000000,0.14850000000000,46.52080000000000,1,Hardware: Independent Flip,1.67360000000000,21.16950000000000,45.52530000000000,19.49590000000000,-44.92210000000000,14.04220000000000,0.00000000000000
mpc-hc64.exe,72700,0x0000000003C79400,DXGI,0,512,0,18.78344360000000,0.08490000000000,0.20400000000000,1,Hardware: Independent Flip,1.54000000000000,24.79750000000000,3.83200000000000,23.25750000000000,1.46960000000000,0.07040000000000,0.00000000000000
mpc-hc64.exe,72700,0x0000000003C79400,DXGI,0,512,0,18.82006180000000,0.13030000000000,36.61820000000000,1,Hardware: Independent Flip,1.70680000000000,1.70680000000000,13.52750000000000,0.00000000000000,-35.07820000000000,14.32710000000000,0.00000000000000
mpc-hc64.exe,72700,0x0000000003C79400,DXGI,0,512,0,18.82024510000000,0.08020000000000,0.18330000000000,1,Hardware: Independent Flip,1.58570000000000,19.92410000000000,18.40060000000000,18.33840000000000,1.52350000000000,0.06220000000000,0.00000000000000
mpc-hc64.exe,72700,0x0000000003C79400,DXGI,0,512,0,18.86177560000000,0.14840000000000,41.53050000000000,1,Hardware: Independent Flip,1.71110000000000,1.71110000000000,23.31750000000000,0.00000000000000,-39.94480000000000,14.25530000000000,0.00000000000000
mpc-hc64.exe,72700,0x0000000003C79400,DXGI,0,512,0,18.86197930000000,0.08380000000000,0.20370000000000,1,Hardware: Independent Flip,1.56990000000000,22.34480000000000,20.83740000000000,20.77490000000000,1.50740000000000,0.06250000000000,0.00000000000000
mpc-hc64.exe,72700,0x0000000003C79400,DXGI,0,512,0,18.90398550000000,0.13360000000000,42.00620000000000,1,Hardware: Independent Flip,2.49110000000000,2.49110000000000,22.15250000000000,0.00000000000000,-40.43630000000000,14.44460000000000,0.00000000000000
mpc-hc64.exe,72700,0x0000000003C79400,DXGI,0,512,0,18.90417230000000,0.07970000000000,0.18680000000000,1,Hardware: Independent Flip,2.37190000000000,23.79920000000000,21.49490000000000,21.42730000000000,2.30430000000000,0.06470000000000,0.00000000000000
mpc-hc64.exe,72700,0x0000000003C79400,DXGI,0,512,0,18.94527720000000,0.28970000000000,41.10490000000000,1,Hardware: Independent Flip,1.72840000000000,9.69040000000000,26.99610000000000,7.96200000000000,-38.73300000000000,14.04240000000000,0.00000000000000
mpc-hc64.exe,72700,0x0000000003C79400,DXGI,0,512,0,18.94565510000000,0.14610000000000,0.37790000000000,1,Hardware: Independent Flip,1.41880000000000,21.58940000000000,12.27690000000000,20.17060000000000,1.35050000000000,0.06830000000000,0.00000000000000
mpc-hc64.exe,72700,0x0000000003C79400,DXGI,0,512,0,18.98707690000000,0.14880000000000,41.42180000000000,1,Hardware: Independent Flip,1.71290000000000,1.71290000000000,21.54530000000000,0.00000000000000,-40.00300000000000,14.88320000000000,0.00000000000000
mpc-hc64.exe,72700,0x0000000003C79400,DXGI,0,512,0,18.98728090000000,0.08670000000000,0.20400000000000,1,Hardware: Independent Flip,1.82910000000000,22.50550000000000,20.99660000000000,20.67640000000000,1.50890000000000,0.32020000000000,0.00000000000000
mpc-hc64.exe,72700,0x0000000003C79400,DXGI,0,512,0,19.02839830000000,0.14740000000000,41.11740000000000,1,Hardware: Independent Flip,1.67330000000000,1.67330000000000,20.28520000000000,0.00000000000000,-39.28830000000000,14.11510000000000,0.00000000000000
mpc-hc64.exe,72700,0x0000000003C79400,DXGI,0,512,0,19.02860010000000,0.08480000000000,0.20180000000000,1,Hardware: Independent Flip,1.55080000000000,21.98630000000000,20.51480000000000,20.43550000000000,1.47150000000000,0.07930000000000,0.00000000000000
mpc-hc64.exe,72700,0x0000000003C79400,DXGI,0,512,0,19.07052420000000,0.14160000000000,41.92410000000000,1,Hardware: Independent Flip,1.67950000000000,21.26020000000000,41.19800000000000,19.58070000000000,-40.37330000000000,14.41760000000000,0.00000000000000
mpc-hc64.exe,72700,0x0000000003C79400,DXGI,0,512,0,19.07071890000000,0.08240000000000,0.19470000000000,1,Hardware: Independent Flip,2.22430000000000,21.06550000000000,0.00000000000000,18.84120000000000,1.48480000000000,0.69490000000000,0.00000000000000
mpc-hc64.exe,72700,0x0000000003C79400,DXGI,0,512,0,19.11199120000000,0.20770000000000,41.27230000000000,1,Hardware: Independent Flip,1.71760000000000,1.71760000000000,21.92440000000000,0.00000000000000,-39.04800000000000,13.92340000000000,0.00000000000000
mpc-hc64.exe,72700,0x0000000003C79400,DXGI,0,512,0,19.11226820000000,0.09800000000000,0.27700000000000,1,Hardware: Independent Flip,1.50380000000000,21.83160000000000,20.39100000000000,20.32780000000000,1.44060000000000,0.06320000000000,0.00000000000000
mpc-hc64.exe,72700,0x0000000003C79400,DXGI,0,512,0,19.15413430000000,0.18890000000000,41.86610000000000,1,Hardware: Independent Flip,1.70330000000000,1.70330000000000,21.73780000000000,0.00000000000000,-40.36230000000000,15.07000000000000,0.00000000000000
mpc-hc64.exe,72700,0x0000000003C79400,DXGI,0,512,0,19.15437940000000,0.10570000000000,0.24510000000000,1,Hardware: Independent Flip,1.78370000000000,22.63260000000000,21.17440000000000,20.84890000000000,1.45820000000000,0.32550000000000,0.00000000000000
mpc-hc64.exe,72700,0x0000000003C79400,DXGI,0,512,0,19.19533060000000,0.17250000000000,40.95120000000000,1,Hardware: Independent Flip,1.74250000000000,1.74250000000000,20.06110000000000,0.00000000000000,-39.16750000000000,14.34760000000000,0.00000000000000
mpc-hc64.exe,72700,0x0000000003C79400,DXGI,0,512,0,19.19555780000000,0.08330000000000,0.22720000000000,1,Hardware: Independent Flip,1.58200000000000,21.97910000000000,20.46380000000000,20.39710000000000,1.51530000000000,0.06670000000000,0.00000000000000
mpc-hc64.exe,72700,0x0000000003C79400,DXGI,0,512,0,19.23705670000000,0.23270000000000,41.49890000000000,1,Hardware: Independent Flip,1.71630000000000,1.71630000000000,21.23610000000000,0.00000000000000,-39.91690000000001,14.49320000000000,0.00000000000000
mpc-hc64.exe,72700,0x0000000003C79400,DXGI,0,512,0,19.23735280000000,0.09710000000000,0.29610000000000,1,Hardware: Independent Flip,1.49050000000000,22.24400000000000,20.82380000000000,20.75350000000000,1.42020000000000,0.07030000000000,0.00000000000000
mpc-hc64.exe,72700,0x0000000003C79400,DXGI,0,512,0,19.27890490000000,0.19440000000000,41.55210000000000,1,Hardware: Independent Flip,1.71800000000000,14.34290000000000,33.65100000000000,12.62490000000000,-40.06160000000000,14.80130000000000,0.00000000000000
mpc-hc64.exe,72700,0x0000000003C79400,DXGI,0,512,0,19.27915640000000,0.08810000000000,0.25150000000000,1,Hardware: Independent Flip,1.53110000000000,22.36080000000000,8.26940000000000,20.82970000000000,1.46650000000000,0.06460000000000,0.00000000000000
mpc-hc64.exe,72700,0x0000000003C79400,DXGI,0,512,0,19.32067970000000,0.15950000000000,41.52330000000000,1,Hardware: Independent Flip,1.71060000000000,1.71060000000000,20.87310000000000,0.00000000000000,-39.99220000000000,14.90180000000000,0.00000000000000
mpc-hc64.exe,72700,0x0000000003C79400,DXGI,0,512,0,19.32089490000000,0.08410000000000,0.21520000000000,1,Hardware: Independent Flip,1.80410000000000,22.48000000000000,20.98460000000000,20.67590000000000,1.49540000000000,0.30870000000000,0.00000000000000
mpc-hc64.exe,72700,0x0000000003C79400,DXGI,0,512,0,19.36191230000000,0.15710000000000,41.01740000000000,1,Hardware: Independent Flip,1.72640000000000,1.72640000000000,20.26380000000000,0.00000000000000,-39.21330000000000,14.37530000000000,0.00000000000000
mpc-hc64.exe,72700,0x0000000003C79400,DXGI,0,512,0,19.36212660000000,0.08630000000000,0.21430000000000,1,Hardware: Independent Flip,1.57700000000000,21.99240000000000,20.48030000000000,20.41540000000000,1.51210000000000,0.06490000000000,0.00000000000000
mpc-hc64.exe,72700,0x0000000003C79400,DXGI,0,512,0,19.40360430000000,0.19930000000000,41.47770000000000,1,Hardware: Independent Flip,1.74040000000000,1.74040000000000,21.22570000000000,0.00000000000000,-39.90070000000000,14.47620000000000,0.00000000000000
mpc-hc64.exe,72700,0x0000000003C79400,DXGI,0,512,0,19.40387220000000,0.09940000000000,0.26790000000000,1,Hardware: Independent Flip,1.53600000000000,22.29920000000000,20.82670000000000,20.76320000000000,1.47250000000000,0.06350000000000,0.00000000000000
mpc-hc64.exe,72700,0x0000000003C79400,DXGI,0,512,0,19.44585770000000,0.22460000000000,41.98550000000000,1,Hardware: Independent Flip,1.95580000000000,1.95580000000000,21.64210000000000,0.00000000000000,-40.44950000000000,14.22870000000000,0.00000000000000
mpc-hc64.exe,72700,0x0000000003C79400,DXGI,0,512,0,19.44614630000000,0.15690000000000,0.28860000000000,1,Hardware: Independent Flip,2.09640000000000,2.09640000000000,0.42920000000000,0.00000000000000,1.66720000000000,0.42920000000000,0.00000000000000
mpc-hc64.exe,72700,0x0000000003C79400,DXGI,0,512,0,19.48663610000000,0.13930000000000,40.48980000000000,1,Hardware: Independent Flip,1.69240000000000,1.69240000000000,40.08580000000000,0.00000000000000,-38.39340000000000,13.81500000000000,0.00000000000000
mpc-hc64.exe,72700,0x0000000003C79400,DXGI,0,512,0,19.48683150000000,0.09250000000000,0.19540000000000,1,Hardware: Independent Flip,1.56500000000000,21.54890000000000,20.05190000000000,19.98390000000000,1.49700000000000,0.06800000000000,0.00000000000000
mpc-hc64.exe,72700,0x0000000003C79400,DXGI,0,512,0,19.52947110000000,0.24970000000000,42.63960000000000,1,Hardware: Independent Flip,1.70150000000000,1.70150000000000,22.79220000000000,0.00000000000000,-41.07460000000000,14.76560000000000,0.00000000000000
mpc-hc64.exe,72700,0x0000000003C79400,DXGI,0,512,0,19.52978970000000,0.09480000000000,0.31860000000000,1,Hardware: Independent Flip,1.68220000000000,22.90340000000000,21.52050000000000,21.22120000000000,1.38290000000000,0.29930000000000,0.00000000000000
mpc-hc64.exe,72700,0x0000000003C79400,DXGI,0,512,0,19.57009360000000,0.25580000000000,40.30390000000000,1,Hardware: Independent Flip,1.65080000000000,8.64770000000000,26.04820000000000,6.99690000000000,-38.62170000000000,14.08170000000000,0.00000000000000
mpc-hc64.exe,72700,0x0000000003C79400,DXGI,0,512,0,19.57042970000000,0.13320000000000,0.33610000000000,1,Hardware: Independent Flip,1.39300000000000,21.45650000000000,13.14490000000000,20.06350000000000,1.31470000000000,0.07830000000000,0.00000000000000
mpc-hc64.exe,72700,0x0000000003C79400,DXGI,0,512,0,19.61199920000000,0.21960000000000,41.56950000000001,1,Hardware: Independent Flip,1.65800000000000,1.65800000000000,21.77100000000000,0.00000000000000,-40.17650000000000,14.74570000000000,0.00000000000000
mpc-hc64.exe,72700,0x0000000003C79400,DXGI,0,512,0,19.61230780000000,0.13690000000000,0.30860000000000,1,Hardware: Independent Flip,1.41970000000000,22.27400000000000,20.92460000000000,20.85430000000000,1.34940000000000,0.07030000000000,0.00000000000000
mpc-hc64.exe,72700,0x0000000003C79400,DXGI,0,512,0,19.65401010000000,0.19870000000000,41.70230000000000,1,Hardware: Independent Flip,1.23530000000000,6.94290000000000,26.37120000000000,5.70760000000000,-40.28260000000000,14.52820000000000,0.00000000000000
mpc-hc64.exe,72700,0x0000000003C79400,DXGI,0,512,0,19.65427110000000,0.10040000000000,0.26100000000000,1,Hardware: Independent Flip,1.04870000000000,21.74500000000000,15.06310000000000,20.69630000000000,0.97430000000000,0.07270000000000,0.00000000000000
mpc-hc64.exe,72700,0x0000000003C79400,DXGI,0,512,0,19.69508540000000,0.16210000000000,40.81430000000000,1,Hardware: Independent Flip,2.01510000000000,2.01510000000000,21.08440000000000,0.00000000000000,-39.76560000000000,16.07980000000000,0.00000000000000
mpc-hc64.exe,72700,0x0000000003C79400,DXGI,0,512,0,19.69530590000000,0.08890000000000,0.22050000000000,1,Hardware: Independent Flip,2.09740000000000,22.82810000000000,21.03350000000000,20.73070000000000,1.79460000000000,0.30280000000000,0.00000000000000
mpc-hc64.exe,72700,0x0000000003C79400,DXGI,0,512,0,19.73688030000000,0.18840000000000,41.57440000000000,1,Hardware: Independent Flip,1.61280000000000,1.61280000000000,20.35910000000000,0.00000000000000,-39.47700000000000,13.15700000000000,0.00000000000000
mpc-hc64.exe,72700,0x0000000003C79400,DXGI,0,512,0,19.73717610000000,0.09800000000000,0.29580000000000,1,Hardware: Independent Flip,1.38090000000000,21.87520000000000,20.55820000000000,20.49430000000000,1.31700000000000,0.06390000000000,0.00000000000000
mpc-hc64.exe,72700,0x0000000003C79400,DXGI,0,512,0,19.77922940000000,0.18590000000000,42.05330000000000,1,Hardware: Independent Flip,2.43750000000000,14.99060000000000,35.16870000000000,12.55310000000000,-40.67240000000000,14.23500000000000,0.00000000000000
mpc-hc64.exe,72700,0x0000000003C79400,DXGI,0,512,0,19.77947760000000,0.09040000000000,0.24820000000000,1,Hardware: Independent Flip,2.24970000000000,23.75060000000000,9.00820000000000,21.50090000000000,2.18930000000000,0.05840000000000,0.00000000000000
mpc-hc64.exe,72700,0x0000000003C79400,DXGI,0,512,0,19.81985320000000,0.13600000000000,40.37560000000000,1,Hardware: Independent Flip,1.73040000000000,1.73040000000000,18.35540000000000,0.00000000000000,-38.12590000000000,13.48330000000000,0.00000000000000
mpc-hc64.exe,72700,0x0000000003C79400,DXGI,0,512,0,19.82004420000000,0.08630000000000,0.19100000000000,1,Hardware: Independent Flip,1.60980000000000,21.48220000000000,19.94280000000000,19.87240000000000,1.53940000000000,0.07040000000000,0.00000000000000
mpc-hc64.exe,72700,0x0000000003C79400,DXGI,0,512,0,19.86164560000000,0.16550000000000,41.60140000000001,1,Hardware: Independent Flip,1.70200000000000,1.70200000000000,21.82120000000000,0.00000000000000,-39.99160000000001,14.12120000000000,0.00000000000000
mpc-hc64.exe,72700,0x0000000003C79400,DXGI,0,512,0,19.86186910000000,0.10530000000000,0.22350000000000,1,Hardware: Independent Flip,1.54340000000000,22.33360000000000,20.85510000000000,20.79020000000000,1.47850000000000,0.06490000000000,0.00000000000000
mpc-hc64.exe,72700,0x0000000003C79400,DXGI,0,512,0,19.90372850000000,0.13450000000000,41.85940000000000,1,Hardware: Independent Flip,1.69290000000000,21.23770000000000,40.76350000000000,19.54480000000000,-40.31600000000000,13.36150000000000,0.00000000000000
mpc-hc64.exe,72700,0x0000000003C79400,DXGI,0,512,0,19.90391720000000,0.08220000000000,0.18870000000000,1,Hardware: Independent Flip,1.85540000000000,22.67710000000000,1.62810000000000,20.82170000000000,1.50420000000000,0.35120000000000,0.00000000000000
mpc-hc64.exe,72700,0x0000000003C79400,DXGI,0,512,0,19.94501640000000,0.15220000000000,41.09920000000000,1,Hardware: Independent Flip,1.65670000000000,21.96580000000000,40.38790000000000,20.30910000000000,-39.24380000000000,14.10560000000000,0.00000000000000
mpc-hc64.exe,72700,0x0000000003C79400,DXGI,0,512,0,19.94522480000000,0.08460000000000,0.20840000000000,1,Hardware: Independent Flip,1.53450000000000,21.93400000000000,0.17660000000000,20.39950000000000,1.44830000000000,0.08620000000000,0.00000000000000
mpc-hc64.exe,72700,0x0000000003C79400,DXGI,0,512,0,19.98672730000000,0.14330000000000,41.50250000000000,1,Hardware: Independent Flip,1.63190000000000,20.96800000000000,40.53650000000000,19.33610000000000,-39.96800000000000,14.19600000000000,0.00000000000000
mpc-hc64.exe,72700,0x0000000003C79400,DXGI,0,512,0,19.98692460000000,0.08320000000000,0.19730000000000,1,Hardware: Independent Flip,1.51630000000000,22.26650000000000,1.49580000000000,20.75020000000000,1.43460000000000,0.08170000000000,0.00000000000000
